MQCT paths: /mmfs1/home/8101lukmani/pure-MQCT/EXAMPLES_IO/SYS_TYPE_4/MF_He/MQCT_PATHS.txt -> /mmfs1/home/8101lukmani/pure-MQCT/bin/mqct_CH3COOH_He.exe
 MPI INITIALIZED
 PARSERING OF USER INPUT
 ARRAY_INI_STARTED
 STATES_SIZE_FOUND           7
 number_of_channels           3
 jmax_included           1
 BASIS ARRAYS CREATED
ARRAYS ALLOCATION TOOK TIME, s =             0.000
 TOTAL_SIZE_OF_M =           12
  MAKING AN EQUIDIST GRID	
 NUMBER OF CPUS > SIZE OF Mij
 MATRIX_INI_STARTED
 COMPUTING THE RESIDUE OF Mij
 THE GRID INI
 Using Equidistant Grid for Angle Gamma
 nsitea read in          13
 nsitea after          13
 One-site read-in
           1           1           1   2.93739386000000                1
           2           1           1   3.73344844000000                1
 nsitea read in          13
           3           1           1   2.34764672000000                1
           4           1           1   5.55341582000000                1
           5           1           1   6.74216926000000                1
           6           1           1   3.75356318000000                1
           7           1           1   3.99479165000000                1
 nsitea after          13
 One-site read-in
           1           1           1   2.93739386000000                1
           2           1           1   3.73344844000000                1
           3           1           1   2.34764672000000                1
           4           1           1   5.55341582000000                1
           5           1           1   6.74216926000000                1
           8           1           1   3.09770535000000                1
           9           1           1   3.41957883000000                1
          10           1           1   1.87343009000000                1
           1           1           2   15.1633077000000                1
           2           1           2   16.5368464000000                1
           3           1           2   12.1982045000000                1
           4           1           2   22.2799622000000                1
           5           1           2   22.2994460000000                1
           6           1           2   13.7077381000000                1
           7           1           2   11.5986170000000                1
           8           1           2   6.73635657000000                1
           9           1           2   13.3206662000000                1
 nsitea read in          13
 nsitea after          13
 One-site read-in
 nsitea read in          13
 nsitea after          13
 One-site read-in
 nsitea read in          13
 nsitea after          13
 One-site read-in
           6           1           1   3.75356318000000                1
           7           1           1   3.99479165000000                1
           8           1           1   3.09770535000000                1
           9           1           1   3.41957883000000                1
          10           1           1   1.87343009000000                1
           1           1           2   15.1633077000000                1
           2           1           2   16.5368464000000                1
           3           1           2   12.1982045000000                1
           4           1           2   22.2799622000000                1
           5           1           2   22.2994460000000                1
           6           1           2   13.7077381000000                1
           7           1           2   11.5986170000000                1
           8           1           2   6.73635657000000                1
           9           1           2   13.3206662000000                1
          10           1           2   8.67509677000000                1
           1           1           3   22863.4604000000                0
           2           1           3   336.117635000000                0
           3           1           3   41102.7293000000                0
          10           1           2   8.67509677000000                1
           1           1           3   22863.4604000000                0
           2           1           3   336.117635000000                0
           3           1           3   41102.7293000000                0
           4           1           3   43438.5576000000                0
           5           1           3   16009.7187000000                0
           6           1           3   7703.22698000000                0
           7           1           3   2540.47106000000                0
           8           1           3  0.000000000000000E+000           0
           9           1           3  0.000000000000000E+000           0
          10           1           3  0.000000000000000E+000           0
           1           1           4   189378.374000000                0
 nsitea read in          13
 nsitea after          13
 One-site read-in
           1           1           1   2.93739386000000                1
           2           1           1   3.73344844000000                1
 nsitea read in          13
 nsitea after          13
 One-site read-in
 nsitea read in          13
 nsitea after          13
 One-site read-in
           1           1           1   2.93739386000000                1
           2           1           1   3.73344844000000                1
           3           1           1   2.34764672000000                1
           4           1           1   5.55341582000000                1
           1           1           1   2.93739386000000                1
           2           1           1   3.73344844000000                1
           3           1           1   2.34764672000000                1
           4           1           1   5.55341582000000                1
           5           1           1   6.74216926000000                1
           6           1           1   3.75356318000000                1
           7           1           1   3.99479165000000                1
           8           1           1   3.09770535000000                1
           9           1           1   3.41957883000000                1
          10           1           1   1.87343009000000                1
           1           1           2   15.1633077000000                1
           2           1           2   16.5368464000000                1
           3           1           2   12.1982045000000                1
           4           1           2   22.2799622000000                1
           5           1           2   22.2994460000000                1
           6           1           2   13.7077381000000                1
           7           1           2   11.5986170000000                1
           8           1           2   6.73635657000000                1
           9           1           2   13.3206662000000                1
          10           1           2   8.67509677000000                1
           1           1           3   22863.4604000000                0
           2           1           3   336.117635000000                0
           3           1           3   41102.7293000000                0
           1           1           1   2.93739386000000                1
           2           1           1   3.73344844000000                1
           3           1           1   2.34764672000000                1
           4           1           1   5.55341582000000                1
           5           1           1   6.74216926000000                1
           6           1           1   3.75356318000000                1
           7           1           1   3.99479165000000                1
           8           1           1   3.09770535000000                1
           9           1           1   3.41957883000000                1
          10           1           1   1.87343009000000                1
           1           1           2   15.1633077000000                1
           2           1           2   16.5368464000000                1
           3           1           2   12.1982045000000                1
           4           1           2   22.2799622000000                1
           5           1           2   22.2994460000000                1
           6           1           2   13.7077381000000                1
           7           1           2   11.5986170000000                1
           8           1           2   6.73635657000000                1
           9           1           2   13.3206662000000                1
          10           1           2   8.67509677000000                1
           1           1           3   22863.4604000000                0
           2           1           3   336.117635000000                0
           3           1           3   41102.7293000000                0
           4           1           3   43438.5576000000                0
           5           1           3   16009.7187000000                0
           6           1           3   7703.22698000000                0
           7           1           3   2540.47106000000                0
           1           1           1   2.93739386000000                1
           2           1           1   3.73344844000000                1
           3           1           1   2.34764672000000                1
           4           1           1   5.55341582000000                1
           5           1           1   6.74216926000000                1
           6           1           1   3.75356318000000                1
           7           1           1   3.99479165000000                1
           8           1           1   3.09770535000000                1
           9           1           1   3.41957883000000                1
          10           1           1   1.87343009000000                1
           1           1           2   15.1633077000000                1
           2           1           2   16.5368464000000                1
           3           1           2   12.1982045000000                1
           4           1           2   22.2799622000000                1
           5           1           2   22.2994460000000                1
           6           1           2   13.7077381000000                1
           7           1           2   11.5986170000000                1
           8           1           2   6.73635657000000                1
           9           1           2   13.3206662000000                1
          10           1           2   8.67509677000000                1
           1           1           3   22863.4604000000                0
           2           1           3   336.117635000000                0
           3           1           3   41102.7293000000                0
           4           1           3   43438.5576000000                0
           5           1           3   16009.7187000000                0
           6           1           3   7703.22698000000                0
           7           1           3   2540.47106000000                0
           8           1           3  0.000000000000000E+000           0
           4           1           3   43438.5576000000                0
           5           1           3   16009.7187000000                0
           6           1           3   7703.22698000000                0
           7           1           3   2540.47106000000                0
           8           1           3  0.000000000000000E+000           0
           9           1           3  0.000000000000000E+000           0
          10           1           3  0.000000000000000E+000           0
           1           1           4   189378.374000000                0
           2           1           4   34456.4025000000                0
           3           1           4   5.13607325000000                0
           4           1           4   60064.3250000000                0
           5           1           4   30.9761897000000                0
           6           1           4   18.8969260000000                0
           7           1           4   67292.1131000000                0
           8           1           4  0.000000000000000E+000           0
           9           1           4  0.000000000000000E+000           0
          10           1           4  0.000000000000000E+000           0
           1           1           5  0.000000000000000E+000           0
           2           1           5  0.000000000000000E+000           0
           3           1           5  0.000000000000000E+000           0
           4           1           5  0.000000000000000E+000           0
           5           1           5  0.000000000000000E+000           0
           6           1           5  0.000000000000000E+000           0
           7           1           5  0.000000000000000E+000           0
           8           1           5  0.000000000000000E+000           0
           9           1           5  0.000000000000000E+000           0
          10           1           5  0.000000000000000E+000           0
           1           1           6   2.00000000000000                0
           2           1           6   2.00000000000000                0
           2           1           4   34456.4025000000                0
           3           1           4   5.13607325000000                0
           4           1           4   60064.3250000000                0
           5           1           4   30.9761897000000                0
           6           1           4   18.8969260000000                0
           7           1           4   67292.1131000000                0
           8           1           4  0.000000000000000E+000           0
           9           1           4  0.000000000000000E+000           0
          10           1           4  0.000000000000000E+000           0
           1           1           5  0.000000000000000E+000           0
           2           1           5  0.000000000000000E+000           0
           3           1           5  0.000000000000000E+000           0
           4           1           5  0.000000000000000E+000           0
           5           1           5  0.000000000000000E+000           0
           6           1           5  0.000000000000000E+000           0
           7           1           5  0.000000000000000E+000           0
           8           1           5  0.000000000000000E+000           0
           9           1           5  0.000000000000000E+000           0
          10           1           5  0.000000000000000E+000           0
           1           1           6   2.00000000000000                0
           2           1           6   2.00000000000000                0
           3           1           6   2.00000000000000                0
           4           1           6   2.00000000000000                0
           5           1           6   2.00000000000000                0
           6           1           6   2.00000000000000                0
           7           1           6   2.00000000000000                0
           8           1           6   2.00000000000000                0
           9           1           6   2.00000000000000                0
          10           1           6   2.00000000000000                0
           1           1           7   5.98771710000000                1
           2           1           7   2.33515172000000                1
           3           1           1   2.34764672000000                1
           4           1           1   5.55341582000000                1
           5           1           1   6.74216926000000                1
           6           1           1   3.75356318000000                1
           7           1           1   3.99479165000000                1
           8           1           1   3.09770535000000                1
           9           1           1   3.41957883000000                1
          10           1           1   1.87343009000000                1
           1           1           2   15.1633077000000                1
           2           1           2   16.5368464000000                1
           3           1           2   12.1982045000000                1
           4           1           2   22.2799622000000                1
           5           1           2   22.2994460000000                1
           6           1           2   13.7077381000000                1
           7           1           2   11.5986170000000                1
           8           1           2   6.73635657000000                1
           9           1           2   13.3206662000000                1
          10           1           2   8.67509677000000                1
           1           1           3   22863.4604000000                0
           2           1           3   336.117635000000                0
           3           1           3   41102.7293000000                0
           4           1           3   43438.5576000000                0
           5           1           3   16009.7187000000                0
           6           1           3   7703.22698000000                0
           1           1           1   2.93739386000000                1
           2           1           1   3.73344844000000                1
           3           1           1   2.34764672000000                1
           4           1           1   5.55341582000000                1
           5           1           1   6.74216926000000                1
           6           1           1   3.75356318000000                1
           7           1           1   3.99479165000000                1
           8           1           1   3.09770535000000                1
           9           1           1   3.41957883000000                1
          10           1           1   1.87343009000000                1
           1           1           2   15.1633077000000                1
           2           1           2   16.5368464000000                1
           3           1           2   12.1982045000000                1
           4           1           2   22.2799622000000                1
           5           1           2   22.2994460000000                1
           6           1           2   13.7077381000000                1
           7           1           2   11.5986170000000                1
           8           1           2   6.73635657000000                1
           9           1           2   13.3206662000000                1
          10           1           2   8.67509677000000                1
           1           1           3   22863.4604000000                0
           2           1           3   336.117635000000                0
           3           1           3   41102.7293000000                0
           4           1           3   43438.5576000000                0
           5           1           1   6.74216926000000                1
           6           1           1   3.75356318000000                1
           7           1           1   3.99479165000000                1
           8           1           1   3.09770535000000                1
           9           1           1   3.41957883000000                1
          10           1           1   1.87343009000000                1
           1           1           2   15.1633077000000                1
           2           1           2   16.5368464000000                1
           3           1           2   12.1982045000000                1
           4           1           2   22.2799622000000                1
           5           1           2   22.2994460000000                1
           6           1           2   13.7077381000000                1
           7           1           2   11.5986170000000                1
           8           1           2   6.73635657000000                1
           9           1           2   13.3206662000000                1
          10           1           2   8.67509677000000                1
           1           1           3   22863.4604000000                0
           2           1           3   336.117635000000                0
           3           1           3   41102.7293000000                0
           4           1           3   43438.5576000000                0
           5           1           3   16009.7187000000                0
           6           1           3   7703.22698000000                0
           7           1           3   2540.47106000000                0
           8           1           3  0.000000000000000E+000           0
           9           1           3  0.000000000000000E+000           0
           4           1           3   43438.5576000000                0
           5           1           3   16009.7187000000                0
           6           1           3   7703.22698000000                0
           7           1           3   2540.47106000000                0
           8           1           3  0.000000000000000E+000           0
           9           1           3  0.000000000000000E+000           0
          10           1           3  0.000000000000000E+000           0
           1           1           4   189378.374000000                0
           2           1           4   34456.4025000000                0
           3           1           4   5.13607325000000                0
           4           1           4   60064.3250000000                0
           5           1           4   30.9761897000000                0
           6           1           4   18.8969260000000                0
           7           1           4   67292.1131000000                0
           8           1           4  0.000000000000000E+000           0
           9           1           4  0.000000000000000E+000           0
          10           1           4  0.000000000000000E+000           0
           1           1           5  0.000000000000000E+000           0
           2           1           5  0.000000000000000E+000           0
           3           1           5  0.000000000000000E+000           0
           4           1           5  0.000000000000000E+000           0
           5           1           5  0.000000000000000E+000           0
           6           1           5  0.000000000000000E+000           0
           7           1           5  0.000000000000000E+000           0
           8           1           3  0.000000000000000E+000           0
           9           1           3  0.000000000000000E+000           0
          10           1           3  0.000000000000000E+000           0
           1           1           4   189378.374000000                0
           2           1           4   34456.4025000000                0
           3           1           4   5.13607325000000                0
           4           1           4   60064.3250000000                0
           5           1           4   30.9761897000000                0
           6           1           4   18.8969260000000                0
           7           1           4   67292.1131000000                0
           8           1           4  0.000000000000000E+000           0
           9           1           4  0.000000000000000E+000           0
          10           1           4  0.000000000000000E+000           0
           1           1           5  0.000000000000000E+000           0
           2           1           5  0.000000000000000E+000           0
           3           1           5  0.000000000000000E+000           0
           4           1           5  0.000000000000000E+000           0
           5           1           5  0.000000000000000E+000           0
           6           1           5  0.000000000000000E+000           0
           7           1           5  0.000000000000000E+000           0
           8           1           5  0.000000000000000E+000           0
           9           1           5  0.000000000000000E+000           0
          10           1           5  0.000000000000000E+000           0
           1           1           6   2.00000000000000                0
           9           1           3  0.000000000000000E+000           0
          10           1           3  0.000000000000000E+000           0
           1           1           4   189378.374000000                0
           2           1           4   34456.4025000000                0
           3           1           4   5.13607325000000                0
           4           1           4   60064.3250000000                0
           5           1           4   30.9761897000000                0
           6           1           4   18.8969260000000                0
           7           1           4   67292.1131000000                0
           8           1           4  0.000000000000000E+000           0
           9           1           4  0.000000000000000E+000           0
          10           1           4  0.000000000000000E+000           0
           1           1           5  0.000000000000000E+000           0
           2           1           5  0.000000000000000E+000           0
           3           1           5  0.000000000000000E+000           0
           4           1           5  0.000000000000000E+000           0
           5           1           5  0.000000000000000E+000           0
           6           1           5  0.000000000000000E+000           0
           7           1           5  0.000000000000000E+000           0
           8           1           5  0.000000000000000E+000           0
           9           1           5  0.000000000000000E+000           0
          10           1           5  0.000000000000000E+000           0
           1           1           6   2.00000000000000                0
           2           1           6   2.00000000000000                0
           3           1           6   2.00000000000000                0
           4           1           6   2.00000000000000                0
           5           1           6   2.00000000000000                0
           6           1           6   2.00000000000000                0
           7           1           6   2.00000000000000                0
           8           1           6   2.00000000000000                0
           9           1           6   2.00000000000000                0
          10           1           6   2.00000000000000                0
           1           1           7   5.98771710000000                1
           2           1           7   2.33515172000000                1
           3           1           7   3.18291888000000                1
           4           1           7   3.95801928000000                1
           3           1           6   2.00000000000000                0
           4           1           6   2.00000000000000                0
           5           1           6   2.00000000000000                0
           6           1           6   2.00000000000000                0
           7           1           6   2.00000000000000                0
           8           1           6   2.00000000000000                0
           9           1           6   2.00000000000000                0
          10           1           6   2.00000000000000                0
           1           1           7   5.98771710000000                1
           2           1           7   2.33515172000000                1
           3           1           7   3.18291888000000                1
           4           1           7   3.95801928000000                1
           5           1           7   2.92431701000000                1
           6           1           7   3.10985291000000                1
           7           1           7  0.868825148000000                1
           8           1           7   2.00000000000000                0
           9           1           7   2.00000000000000                0
          10           1           7   2.00000000000000                0
           1           1           8   2.00000000000000                0
           2           1           8   2.00000000000000                0
           3           1           8   2.00000000000000                0
           4           1           8   2.00000000000000                0
           5           1           8   2.00000000000000                0
           6           1           8   2.00000000000000                0
           7           1           8   2.00000000000000                0
           8           1           8  0.000000000000000E+000           0
           9           1           8  0.000000000000000E+000           0
          10           1           8  0.000000000000000E+000           0
           1           1           9   2.00000000000000                0
           2           1           9   2.00000000000000                0
           3           1           9   2.00000000000000                0
           4           1           9   2.00000000000000                0
           5           1           9   2.00000000000000                0
           6           1           9   2.00000000000000                0
           7           1           9   2.00000000000000                0
           8           1           9  0.000000000000000E+000           0
           9           1           9  0.000000000000000E+000           0
          10           1           9  0.000000000000000E+000           0
           3           1           7   3.18291888000000                1
           4           1           7   3.95801928000000                1
           5           1           7   2.92431701000000                1
           6           1           7   3.10985291000000                1
           7           1           7  0.868825148000000                1
           8           1           7   2.00000000000000                0
           9           1           7   2.00000000000000                0
          10           1           7   2.00000000000000                0
           1           1           8   2.00000000000000                0
           2           1           8   2.00000000000000                0
           3           1           8   2.00000000000000                0
           4           1           8   2.00000000000000                0
           5           1           8   2.00000000000000                0
           6           1           8   2.00000000000000                0
           7           1           8   2.00000000000000                0
           8           1           8  0.000000000000000E+000           0
           9           1           8  0.000000000000000E+000           0
          10           1           8  0.000000000000000E+000           0
           1           1           9   2.00000000000000                0
           2           1           9   2.00000000000000                0
           3           1           9   2.00000000000000                0
           4           1           9   2.00000000000000                0
           5           1           9   2.00000000000000                0
           6           1           9   2.00000000000000                0
           7           1           9   2.00000000000000                0
           8           1           9  0.000000000000000E+000           0
           9           1           9  0.000000000000000E+000           0
          10           1           9  0.000000000000000E+000           0
           7           1           3   2540.47106000000                0
           8           1           3  0.000000000000000E+000           0
           9           1           3  0.000000000000000E+000           0
          10           1           3  0.000000000000000E+000           0
           1           1           4   189378.374000000                0
           2           1           4   34456.4025000000                0
           3           1           4   5.13607325000000                0
           4           1           4   60064.3250000000                0
           5           1           4   30.9761897000000                0
           6           1           4   18.8969260000000                0
           7           1           4   67292.1131000000                0
           8           1           4  0.000000000000000E+000           0
           9           1           4  0.000000000000000E+000           0
          10           1           4  0.000000000000000E+000           0
           1           1           5  0.000000000000000E+000           0
           2           1           5  0.000000000000000E+000           0
           3           1           5  0.000000000000000E+000           0
           4           1           5  0.000000000000000E+000           0
           5           1           5  0.000000000000000E+000           0
           6           1           5  0.000000000000000E+000           0
           7           1           5  0.000000000000000E+000           0
           8           1           5  0.000000000000000E+000           0
           9           1           5  0.000000000000000E+000           0
          10           1           5  0.000000000000000E+000           0
           1           1           6   2.00000000000000                0
           2           1           6   2.00000000000000                0
           3           1           6   2.00000000000000                0
           4           1           6   2.00000000000000                0
           5           1           6   2.00000000000000                0
           6           1           6   2.00000000000000                0
           7           1           6   2.00000000000000                0
           8           1           6   2.00000000000000                0
           9           1           6   2.00000000000000                0
          10           1           6   2.00000000000000                0
           1           1           7   5.98771710000000                1
           2           1           7   2.33515172000000                1
           3           1           7   3.18291888000000                1
           4           1           7   3.95801928000000                1
           5           1           7   2.92431701000000                1
           6           1           7   3.10985291000000                1
           5           1           3   16009.7187000000                0
           6           1           3   7703.22698000000                0
           7           1           3   2540.47106000000                0
           8           1           3  0.000000000000000E+000           0
           9           1           3  0.000000000000000E+000           0
          10           1           3  0.000000000000000E+000           0
           1           1           4   189378.374000000                0
           2           1           4   34456.4025000000                0
           3           1           4   5.13607325000000                0
           4           1           4   60064.3250000000                0
           5           1           4   30.9761897000000                0
           6           1           4   18.8969260000000                0
           7           1           4   67292.1131000000                0
           8           1           4  0.000000000000000E+000           0
           9           1           4  0.000000000000000E+000           0
          10           1           4  0.000000000000000E+000           0
           1           1           5  0.000000000000000E+000           0
           2           1           5  0.000000000000000E+000           0
           3           1           5  0.000000000000000E+000           0
           4           1           5  0.000000000000000E+000           0
           5           1           5  0.000000000000000E+000           0
           6           1           5  0.000000000000000E+000           0
           7           1           5  0.000000000000000E+000           0
           8           1           5  0.000000000000000E+000           0
           9           1           5  0.000000000000000E+000           0
          10           1           5  0.000000000000000E+000           0
           1           1           6   2.00000000000000                0
           2           1           6   2.00000000000000                0
           3           1           6   2.00000000000000                0
           4           1           6   2.00000000000000                0
           5           1           6   2.00000000000000                0
           6           1           6   2.00000000000000                0
           7           1           6   2.00000000000000                0
           8           1           6   2.00000000000000                0
           9           1           6   2.00000000000000                0
          10           1           6   2.00000000000000                0
           1           1           7   5.98771710000000                1
           2           1           7   2.33515172000000                1
           3           1           7   3.18291888000000                1
           4           1           7   3.95801928000000                1
           5           1           7   2.92431701000000                1
          10           1           3  0.000000000000000E+000           0
           1           1           4   189378.374000000                0
           2           1           4   34456.4025000000                0
           3           1           4   5.13607325000000                0
           4           1           4   60064.3250000000                0
           5           1           4   30.9761897000000                0
           6           1           4   18.8969260000000                0
           7           1           4   67292.1131000000                0
           8           1           4  0.000000000000000E+000           0
           9           1           4  0.000000000000000E+000           0
          10           1           4  0.000000000000000E+000           0
           1           1           5  0.000000000000000E+000           0
           2           1           5  0.000000000000000E+000           0
           3           1           5  0.000000000000000E+000           0
           4           1           5  0.000000000000000E+000           0
           5           1           5  0.000000000000000E+000           0
           6           1           5  0.000000000000000E+000           0
           7           1           5  0.000000000000000E+000           0
           8           1           5  0.000000000000000E+000           0
           9           1           5  0.000000000000000E+000           0
          10           1           5  0.000000000000000E+000           0
           1           1           6   2.00000000000000                0
           2           1           6   2.00000000000000                0
           3           1           6   2.00000000000000                0
           4           1           6   2.00000000000000                0
           5           1           6   2.00000000000000                0
           6           1           6   2.00000000000000                0
           7           1           6   2.00000000000000                0
           8           1           6   2.00000000000000                0
           9           1           6   2.00000000000000                0
          10           1           6   2.00000000000000                0
           1           1           7   5.98771710000000                1
           2           1           7   2.33515172000000                1
           3           1           7   3.18291888000000                1
           4           1           7   3.95801928000000                1
           5           1           7   2.92431701000000                1
           6           1           7   3.10985291000000                1
           7           1           7  0.868825148000000                1
           8           1           7   2.00000000000000                0
           9           1           7   2.00000000000000                0
           8           1           5  0.000000000000000E+000           0
           9           1           5  0.000000000000000E+000           0
          10           1           5  0.000000000000000E+000           0
           1           1           6   2.00000000000000                0
           2           1           6   2.00000000000000                0
           3           1           6   2.00000000000000                0
           4           1           6   2.00000000000000                0
           5           1           6   2.00000000000000                0
           6           1           6   2.00000000000000                0
           7           1           6   2.00000000000000                0
           8           1           6   2.00000000000000                0
           9           1           6   2.00000000000000                0
          10           1           6   2.00000000000000                0
           1           1           7   5.98771710000000                1
           2           1           7   2.33515172000000                1
           3           1           7   3.18291888000000                1
           4           1           7   3.95801928000000                1
           5           1           7   2.92431701000000                1
           6           1           7   3.10985291000000                1
           7           1           7  0.868825148000000                1
           8           1           7   2.00000000000000                0
           9           1           7   2.00000000000000                0
          10           1           7   2.00000000000000                0
           1           1           8   2.00000000000000                0
           2           1           8   2.00000000000000                0
           3           1           8   2.00000000000000                0
           4           1           8   2.00000000000000                0
           5           1           8   2.00000000000000                0
           6           1           8   2.00000000000000                0
           7           1           8   2.00000000000000                0
           8           1           8  0.000000000000000E+000           0
           9           1           8  0.000000000000000E+000           0
          10           1           8  0.000000000000000E+000           0
           1           1           9   2.00000000000000                0
           2           1           9   2.00000000000000                0
           3           1           9   2.00000000000000                0
           4           1           9   2.00000000000000                0
           5           1           9   2.00000000000000                0
           6           1           9   2.00000000000000                0
           7           1           9   2.00000000000000                0
           8           1           9  0.000000000000000E+000           0
           9           1           9  0.000000000000000E+000           0
          10           1           9  0.000000000000000E+000           0
           2           1           6   2.00000000000000                0
           3           1           6   2.00000000000000                0
           4           1           6   2.00000000000000                0
           5           1           6   2.00000000000000                0
           6           1           6   2.00000000000000                0
           7           1           6   2.00000000000000                0
           8           1           6   2.00000000000000                0
           9           1           6   2.00000000000000                0
          10           1           6   2.00000000000000                0
           1           1           7   5.98771710000000                1
           2           1           7   2.33515172000000                1
           3           1           7   3.18291888000000                1
           4           1           7   3.95801928000000                1
           5           1           7   2.92431701000000                1
           6           1           7   3.10985291000000                1
           7           1           7  0.868825148000000                1
           8           1           7   2.00000000000000                0
           9           1           7   2.00000000000000                0
          10           1           7   2.00000000000000                0
           1           1           8   2.00000000000000                0
           2           1           8   2.00000000000000                0
           3           1           8   2.00000000000000                0
           4           1           8   2.00000000000000                0
           5           1           8   2.00000000000000                0
           6           1           8   2.00000000000000                0
           7           1           8   2.00000000000000                0
           8           1           8  0.000000000000000E+000           0
           9           1           8  0.000000000000000E+000           0
          10           1           8  0.000000000000000E+000           0
           1           1           9   2.00000000000000                0
           2           1           9   2.00000000000000                0
           3           1           9   2.00000000000000                0
           4           1           9   2.00000000000000                0
           5           1           9   2.00000000000000                0
           6           1           9   2.00000000000000                0
           7           1           9   2.00000000000000                0
           8           1           9  0.000000000000000E+000           0
           9           1           9  0.000000000000000E+000           0
          10           1           9  0.000000000000000E+000           0
 nsitea read in          13
 nsitea after          13
 One-site read-in
           1           1           1   2.93739386000000                1
           2           1           1   3.73344844000000                1
           3           1           1   2.34764672000000                1
           4           1           1   5.55341582000000                1
           5           1           1   6.74216926000000                1
           6           1           1   3.75356318000000                1
           7           1           1   3.99479165000000                1
           8           1           1   3.09770535000000                1
           9           1           1   3.41957883000000                1
          10           1           1   1.87343009000000                1
           1           1           2   15.1633077000000                1
           2           1           2   16.5368464000000                1
           3           1           2   12.1982045000000                1
           4           1           2   22.2799622000000                1
           5           1           2   22.2994460000000                1
           6           1           2   13.7077381000000                1
           7           1           2   11.5986170000000                1
           8           1           2   6.73635657000000                1
           9           1           2   13.3206662000000                1
          10           1           2   8.67509677000000                1
 nsitea read in          13
 nsitea after          13
 One-site read-in
           1           1           1   2.93739386000000                1
           2           1           1   3.73344844000000                1
           3           1           1   2.34764672000000                1
           4           1           1   5.55341582000000                1
           5           1           1   6.74216926000000                1
           6           1           1   3.75356318000000                1
           7           1           1   3.99479165000000                1
           8           1           1   3.09770535000000                1
           9           1           1   3.41957883000000                1
          10           1           1   1.87343009000000                1
           1           1           2   15.1633077000000                1
           2           1           2   16.5368464000000                1
           3           1           2   12.1982045000000                1
           4           1           2   22.2799622000000                1
           5           1           2   22.2994460000000                1
           6           1           2   13.7077381000000                1
           7           1           2   11.5986170000000                1
           8           1           2   6.73635657000000                1
           9           1           2   13.3206662000000                1
          10           1           2   8.67509677000000                1
           1           1           3   22863.4604000000                0
           2           1           3   336.117635000000                0
           3           1           3   41102.7293000000                0
           4           1           3   43438.5576000000                0
           5           1           3   16009.7187000000                0
           5           1           7   2.92431701000000                1
           6           1           7   3.10985291000000                1
           7           1           7  0.868825148000000                1
           8           1           7   2.00000000000000                0
           9           1           7   2.00000000000000                0
          10           1           7   2.00000000000000                0
           1           1           8   2.00000000000000                0
           2           1           8   2.00000000000000                0
           3           1           8   2.00000000000000                0
           4           1           8   2.00000000000000                0
           5           1           8   2.00000000000000                0
           6           1           8   2.00000000000000                0
           7           1           8   2.00000000000000                0
           8           1           8  0.000000000000000E+000           0
           9           1           8  0.000000000000000E+000           0
          10           1           8  0.000000000000000E+000           0
           1           1           9   2.00000000000000                0
           2           1           9   2.00000000000000                0
           3           1           9   2.00000000000000                0
           4           1           9   2.00000000000000                0
           5           1           9   2.00000000000000                0
           6           1           9   2.00000000000000                0
           7           1           9   2.00000000000000                0
           8           1           9  0.000000000000000E+000           0
           9           1           9  0.000000000000000E+000           0
          10           1           9  0.000000000000000E+000           0
           7           1           7  0.868825148000000                1
           8           1           7   2.00000000000000                0
           9           1           7   2.00000000000000                0
          10           1           7   2.00000000000000                0
           1           1           8   2.00000000000000                0
           2           1           8   2.00000000000000                0
           3           1           8   2.00000000000000                0
           4           1           8   2.00000000000000                0
           5           1           8   2.00000000000000                0
           6           1           8   2.00000000000000                0
           7           1           8   2.00000000000000                0
           8           1           8  0.000000000000000E+000           0
           9           1           8  0.000000000000000E+000           0
          10           1           8  0.000000000000000E+000           0
           1           1           9   2.00000000000000                0
           2           1           9   2.00000000000000                0
           3           1           9   2.00000000000000                0
           4           1           9   2.00000000000000                0
           5           1           9   2.00000000000000                0
           6           1           9   2.00000000000000                0
           7           1           9   2.00000000000000                0
           8           1           9  0.000000000000000E+000           0
           9           1           9  0.000000000000000E+000           0
          10           1           9  0.000000000000000E+000           0
           6           1           7   3.10985291000000                1
           7           1           7  0.868825148000000                1
           8           1           7   2.00000000000000                0
           9           1           7   2.00000000000000                0
          10           1           7   2.00000000000000                0
           1           1           8   2.00000000000000                0
           2           1           8   2.00000000000000                0
           3           1           8   2.00000000000000                0
           4           1           8   2.00000000000000                0
           5           1           8   2.00000000000000                0
           6           1           8   2.00000000000000                0
           7           1           8   2.00000000000000                0
           8           1           8  0.000000000000000E+000           0
           9           1           8  0.000000000000000E+000           0
          10           1           8  0.000000000000000E+000           0
           1           1           9   2.00000000000000                0
           2           1           9   2.00000000000000                0
           3           1           9   2.00000000000000                0
           4           1           9   2.00000000000000                0
           5           1           9   2.00000000000000                0
           6           1           9   2.00000000000000                0
           7           1           9   2.00000000000000                0
           8           1           9  0.000000000000000E+000           0
           9           1           9  0.000000000000000E+000           0
          10           1           9  0.000000000000000E+000           0
          10           1           7   2.00000000000000                0
           1           1           8   2.00000000000000                0
           2           1           8   2.00000000000000                0
           3           1           8   2.00000000000000                0
           4           1           8   2.00000000000000                0
           5           1           8   2.00000000000000                0
           6           1           8   2.00000000000000                0
           7           1           8   2.00000000000000                0
           8           1           8  0.000000000000000E+000           0
           9           1           8  0.000000000000000E+000           0
          10           1           8  0.000000000000000E+000           0
           1           1           9   2.00000000000000                0
           2           1           9   2.00000000000000                0
           3           1           9   2.00000000000000                0
           4           1           9   2.00000000000000                0
           5           1           9   2.00000000000000                0
           6           1           9   2.00000000000000                0
           7           1           9   2.00000000000000                0
           8           1           9  0.000000000000000E+000           0
           9           1           9  0.000000000000000E+000           0
          10           1           9  0.000000000000000E+000           0
           1           1           3   22863.4604000000                0
           2           1           3   336.117635000000                0
           3           1           3   41102.7293000000                0
           4           1           3   43438.5576000000                0
           5           1           3   16009.7187000000                0
           6           1           3   7703.22698000000                0
           7           1           3   2540.47106000000                0
           8           1           3  0.000000000000000E+000           0
           9           1           3  0.000000000000000E+000           0
          10           1           3  0.000000000000000E+000           0
           1           1           4   189378.374000000                0
           2           1           4   34456.4025000000                0
           3           1           4   5.13607325000000                0
             Input parameters
 Monomer A has          13  sites:
 type         x         y          z
     1      -0.5950410E+00       0.0000000E+00       0.6703451E+00
     2       0.7267268E+00       0.0000000E+00       0.4901095E+00
     3      -0.1368092E+01       0.0000000E+00      -0.5410018E+00
     4       0.1292035E+01       0.0000000E+00      -0.5683934E+00
     5       0.1227682E+01       0.0000000E+00       0.1470540E+01
     6      -0.2420420E+01       0.0000000E+00      -0.2726699E+00
     7      -0.1116220E+01      -0.8932470E+00      -0.1104976E+01
     7      -0.1116220E+01       0.8932470E+00      -0.1104976E+01
     8       0.0000000E+00      -0.4498007E+00       0.0000000E+00
     8       0.0000000E+00       0.4498007E+00       0.0000000E+00
     9      -0.1561073E+01       0.0000000E+00       0.6085538E+00
           6           1           3   7703.22698000000                0
           7           1           3   2540.47106000000                0
           8           1           3  0.000000000000000E+000           0
           9           1           3  0.000000000000000E+000           0
          10           1           3  0.000000000000000E+000           0
           1           1           4   189378.374000000                0
           2           1           4   34456.4025000000                0
           3           1           4   5.13607325000000                0
           4           1           4   60064.3250000000                0
           5           1           4   30.9761897000000                0
           6           1           4   18.8969260000000                0
           7           1           4   67292.1131000000                0
           8           1           4  0.000000000000000E+000           0
           9           1           4  0.000000000000000E+000           0
          10           1           4  0.000000000000000E+000           0
             Input parameters
 Monomer A has          13  sites:
 type         x         y          z
     1      -0.5950410E+00       0.0000000E+00       0.6703451E+00
     2       0.7267268E+00       0.0000000E+00       0.4901095E+00
     3      -0.1368092E+01       0.0000000E+00      -0.5410018E+00
     4       0.1292035E+01       0.0000000E+00      -0.5683934E+00
     5       0.1227682E+01       0.0000000E+00       0.1470540E+01
     6      -0.2420420E+01       0.0000000E+00      -0.2726699E+00
     7      -0.1116220E+01      -0.8932470E+00      -0.1104976E+01
     7      -0.1116220E+01       0.8932470E+00      -0.1104976E+01
     8       0.0000000E+00      -0.4498007E+00       0.0000000E+00
     8       0.0000000E+00       0.4498007E+00       0.0000000E+00
     9      -0.1561073E+01       0.0000000E+00       0.6085538E+00
    10       0.3598405E+00      -0.7090975E+00      -0.1074230E+01
           4           1           4   60064.3250000000                0
           5           1           4   30.9761897000000                0
           6           1           4   18.8969260000000                0
           7           1           4   67292.1131000000                0
           8           1           4  0.000000000000000E+000           0
           9           1           4  0.000000000000000E+000           0
          10           1           4  0.000000000000000E+000           0
           1           1           5  0.000000000000000E+000           0
           2           1           5  0.000000000000000E+000           0
           3           1           5  0.000000000000000E+000           0
           4           1           5  0.000000000000000E+000           0
    10       0.3598405E+00      -0.7090975E+00      -0.1074230E+01
    10       0.3598405E+00       0.7090975E+00      -0.1074230E+01
           0  opitmized coordinates for monomer A:
 Monomer B has           1  sites:
 type         x         y          z
     1       0.0000000E+00       0.0000000E+00       0.0000000E+00
           0  opitmized coordinates for monomer B:
 One-site nonlinear parameters:
 Parameter           1
 Parameter           2
 Parameter           3
 Two-site nonlinear parameters:
 Parameter           1
 Types           1           1   2.93739386000000       optimized
 Types           2           1   3.73344844000000       optimized
           1           1           5  0.000000000000000E+000           0
           2           1           5  0.000000000000000E+000           0
           3           1           5  0.000000000000000E+000           0
           4           1           5  0.000000000000000E+000           0
           5           1           5  0.000000000000000E+000           0
           6           1           5  0.000000000000000E+000           0
           7           1           5  0.000000000000000E+000           0
           8           1           5  0.000000000000000E+000           0
           9           1           5  0.000000000000000E+000           0
          10           1           5  0.000000000000000E+000           0
           1           1           6   2.00000000000000                0
           2           1           6   2.00000000000000                0
           3           1           6   2.00000000000000                0
    10       0.3598405E+00       0.7090975E+00      -0.1074230E+01
           0  opitmized coordinates for monomer A:
 Monomer B has           1  sites:
 type         x         y          z
     1       0.0000000E+00       0.0000000E+00       0.0000000E+00
           0  opitmized coordinates for monomer B:
 One-site nonlinear parameters:
 Parameter           1
 Parameter           2
 Parameter           3
 Two-site nonlinear parameters:
 Parameter           1
 Types           1           1   2.93739386000000       optimized
 Types           2           1   3.73344844000000       optimized
 Types           3           1   2.34764672000000       optimized
 Types           4           1   5.55341582000000       optimized
 nsitea read in          13
 nsitea after          13
 One-site read-in
           5           1           5  0.000000000000000E+000           0
           6           1           5  0.000000000000000E+000           0
           7           1           5  0.000000000000000E+000           0
           8           1           5  0.000000000000000E+000           0
           9           1           5  0.000000000000000E+000           0
          10           1           5  0.000000000000000E+000           0
           1           1           6   2.00000000000000                0
           2           1           6   2.00000000000000                0
           3           1           6   2.00000000000000                0
           4           1           6   2.00000000000000                0
           5           1           6   2.00000000000000                0
           6           1           6   2.00000000000000                0
 Types           3           1   2.34764672000000       optimized
 Types           4           1   5.55341582000000       optimized
 Types           5           1   6.74216926000000       optimized
 Types           6           1   3.75356318000000       optimized
 Types           7           1   3.99479165000000       optimized
 Types           8           1   3.09770535000000       optimized
 Types           9           1   3.41957883000000       optimized
 Types          10           1   1.87343009000000       optimized
             Input parameters
 Monomer A has          13  sites:
 type         x         y          z
     1      -0.5950410E+00       0.0000000E+00       0.6703451E+00
     2       0.7267268E+00       0.0000000E+00       0.4901095E+00
     3      -0.1368092E+01       0.0000000E+00      -0.5410018E+00
     4       0.1292035E+01       0.0000000E+00      -0.5683934E+00
     5       0.1227682E+01       0.0000000E+00       0.1470540E+01
     6      -0.2420420E+01       0.0000000E+00      -0.2726699E+00
     7      -0.1116220E+01      -0.8932470E+00      -0.1104976E+01
     7      -0.1116220E+01       0.8932470E+00      -0.1104976E+01
     8       0.0000000E+00      -0.4498007E+00       0.0000000E+00
     8       0.0000000E+00       0.4498007E+00       0.0000000E+00
           4           1           6   2.00000000000000                0
           5           1           6   2.00000000000000                0
           6           1           6   2.00000000000000                0
           7           1           6   2.00000000000000                0
           8           1           6   2.00000000000000                0
           9           1           6   2.00000000000000                0
          10           1           6   2.00000000000000                0
           1           1           7   5.98771710000000                1
           2           1           7   2.33515172000000                1
           3           1           7   3.18291888000000                1
           4           1           7   3.95801928000000                1
           5           1           7   2.92431701000000                1
           6           1           7   3.10985291000000                1
           7           1           7  0.868825148000000                1
           8           1           7   2.00000000000000                0
           9           1           7   2.00000000000000                0
          10           1           7   2.00000000000000                0
             Input parameters
 Monomer A has          13  sites:
 type         x         y          z
     1      -0.5950410E+00       0.0000000E+00       0.6703451E+00
     2       0.7267268E+00       0.0000000E+00       0.4901095E+00
     3      -0.1368092E+01       0.0000000E+00      -0.5410018E+00
     4       0.1292035E+01       0.0000000E+00      -0.5683934E+00
     5       0.1227682E+01       0.0000000E+00       0.1470540E+01
     6      -0.2420420E+01       0.0000000E+00      -0.2726699E+00
     7      -0.1116220E+01      -0.8932470E+00      -0.1104976E+01
     7      -0.1116220E+01       0.8932470E+00      -0.1104976E+01
     8       0.0000000E+00      -0.4498007E+00       0.0000000E+00
     8       0.0000000E+00       0.4498007E+00       0.0000000E+00
     9      -0.1561073E+01       0.0000000E+00       0.6085538E+00
    10       0.3598405E+00      -0.7090975E+00      -0.1074230E+01
    10       0.3598405E+00       0.7090975E+00      -0.1074230E+01
 Types           5           1   6.74216926000000       optimized
 Types           6           1   3.75356318000000       optimized
 Types           7           1   3.99479165000000       optimized
 Types           8           1   3.09770535000000       optimized
 Types           9           1   3.41957883000000       optimized
 Types          10           1   1.87343009000000       optimized
 Parameter           2
 Types           1           1   15.1633077000000       optimized
 Types           2           1   16.5368464000000       optimized
 Types           3           1   12.1982045000000       optimized
 Types           4           1   22.2799622000000       optimized
 Types           5           1   22.2994460000000       optimized
 Types           6           1   13.7077381000000       optimized
 Types           7           1   11.5986170000000       optimized
 Types           8           1   6.73635657000000       optimized
 Types           9           1   13.3206662000000       optimized
 Types          10           1   8.67509677000000       optimized
           1           1           1   2.93739386000000                1
           2           1           1   3.73344844000000                1
           3           1           1   2.34764672000000                1
           4           1           1   5.55341582000000                1
           5           1           1   6.74216926000000                1
           6           1           1   3.75356318000000                1
           7           1           1   3.99479165000000                1
             Input parameters
 Monomer A has          13  sites:
 type         x         y          z
     1      -0.5950410E+00       0.0000000E+00       0.6703451E+00
     2       0.7267268E+00       0.0000000E+00       0.4901095E+00
     3      -0.1368092E+01       0.0000000E+00      -0.5410018E+00
     4       0.1292035E+01       0.0000000E+00      -0.5683934E+00
     5       0.1227682E+01       0.0000000E+00       0.1470540E+01
     6      -0.2420420E+01       0.0000000E+00      -0.2726699E+00
     7      -0.1116220E+01      -0.8932470E+00      -0.1104976E+01
     7      -0.1116220E+01       0.8932470E+00      -0.1104976E+01
     8       0.0000000E+00      -0.4498007E+00       0.0000000E+00
     8       0.0000000E+00       0.4498007E+00       0.0000000E+00
     9      -0.1561073E+01       0.0000000E+00       0.6085538E+00
    10       0.3598405E+00      -0.7090975E+00      -0.1074230E+01
    10       0.3598405E+00       0.7090975E+00      -0.1074230E+01
           0  opitmized coordinates for monomer A:
 Monomer B has           1  sites:
 type         x         y          z
     1       0.0000000E+00       0.0000000E+00       0.0000000E+00
           0  opitmized coordinates for monomer B:
 One-site nonlinear parameters:
 Parameter           1
 Parameter           2
 Parameter           3
 Two-site nonlinear parameters:
 Parameter           1
 Types           1           1   2.93739386000000       optimized
 Types           2           1   3.73344844000000       optimized
 Types           3           1   2.34764672000000       optimized
 Types           4           1   5.55341582000000       optimized
 Types           5           1   6.74216926000000       optimized
 Types           6           1   3.75356318000000       optimized
 Types           7           1   3.99479165000000       optimized
 Types           8           1   3.09770535000000       optimized
 Types           9           1   3.41957883000000       optimized
 Types          10           1   1.87343009000000       optimized
 Parameter           2
 Types           1           1   15.1633077000000       optimized
 Types           2           1   16.5368464000000       optimized
 Types           3           1   12.1982045000000       optimized
           7           1           6   2.00000000000000                0
           8           1           6   2.00000000000000                0
           9           1           6   2.00000000000000                0
          10           1           6   2.00000000000000                0
           1           1           7   5.98771710000000                1
           2           1           7   2.33515172000000                1
           3           1           7   3.18291888000000                1
           4           1           7   3.95801928000000                1
           5           1           7   2.92431701000000                1
           6           1           7   3.10985291000000                1
           7           1           7  0.868825148000000                1
           8           1           7   2.00000000000000                0
           9           1           7   2.00000000000000                0
          10           1           7   2.00000000000000                0
           1           1           8   2.00000000000000                0
           2           1           8   2.00000000000000                0
           3           1           8   2.00000000000000                0
           4           1           8   2.00000000000000                0
           5           1           8   2.00000000000000                0
           6           1           8   2.00000000000000                0
           7           1           8   2.00000000000000                0
           8           1           8  0.000000000000000E+000           0
           9           1           8  0.000000000000000E+000           0
          10           1           8  0.000000000000000E+000           0
           1           1           9   2.00000000000000                0
           2           1           9   2.00000000000000                0
           3           1           9   2.00000000000000                0
           4           1           9   2.00000000000000                0
           5           1           9   2.00000000000000                0
           6           1           9   2.00000000000000                0
           7           1           9   2.00000000000000                0
           8           1           9  0.000000000000000E+000           0
           9           1           9  0.000000000000000E+000           0
          10           1           9  0.000000000000000E+000           0
             Input parameters
 Monomer A has          13  sites:
 type         x         y          z
     1      -0.5950410E+00       0.0000000E+00       0.6703451E+00
     2       0.7267268E+00       0.0000000E+00       0.4901095E+00
     3      -0.1368092E+01       0.0000000E+00      -0.5410018E+00
     4       0.1292035E+01       0.0000000E+00      -0.5683934E+00
     5       0.1227682E+01       0.0000000E+00       0.1470540E+01
     6      -0.2420420E+01       0.0000000E+00      -0.2726699E+00
     7      -0.1116220E+01      -0.8932470E+00      -0.1104976E+01
     7      -0.1116220E+01       0.8932470E+00      -0.1104976E+01
     8       0.0000000E+00      -0.4498007E+00       0.0000000E+00
     8       0.0000000E+00       0.4498007E+00       0.0000000E+00
     9      -0.1561073E+01       0.0000000E+00       0.6085538E+00
    10       0.3598405E+00      -0.7090975E+00      -0.1074230E+01
    10       0.3598405E+00       0.7090975E+00      -0.1074230E+01
           0  opitmized coordinates for monomer A:
 Monomer B has           1  sites:
 type         x         y          z
     1       0.0000000E+00       0.0000000E+00       0.0000000E+00
           0  opitmized coordinates for monomer B:
 One-site nonlinear parameters:
 Parameter           1
 Parameter           2
 Parameter           3
 Two-site nonlinear parameters:
 Parameter           1
 Types           1           1   2.93739386000000       optimized
 Types           2           1   3.73344844000000       optimized
 Types           3           1   2.34764672000000       optimized
 Types           4           1   5.55341582000000       optimized
 Types           5           1   6.74216926000000       optimized
 Types           6           1   3.75356318000000       optimized
 Types           7           1   3.99479165000000       optimized
 Types           8           1   3.09770535000000       optimized
 Types           9           1   3.41957883000000       optimized
 Types          10           1   1.87343009000000       optimized
 Parameter           2
 Types           1           1   15.1633077000000       optimized
 Types           2           1   16.5368464000000       optimized
 Types           3           1   12.1982045000000       optimized
 Types           4           1   22.2799622000000       optimized
 Types           5           1   22.2994460000000       optimized
 Types           6           1   13.7077381000000       optimized
 Types           7           1   11.5986170000000       optimized
 Types           8           1   6.73635657000000       optimized
     9      -0.1561073E+01       0.0000000E+00       0.6085538E+00
    10       0.3598405E+00      -0.7090975E+00      -0.1074230E+01
    10       0.3598405E+00       0.7090975E+00      -0.1074230E+01
           0  opitmized coordinates for monomer A:
 Monomer B has           1  sites:
 type         x         y          z
     1       0.0000000E+00       0.0000000E+00       0.0000000E+00
           0  opitmized coordinates for monomer B:
 One-site nonlinear parameters:
 Parameter           1
 Parameter           2
 Parameter           3
 Two-site nonlinear parameters:
 Parameter           1
 Types           1           1   2.93739386000000       optimized
 Types           2           1   3.73344844000000       optimized
 Types           3           1   2.34764672000000       optimized
 Types           4           1   5.55341582000000       optimized
 Types           5           1   6.74216926000000       optimized
 Types           6           1   3.75356318000000       optimized
 Types           7           1   3.99479165000000       optimized
 Types           8           1   3.09770535000000       optimized
 Types           9           1   3.41957883000000       optimized
 Types          10           1   1.87343009000000       optimized
 Parameter           2
 Types           1           1   15.1633077000000       optimized
 Types           2           1   16.5368464000000       optimized
 Types           3           1   12.1982045000000       optimized
 Types           4           1   22.2799622000000       optimized
 Types           5           1   22.2994460000000       optimized
 Types           6           1   13.7077381000000       optimized
 Types           7           1   11.5986170000000       optimized
 Types           8           1   6.73635657000000       optimized
 Types           9           1   13.3206662000000       optimized
 Types          10           1   8.67509677000000       optimized
 Parameter           2
 Types           1           1   15.1633077000000       optimized
 Types           2           1   16.5368464000000       optimized
 Types           3           1   12.1982045000000       optimized
 Types           4           1   22.2799622000000       optimized
 Types           5           1   22.2994460000000       optimized
 Types           6           1   13.7077381000000       optimized
 Types           7           1   11.5986170000000       optimized
 Types           8           1   6.73635657000000       optimized
 Types           9           1   13.3206662000000       optimized
 Types          10           1   8.67509677000000       optimized
 Parameter           3
 Types           1           1   22863.4604000000       fixed
 Types           2           1   336.117635000000       fixed
 Types           3           1   41102.7293000000       fixed
 Types           4           1   43438.5576000000       fixed
 Types           5           1   16009.7187000000       fixed
 Types           6           1   7703.22698000000       fixed
 Types           7           1   2540.47106000000       fixed
 Parameter           4
 Types           1           1   189378.374000000       fixed
 Types           2           1   34456.4025000000       fixed
 Types           3           1   5.13607325000000       fixed
 Types           4           1   60064.3250000000       fixed
 Types           5           1   30.9761897000000       fixed
 Types           6           1   18.8969260000000       fixed
           1           1           8   2.00000000000000                0
           2           1           8   2.00000000000000                0
           3           1           8   2.00000000000000                0
           4           1           8   2.00000000000000                0
           5           1           8   2.00000000000000                0
           6           1           8   2.00000000000000                0
           7           1           8   2.00000000000000                0
           8           1           8  0.000000000000000E+000           0
           9           1           8  0.000000000000000E+000           0
          10           1           8  0.000000000000000E+000           0
           1           1           9   2.00000000000000                0
           2           1           9   2.00000000000000                0
           3           1           9   2.00000000000000                0
           4           1           9   2.00000000000000                0
           5           1           9   2.00000000000000                0
           6           1           9   2.00000000000000                0
           7           1           9   2.00000000000000                0
           8           1           9  0.000000000000000E+000           0
           9           1           9  0.000000000000000E+000           0
          10           1           9  0.000000000000000E+000           0
             Input parameters
 Monomer A has          13  sites:
 type         x         y          z
     1      -0.5950410E+00       0.0000000E+00       0.6703451E+00
     2       0.7267268E+00       0.0000000E+00       0.4901095E+00
     3      -0.1368092E+01       0.0000000E+00      -0.5410018E+00
     4       0.1292035E+01       0.0000000E+00      -0.5683934E+00
     5       0.1227682E+01       0.0000000E+00       0.1470540E+01
     6      -0.2420420E+01       0.0000000E+00      -0.2726699E+00
     7      -0.1116220E+01      -0.8932470E+00      -0.1104976E+01
     7      -0.1116220E+01       0.8932470E+00      -0.1104976E+01
     8       0.0000000E+00      -0.4498007E+00       0.0000000E+00
     8       0.0000000E+00       0.4498007E+00       0.0000000E+00
     9      -0.1561073E+01       0.0000000E+00       0.6085538E+00
    10       0.3598405E+00      -0.7090975E+00      -0.1074230E+01
    10       0.3598405E+00       0.7090975E+00      -0.1074230E+01
           0  opitmized coordinates for monomer A:
 Monomer B has           1  sites:
 type         x         y          z
     1       0.0000000E+00       0.0000000E+00       0.0000000E+00
           0  opitmized coordinates for monomer B:
 One-site nonlinear parameters:
 Parameter           1
 Parameter           2
 Parameter           3
 Two-site nonlinear parameters:
 Parameter           1
 Types           1           1   2.93739386000000       optimized
 Types           2           1   3.73344844000000       optimized
 Types           3           1   2.34764672000000       optimized
 Types           4           1   5.55341582000000       optimized
 Types           5           1   6.74216926000000       optimized
 Types           6           1   3.75356318000000       optimized
 Types           7           1   3.99479165000000       optimized
 Types           8           1   3.09770535000000       optimized
 Types           9           1   3.41957883000000       optimized
 Types          10           1   1.87343009000000       optimized
 Parameter           2
 Types           1           1   15.1633077000000       optimized
 Types           2           1   16.5368464000000       optimized
           0  opitmized coordinates for monomer A:
 Monomer B has           1  sites:
 type         x         y          z
     1       0.0000000E+00       0.0000000E+00       0.0000000E+00
           0  opitmized coordinates for monomer B:
 One-site nonlinear parameters:
 Parameter           1
 Parameter           2
 Parameter           3
 Two-site nonlinear parameters:
 Parameter           1
 Types           1           1   2.93739386000000       optimized
 Types           2           1   3.73344844000000       optimized
 Types           3           1   2.34764672000000       optimized
 Types           4           1   5.55341582000000       optimized
 Types           5           1   6.74216926000000       optimized
 Types           6           1   3.75356318000000       optimized
 Types           7           1   3.99479165000000       optimized
 Types           8           1   3.09770535000000       optimized
 Types           9           1   3.41957883000000       optimized
 Types          10           1   1.87343009000000       optimized
 Parameter           2
 Types           1           1   15.1633077000000       optimized
 Types           2           1   16.5368464000000       optimized
 Types           3           1   12.1982045000000       optimized
 Types           4           1   22.2799622000000       optimized
 Types           5           1   22.2994460000000       optimized
 Types           6           1   13.7077381000000       optimized
 Types           7           1   11.5986170000000       optimized
 Types           8           1   6.73635657000000       optimized
 Types           9           1   13.3206662000000       optimized
 Types          10           1   8.67509677000000       optimized
 Parameter           3
 Types           1           1   22863.4604000000       fixed
 Types           2           1   336.117635000000       fixed
 Types           3           1   41102.7293000000       fixed
 Types           4           1   43438.5576000000       fixed
 Types           5           1   16009.7187000000       fixed
 Types           6           1   7703.22698000000       fixed
             Input parameters
 Monomer A has          13  sites:
 type         x         y          z
     1      -0.5950410E+00       0.0000000E+00       0.6703451E+00
     2       0.7267268E+00       0.0000000E+00       0.4901095E+00
     3      -0.1368092E+01       0.0000000E+00      -0.5410018E+00
     4       0.1292035E+01       0.0000000E+00      -0.5683934E+00
     5       0.1227682E+01       0.0000000E+00       0.1470540E+01
     6      -0.2420420E+01       0.0000000E+00      -0.2726699E+00
     7      -0.1116220E+01      -0.8932470E+00      -0.1104976E+01
     7      -0.1116220E+01       0.8932470E+00      -0.1104976E+01
     8       0.0000000E+00      -0.4498007E+00       0.0000000E+00
     8       0.0000000E+00       0.4498007E+00       0.0000000E+00
     9      -0.1561073E+01       0.0000000E+00       0.6085538E+00
    10       0.3598405E+00      -0.7090975E+00      -0.1074230E+01
    10       0.3598405E+00       0.7090975E+00      -0.1074230E+01
           0  opitmized coordinates for monomer A:
 Monomer B has           1  sites:
 type         x         y          z
     1       0.0000000E+00       0.0000000E+00       0.0000000E+00
           0  opitmized coordinates for monomer B:
 One-site nonlinear parameters:
 Parameter           1
 Parameter           2
 Parameter           3
 Two-site nonlinear parameters:
 Parameter           1
 Types           1           1   2.93739386000000       optimized
 Types           2           1   3.73344844000000       optimized
 Types           3           1   2.34764672000000       optimized
 Types           4           1   5.55341582000000       optimized
 Types           5           1   6.74216926000000       optimized
 Types           6           1   3.75356318000000       optimized
 Parameter           3
 Types           1           1   22863.4604000000       fixed
 Types           2           1   336.117635000000       fixed
 Types           3           1   41102.7293000000       fixed
 Types           4           1   43438.5576000000       fixed
 Types           5           1   16009.7187000000       fixed
 Types           6           1   7703.22698000000       fixed
 Types           7           1   2540.47106000000       fixed
 Parameter           4
 Types           1           1   189378.374000000       fixed
 Types           2           1   34456.4025000000       fixed
 Types           3           1   5.13607325000000       fixed
 Types           4           1   60064.3250000000       fixed
 Types           5           1   30.9761897000000       fixed
 Types           6           1   18.8969260000000       fixed
 Types           7           1   67292.1131000000       fixed
 Parameter           5
           8           1           1   3.09770535000000                1
           9           1           1   3.41957883000000                1
          10           1           1   1.87343009000000                1
           1           1           2   15.1633077000000                1
           2           1           2   16.5368464000000                1
           3           1           2   12.1982045000000                1
           4           1           2   22.2799622000000                1
           5           1           2   22.2994460000000                1
           6           1           2   13.7077381000000                1
           7           1           2   11.5986170000000                1
           8           1           2   6.73635657000000                1
           9           1           2   13.3206662000000                1
          10           1           2   8.67509677000000                1
           1           1           3   22863.4604000000                0
           2           1           3   336.117635000000                0
           3           1           3   41102.7293000000                0
           4           1           3   43438.5576000000                0
           5           1           3   16009.7187000000                0
           6           1           3   7703.22698000000                0
           7           1           3   2540.47106000000                0
           8           1           3  0.000000000000000E+000           0
           9           1           3  0.000000000000000E+000           0
          10           1           3  0.000000000000000E+000           0
           1           1           4   189378.374000000                0
           2           1           4   34456.4025000000                0
           3           1           4   5.13607325000000                0
           4           1           4   60064.3250000000                0
           5           1           4   30.9761897000000                0
           6           1           4   18.8969260000000                0
           7           1           4   67292.1131000000                0
           8           1           4  0.000000000000000E+000           0
           9           1           4  0.000000000000000E+000           0
 Types           4           1   22.2799622000000       optimized
 Types           5           1   22.2994460000000       optimized
 Types           6           1   13.7077381000000       optimized
 Types           7           1   11.5986170000000       optimized
 Types           8           1   6.73635657000000       optimized
 Types           9           1   13.3206662000000       optimized
 Types          10           1   8.67509677000000       optimized
 Parameter           3
 Types           1           1   22863.4604000000       fixed
 Types           2           1   336.117635000000       fixed
 Types           3           1   41102.7293000000       fixed
 Types           4           1   43438.5576000000       fixed
 Types           5           1   16009.7187000000       fixed
 Types           6           1   7703.22698000000       fixed
 Types           7           1   2540.47106000000       fixed
 Parameter           4
 Types           1           1   189378.374000000       fixed
 Types           2           1   34456.4025000000       fixed
 Types           3           1   5.13607325000000       fixed
 Types           4           1   60064.3250000000       fixed
 Types           9           1   13.3206662000000       optimized
 Types          10           1   8.67509677000000       optimized
 Parameter           3
 Types           1           1   22863.4604000000       fixed
 Types           2           1   336.117635000000       fixed
 Types           3           1   41102.7293000000       fixed
 Types           4           1   43438.5576000000       fixed
 Types           5           1   16009.7187000000       fixed
 Types           6           1   7703.22698000000       fixed
 Types           7           1   2540.47106000000       fixed
 Parameter           4
 Types           1           1   189378.374000000       fixed
 Types           2           1   34456.4025000000       fixed
 Types           3           1   5.13607325000000       fixed
 Types           4           1   60064.3250000000       fixed
 Types           5           1   30.9761897000000       fixed
 Types           6           1   18.8969260000000       fixed
 Types           7           1   67292.1131000000       fixed
 Types           7           1   67292.1131000000       fixed
 Parameter           5
 Parameter           6
 Types           1           1   2.00000000000000       fixed
 Types           2           1   2.00000000000000       fixed
 Types           3           1   2.00000000000000       fixed
 Types           4           1   2.00000000000000       fixed
 Types           5           1   2.00000000000000       fixed
 Types           6           1   2.00000000000000       fixed
 Types           7           1   2.00000000000000       fixed
 Types           8           1   2.00000000000000       fixed
 Types           9           1   2.00000000000000       fixed
 Types          10           1   2.00000000000000       fixed
 Parameter           3
 Types           1           1   22863.4604000000       fixed
 Types           2           1   336.117635000000       fixed
 Types           3           1   41102.7293000000       fixed
 Types           4           1   43438.5576000000       fixed
 Types           5           1   16009.7187000000       fixed
 Types           6           1   7703.22698000000       fixed
 Types           7           1   2540.47106000000       fixed
 Parameter           4
 Types           1           1   189378.374000000       fixed
 Types           2           1   34456.4025000000       fixed
 Types           3           1   5.13607325000000       fixed
 Types           4           1   60064.3250000000       fixed
 Types           5           1   30.9761897000000       fixed
 Types           6           1   18.8969260000000       fixed
 Types           7           1   67292.1131000000       fixed
 Types           3           1   12.1982045000000       optimized
 Types           4           1   22.2799622000000       optimized
 Types           5           1   22.2994460000000       optimized
 Types           6           1   13.7077381000000       optimized
 Types           7           1   11.5986170000000       optimized
 Types           8           1   6.73635657000000       optimized
 Types           9           1   13.3206662000000       optimized
 Types          10           1   8.67509677000000       optimized
 Parameter           3
 Types           1           1   22863.4604000000       fixed
 Types           2           1   336.117635000000       fixed
 Types           3           1   41102.7293000000       fixed
 Types           4           1   43438.5576000000       fixed
 Types           5           1   16009.7187000000       fixed
 Types           6           1   7703.22698000000       fixed
 Types           7           1   2540.47106000000       fixed
 Parameter           4
 Types           7           1   2540.47106000000       fixed
 Parameter           4
 Types           1           1   189378.374000000       fixed
 Types           2           1   34456.4025000000       fixed
 Types           3           1   5.13607325000000       fixed
 Types           4           1   60064.3250000000       fixed
 Types           5           1   30.9761897000000       fixed
 Types           6           1   18.8969260000000       fixed
 Types           7           1   67292.1131000000       fixed
 Parameter           5
 Types           7           1   3.99479165000000       optimized
 Types           8           1   3.09770535000000       optimized
 Types           9           1   3.41957883000000       optimized
 Types          10           1   1.87343009000000       optimized
             Input parameters
 Monomer A has          13  sites:
 type         x         y          z
     1      -0.5950410E+00       0.0000000E+00       0.6703451E+00
     2       0.7267268E+00       0.0000000E+00       0.4901095E+00
     3      -0.1368092E+01       0.0000000E+00      -0.5410018E+00
     4       0.1292035E+01       0.0000000E+00      -0.5683934E+00
     5       0.1227682E+01       0.0000000E+00       0.1470540E+01
     6      -0.2420420E+01       0.0000000E+00      -0.2726699E+00
     7      -0.1116220E+01      -0.8932470E+00      -0.1104976E+01
     7      -0.1116220E+01       0.8932470E+00      -0.1104976E+01
     8       0.0000000E+00      -0.4498007E+00       0.0000000E+00
     8       0.0000000E+00       0.4498007E+00       0.0000000E+00
     9      -0.1561073E+01       0.0000000E+00       0.6085538E+00
    10       0.3598405E+00      -0.7090975E+00      -0.1074230E+01
    10       0.3598405E+00       0.7090975E+00      -0.1074230E+01
           0  opitmized coordinates for monomer A:
 Monomer B has           1  sites:
 type         x         y          z
     1       0.0000000E+00       0.0000000E+00       0.0000000E+00
           0  opitmized coordinates for monomer B:
 One-site nonlinear parameters:
 Parameter           1
 Parameter           2
 Parameter           3
 Two-site nonlinear parameters:
 Parameter           1
 Types           1           1   2.93739386000000       optimized
 Types           2           1   3.73344844000000       optimized
 Types           3           1   2.34764672000000       optimized
 Types           4           1   5.55341582000000       optimized
 Types           5           1   6.74216926000000       optimized
 Types           6           1   3.75356318000000       optimized
 Types           7           1   3.99479165000000       optimized
 Types           8           1   3.09770535000000       optimized
 Parameter           6
 Types           1           1   2.00000000000000       fixed
 Types           2           1   2.00000000000000       fixed
 Types           3           1   2.00000000000000       fixed
 Types           4           1   2.00000000000000       fixed
 Types           5           1   2.00000000000000       fixed
 Types           6           1   2.00000000000000       fixed
 Types           7           1   2.00000000000000       fixed
 Types           8           1   2.00000000000000       fixed
 Types           9           1   2.00000000000000       fixed
 Types          10           1   2.00000000000000       fixed
 Parameter           7
 Types           1           1   5.98771710000000       optimized
 Types           2           1   2.33515172000000       optimized
 Types           3           1   3.18291888000000       optimized
 Types           4           1   3.95801928000000       optimized
 Types           5           1   2.92431701000000       optimized
 Types           6           1   3.10985291000000       optimized
 Types           7           1  0.868825148000000       optimized
 Types           8           1   2.00000000000000       fixed
 Types           9           1   2.00000000000000       fixed
 Types          10           1   2.00000000000000       fixed
          10           1           4  0.000000000000000E+000           0
           1           1           5  0.000000000000000E+000           0
           2           1           5  0.000000000000000E+000           0
           3           1           5  0.000000000000000E+000           0
           4           1           5  0.000000000000000E+000           0
           5           1           5  0.000000000000000E+000           0
           6           1           5  0.000000000000000E+000           0
           7           1           5  0.000000000000000E+000           0
           8           1           5  0.000000000000000E+000           0
           9           1           5  0.000000000000000E+000           0
          10           1           5  0.000000000000000E+000           0
           1           1           6   2.00000000000000                0
           2           1           6   2.00000000000000                0
           3           1           6   2.00000000000000                0
           4           1           6   2.00000000000000                0
           5           1           6   2.00000000000000                0
           6           1           6   2.00000000000000                0
           7           1           6   2.00000000000000                0
           8           1           6   2.00000000000000                0
           9           1           6   2.00000000000000                0
          10           1           6   2.00000000000000                0
           1           1           7   5.98771710000000                1
           2           1           7   2.33515172000000                1
           3           1           7   3.18291888000000                1
           4           1           7   3.95801928000000                1
           5           1           7   2.92431701000000                1
           6           1           7   3.10985291000000                1
           7           1           7  0.868825148000000                1
           8           1           7   2.00000000000000                0
           9           1           7   2.00000000000000                0
             Input parameters
 Monomer A has          13  sites:
 type         x         y          z
     1      -0.5950410E+00       0.0000000E+00       0.6703451E+00
     2       0.7267268E+00       0.0000000E+00       0.4901095E+00
     3      -0.1368092E+01       0.0000000E+00      -0.5410018E+00
     4       0.1292035E+01       0.0000000E+00      -0.5683934E+00
     5       0.1227682E+01       0.0000000E+00       0.1470540E+01
     6      -0.2420420E+01       0.0000000E+00      -0.2726699E+00
     7      -0.1116220E+01      -0.8932470E+00      -0.1104976E+01
     7      -0.1116220E+01       0.8932470E+00      -0.1104976E+01
     8       0.0000000E+00      -0.4498007E+00       0.0000000E+00
     8       0.0000000E+00       0.4498007E+00       0.0000000E+00
     9      -0.1561073E+01       0.0000000E+00       0.6085538E+00
    10       0.3598405E+00      -0.7090975E+00      -0.1074230E+01
    10       0.3598405E+00       0.7090975E+00      -0.1074230E+01
           0  opitmized coordinates for monomer A:
 Monomer B has           1  sites:
 type         x         y          z
     1       0.0000000E+00       0.0000000E+00       0.0000000E+00
           0  opitmized coordinates for monomer B:
 One-site nonlinear parameters:
 Parameter           1
 Parameter           2
 Parameter           3
 Two-site nonlinear parameters:
 Parameter           1
 Types           1           1   2.93739386000000       optimized
 Types           2           1   3.73344844000000       optimized
 Types           3           1   2.34764672000000       optimized
 Types           4           1   5.55341582000000       optimized
 Types           5           1   6.74216926000000       optimized
 Types           6           1   3.75356318000000       optimized
 Types           7           1   3.99479165000000       optimized
 Types           8           1   3.09770535000000       optimized
 Types           9           1   3.41957883000000       optimized
 Types          10           1   1.87343009000000       optimized
 Types           5           1   30.9761897000000       fixed
 Types           6           1   18.8969260000000       fixed
 Types           7           1   67292.1131000000       fixed
 Parameter           5
 Parameter           6
 Types           1           1   2.00000000000000       fixed
 Types           2           1   2.00000000000000       fixed
 Types           3           1   2.00000000000000       fixed
 Types           4           1   2.00000000000000       fixed
 Types           5           1   2.00000000000000       fixed
 Types           6           1   2.00000000000000       fixed
 Types           7           1   2.00000000000000       fixed
 Types           8           1   2.00000000000000       fixed
 Types           9           1   2.00000000000000       fixed
 Types          10           1   2.00000000000000       fixed
 Parameter           5
 Parameter           6
 Types           1           1   2.00000000000000       fixed
 Types           2           1   2.00000000000000       fixed
 Types           3           1   2.00000000000000       fixed
 Types           4           1   2.00000000000000       fixed
 Types           5           1   2.00000000000000       fixed
 Types           6           1   2.00000000000000       fixed
 Types           7           1   2.00000000000000       fixed
 Types           8           1   2.00000000000000       fixed
 Types           9           1   2.00000000000000       fixed
 Types          10           1   2.00000000000000       fixed
 Parameter           7
 Types           1           1   5.98771710000000       optimized
 Types           2           1   2.33515172000000       optimized
 Types           3           1   3.18291888000000       optimized
 Types           4           1   3.95801928000000       optimized
 Parameter           5
 Parameter           6
 Types           1           1   2.00000000000000       fixed
 Types           2           1   2.00000000000000       fixed
 Types           3           1   2.00000000000000       fixed
 Types           4           1   2.00000000000000       fixed
 Types           5           1   2.00000000000000       fixed
 Types           6           1   2.00000000000000       fixed
 Types           7           1   2.00000000000000       fixed
 Types           8           1   2.00000000000000       fixed
 Types           9           1   2.00000000000000       fixed
 Types          10           1   2.00000000000000       fixed
 Parameter           7
 Types           1           1   5.98771710000000       optimized
 Types           1           1   189378.374000000       fixed
 Types           2           1   34456.4025000000       fixed
 Types           3           1   5.13607325000000       fixed
 Types           4           1   60064.3250000000       fixed
 Types           5           1   30.9761897000000       fixed
 Types           6           1   18.8969260000000       fixed
 Types           7           1   67292.1131000000       fixed
 Parameter           5
 Parameter           6
 Types           1           1   2.00000000000000       fixed
 Types           2           1   2.00000000000000       fixed
 Types           3           1   2.00000000000000       fixed
 Types           4           1   2.00000000000000       fixed
 Types           5           1   2.00000000000000       fixed
 Types           6           1   2.00000000000000       fixed
 Types           7           1   2.00000000000000       fixed
 Types           8           1   2.00000000000000       fixed
 Types           9           1   2.00000000000000       fixed
 Types          10           1   2.00000000000000       fixed
 Parameter           7
 Types           1           1   5.98771710000000       optimized
 Types           2           1   2.33515172000000       optimized
 Types           3           1   3.18291888000000       optimized
 Types           4           1   3.95801928000000       optimized
 Types           5           1   2.92431701000000       optimized
 Types           6           1   3.10985291000000       optimized
 Types           7           1  0.868825148000000       optimized
 Types           8           1   2.00000000000000       fixed
 Types           9           1   2.00000000000000       fixed
 Types          10           1   2.00000000000000       fixed
 Parameter           8
 Types           1           1   2.00000000000000       fixed
 Types           2           1   2.00000000000000       fixed
 Types           3           1   2.00000000000000       fixed
 Types           4           1   2.00000000000000       fixed
 Types           5           1   2.00000000000000       fixed
 Types           6           1   2.00000000000000       fixed
 Types           7           1   2.00000000000000       fixed
 Parameter           9
 Types           1           1   2.00000000000000       fixed
 Types           2           1   2.00000000000000       fixed
 Types           3           1   2.00000000000000       fixed
 Types           4           1   2.00000000000000       fixed
 Types           5           1   2.00000000000000       fixed
 Parameter           6
 Types           1           1   2.00000000000000       fixed
 Types           2           1   2.00000000000000       fixed
 Types           3           1   2.00000000000000       fixed
 Types           4           1   2.00000000000000       fixed
 Types           5           1   2.00000000000000       fixed
 Types           6           1   2.00000000000000       fixed
 Types           7           1   2.00000000000000       fixed
 Types           8           1   2.00000000000000       fixed
 Types           9           1   2.00000000000000       fixed
 Types          10           1   2.00000000000000       fixed
 Parameter           7
 Types           1           1   5.98771710000000       optimized
 Types           2           1   2.33515172000000       optimized
 Types           3           1   3.18291888000000       optimized
 Types           4           1   3.95801928000000       optimized
 Types           5           1   2.92431701000000       optimized
 Types           6           1   3.10985291000000       optimized
 Types           7           1  0.868825148000000       optimized
 Types           8           1   2.00000000000000       fixed
 Types           9           1   3.41957883000000       optimized
 Types          10           1   1.87343009000000       optimized
 Parameter           2
 Types           1           1   15.1633077000000       optimized
 Types           2           1   16.5368464000000       optimized
 Types           3           1   12.1982045000000       optimized
 Types           4           1   22.2799622000000       optimized
 Types           5           1   22.2994460000000       optimized
 Types           6           1   13.7077381000000       optimized
 Types           7           1   11.5986170000000       optimized
 Types           8           1   6.73635657000000       optimized
 Types           9           1   13.3206662000000       optimized
 Types          10           1   8.67509677000000       optimized
 Parameter           3
 Types           1           1   22863.4604000000       fixed
 Types           2           1   336.117635000000       fixed
 Parameter           8
 Types           1           1   2.00000000000000       fixed
 Types           2           1   2.00000000000000       fixed
 Types           3           1   2.00000000000000       fixed
 Types           4           1   2.00000000000000       fixed
 Types           5           1   2.00000000000000       fixed
 Types           6           1   2.00000000000000       fixed
 Types           7           1   2.00000000000000       fixed
 Parameter           9
 Types           1           1   2.00000000000000       fixed
 Types           2           1   2.00000000000000       fixed
 Types           3           1   2.00000000000000       fixed
 Types           4           1   2.00000000000000       fixed
 Types           5           1   2.00000000000000       fixed
 Types           6           1   2.00000000000000       fixed
 Types           7           1   2.00000000000000       fixed
 Parameter           2
 Types           1           1   15.1633077000000       optimized
 Types           2           1   16.5368464000000       optimized
 Types           3           1   12.1982045000000       optimized
 Types           4           1   22.2799622000000       optimized
 Types           5           1   22.2994460000000       optimized
          10           1           7   2.00000000000000                0
           1           1           8   2.00000000000000                0
           2           1           8   2.00000000000000                0
           3           1           8   2.00000000000000                0
           4           1           8   2.00000000000000                0
           5           1           8   2.00000000000000                0
           6           1           8   2.00000000000000                0
           7           1           8   2.00000000000000                0
           8           1           8  0.000000000000000E+000           0
           9           1           8  0.000000000000000E+000           0
          10           1           8  0.000000000000000E+000           0
           1           1           9   2.00000000000000                0
           2           1           9   2.00000000000000                0
           3           1           9   2.00000000000000                0
           4           1           9   2.00000000000000                0
           5           1           9   2.00000000000000                0
           6           1           9   2.00000000000000                0
           7           1           9   2.00000000000000                0
           8           1           9  0.000000000000000E+000           0
           9           1           9  0.000000000000000E+000           0
          10           1           9  0.000000000000000E+000           0
 Parameter           2
 Types           1           1   15.1633077000000       optimized
 Types           2           1   16.5368464000000       optimized
 Types           3           1   12.1982045000000       optimized
 Types           4           1   22.2799622000000       optimized
 Types           5           1   22.2994460000000       optimized
 Types           6           1   13.7077381000000       optimized
 Types           7           1   11.5986170000000       optimized
 Types           8           1   6.73635657000000       optimized
 Types           9           1   13.3206662000000       optimized
 Types          10           1   8.67509677000000       optimized
 Parameter           3
 Types           1           1   22863.4604000000       fixed
 Types           2           1   336.117635000000       fixed
 Types           3           1   41102.7293000000       fixed
 Types           4           1   43438.5576000000       fixed
 Types           5           1   16009.7187000000       fixed
 Types           5           1   2.92431701000000       optimized
 Types           6           1   3.10985291000000       optimized
 Types           7           1  0.868825148000000       optimized
 Types           8           1   2.00000000000000       fixed
 Types           9           1   2.00000000000000       fixed
 Types          10           1   2.00000000000000       fixed
 Parameter           8
 Types           1           1   2.00000000000000       fixed
 Types           2           1   2.00000000000000       fixed
 Types           3           1   2.00000000000000       fixed
 Types           4           1   2.00000000000000       fixed
 Types           5           1   2.00000000000000       fixed
 Types           6           1   2.00000000000000       fixed
 Types           7           1   2.00000000000000       fixed
 Types           2           1   2.33515172000000       optimized
 Types           3           1   3.18291888000000       optimized
 Types           4           1   3.95801928000000       optimized
 Types           5           1   2.92431701000000       optimized
 Types           6           1   3.10985291000000       optimized
 Types           7           1  0.868825148000000       optimized
 Types           8           1   2.00000000000000       fixed
 Types           9           1   2.00000000000000       fixed
 Types          10           1   2.00000000000000       fixed
 Parameter           8
 Types           1           1   2.00000000000000       fixed
 Types           2           1   2.00000000000000       fixed
 Types           3           1   2.00000000000000       fixed
 Types           4           1   2.00000000000000       fixed
 Types           5           1   2.00000000000000       fixed
 Types           6           1   2.00000000000000       fixed
 Parameter           7
 Types           1           1   5.98771710000000       optimized
 Types           2           1   2.33515172000000       optimized
 Types           3           1   3.18291888000000       optimized
 Types           4           1   3.95801928000000       optimized
 Types           5           1   2.92431701000000       optimized
 Types           6           1   3.10985291000000       optimized
 Types           7           1  0.868825148000000       optimized
 Types           8           1   2.00000000000000       fixed
 Types           9           1   2.00000000000000       fixed
 Types          10           1   2.00000000000000       fixed
 Parameter           8
 Types           1           1   2.00000000000000       fixed
 Types           2           1   2.00000000000000       fixed
 Types           3           1   2.00000000000000       fixed
 Types           6           1   2.00000000000000       fixed
 Types           7           1   2.00000000000000       fixed
 Parameter          10
 Parameter          11
 Types           9           1   2.00000000000000       fixed
 Types          10           1   2.00000000000000       fixed
 Parameter           8
 Types           1           1   2.00000000000000       fixed
 Types           2           1   2.00000000000000       fixed
 Types           3           1   2.00000000000000       fixed
 Types           4           1   2.00000000000000       fixed
 Types           5           1   2.00000000000000       fixed
 Types           6           1   2.00000000000000       fixed
 Types           7           1   2.00000000000000       fixed
 Parameter           7
 Types           1           1   5.98771710000000       optimized
 Types           2           1   2.33515172000000       optimized
 Types           3           1   3.18291888000000       optimized
 Types           4           1   3.95801928000000       optimized
 Types           5           1   2.92431701000000       optimized
 Types           6           1   3.10985291000000       optimized
 Types           7           1  0.868825148000000       optimized
 Types           8           1   2.00000000000000       fixed
 Types           9           1   2.00000000000000       fixed
 Types          10           1   2.00000000000000       fixed
 Parameter           8
 Types           1           1   2.00000000000000       fixed
 Types           2           1   2.00000000000000       fixed
 Types           3           1   2.00000000000000       fixed
 Types           4           1   2.00000000000000       fixed
 Types           3           1   41102.7293000000       fixed
 Types           4           1   43438.5576000000       fixed
 Types           5           1   16009.7187000000       fixed
 Types           6           1   7703.22698000000       fixed
 Types           7           1   2540.47106000000       fixed
 Parameter           4
 Types           1           1   189378.374000000       fixed
 Types           2           1   34456.4025000000       fixed
 Types           3           1   5.13607325000000       fixed
 Types           4           1   60064.3250000000       fixed
 Types           5           1   30.9761897000000       fixed
 Types           6           1   18.8969260000000       fixed
 Types           7           1   67292.1131000000       fixed
 Types           6           1   13.7077381000000       optimized
 Types           7           1   11.5986170000000       optimized
 Types           8           1   6.73635657000000       optimized
 Types           9           1   13.3206662000000       optimized
 Types          10           1   8.67509677000000       optimized
 Parameter           3
 Types           1           1   22863.4604000000       fixed
 Parameter          10
 Parameter          11
 Parameter          12
 Types           6           1   7703.22698000000       fixed
 Types           7           1   2540.47106000000       fixed
 Parameter           4
 Types           1           1   189378.374000000       fixed
 Types           2           1   34456.4025000000       fixed
 Types           3           1   5.13607325000000       fixed
 Types           4           1   60064.3250000000       fixed
 Types           5           1   30.9761897000000       fixed
 Types           6           1   18.8969260000000       fixed
 Types           7           1   67292.1131000000       fixed
 Types           7           1   2.00000000000000       fixed
 Parameter           9
 Types           1           1   2.00000000000000       fixed
 Types           2           1   2.00000000000000       fixed
 Types           3           1   2.00000000000000       fixed
 Types           4           1   2.00000000000000       fixed
 Types           5           1   2.00000000000000       fixed
 Types           6           1   2.00000000000000       fixed
 Types           7           1   2.00000000000000       fixed
 Types           4           1   2.00000000000000       fixed
 Types           5           1   2.00000000000000       fixed
 Types           6           1   2.00000000000000       fixed
 Types           7           1   2.00000000000000       fixed
 Parameter           9
 Types           1           1   2.00000000000000       fixed
 Types           2           1   2.00000000000000       fixed
 Types           3           1   2.00000000000000       fixed
 Types           4           1   2.00000000000000       fixed
 Types           5           1   2.00000000000000       fixed
 Types           6           1   2.00000000000000       fixed
 Types           7           1   2.00000000000000       fixed
 Parameter           9
 Types           1           1   2.00000000000000       fixed
 Types           2           1   2.00000000000000       fixed
 Types           3           1   2.00000000000000       fixed
 Types           4           1   2.00000000000000       fixed
 Types           5           1   2.00000000000000       fixed
 Types           6           1   2.00000000000000       fixed
 Types           7           1   2.00000000000000       fixed
 Parameter          10
 Types           5           1   2.00000000000000       fixed
 Types           6           1   2.00000000000000       fixed
 Types           7           1   2.00000000000000       fixed
 Parameter           9
 Types           1           1   2.00000000000000       fixed
 Types           2           1   2.00000000000000       fixed
 Types           3           1   2.00000000000000       fixed
 Types           4           1   2.00000000000000       fixed
 Types           5           1   2.00000000000000       fixed
 Types           6           1   2.00000000000000       fixed
 Parameter           9
 Types           1           1   2.00000000000000       fixed
 Types           2           1   2.00000000000000       fixed
 Types           3           1   2.00000000000000       fixed
 Types           4           1   2.00000000000000       fixed
 Types           5           1   2.00000000000000       fixed
 Types           6           1   2.00000000000000       fixed
 Types           7           1   2.00000000000000       fixed
 Parameter          12
 Parameter          13
 Potential type used:         262
 damping parameters
 Parameter           5
 Parameter           6
 Types           1           1   2.00000000000000       fixed
 Types           2           1   2.00000000000000       fixed
 Types           3           1   2.00000000000000       fixed
 Types           4           1   2.00000000000000       fixed
 Types           5           1   2.00000000000000       fixed
 Types           6           1   2.00000000000000       fixed
 Types           7           1   2.00000000000000       fixed
 Types           8           1   2.00000000000000       fixed
 Types           9           1   2.00000000000000       fixed
 Types           2           1   336.117635000000       fixed
 Types           3           1   41102.7293000000       fixed
 Types           4           1   43438.5576000000       fixed
 Types           5           1   16009.7187000000       fixed
 Types           6           1   7703.22698000000       fixed
 Parameter           5
 Parameter           6
 Types           1           1   2.00000000000000       fixed
 Types           2           1   2.00000000000000       fixed
 Types           3           1   2.00000000000000       fixed
 Types           4           1   2.00000000000000       fixed
 Types           5           1   2.00000000000000       fixed
 Parameter          13
 Potential type used:         262
 damping parameters
 R_0, isyst, npowers  0.000000000000000E+000           9           2
 Two-site nonlinear parameters - transferable format
           1           1           1   2.93739386000000                1
           2           1           1   3.73344844000000                1
 Parameter          10
 Parameter          11
 Types           7           1   2.00000000000000       fixed
 Parameter          10
             Input parameters
 Monomer A has          13  sites:
 type         x         y          z
     1      -0.5950410E+00       0.0000000E+00       0.6703451E+00
     2       0.7267268E+00       0.0000000E+00       0.4901095E+00
     3      -0.1368092E+01       0.0000000E+00      -0.5410018E+00
     4       0.1292035E+01       0.0000000E+00      -0.5683934E+00
     5       0.1227682E+01       0.0000000E+00       0.1470540E+01
     6      -0.2420420E+01       0.0000000E+00      -0.2726699E+00
     7      -0.1116220E+01      -0.8932470E+00      -0.1104976E+01
     7      -0.1116220E+01       0.8932470E+00      -0.1104976E+01
     8       0.0000000E+00      -0.4498007E+00       0.0000000E+00
     8       0.0000000E+00       0.4498007E+00       0.0000000E+00
     9      -0.1561073E+01       0.0000000E+00       0.6085538E+00
    10       0.3598405E+00      -0.7090975E+00      -0.1074230E+01
    10       0.3598405E+00       0.7090975E+00      -0.1074230E+01
           0  opitmized coordinates for monomer A:
 Monomer B has           1  sites:
 type         x         y          z
     1       0.0000000E+00       0.0000000E+00       0.0000000E+00
           0  opitmized coordinates for monomer B:
 One-site nonlinear parameters:
 Parameter           1
 Parameter           2
 Parameter           3
 Two-site nonlinear parameters:
 Parameter           1
 Parameter          10
 Parameter          11
 Parameter          12
 R_0, isyst, npowers  0.000000000000000E+000           9           2
 Two-site nonlinear parameters - transferable format
           1           1           1   2.93739386000000                1
           2           1           1   3.73344844000000                1
           3           1           1   2.34764672000000                1
           4           1           1   5.55341582000000                1
           5           1           1   6.74216926000000                1
           6           1           1   3.75356318000000                1
           7           1           1   3.99479165000000                1
           8           1           1   3.09770535000000                1
           9           1           1   3.41957883000000                1
          10           1           1   1.87343009000000                1
           1           1           2   15.1633077000000                1
           2           1           2   16.5368464000000                1
           3           1           2   12.1982045000000                1
           4           1           2   22.2799622000000                1
 Parameter          11
 Parameter          12
 Parameter          13
 Parameter          10
 Parameter          11
 Parameter          12
 Types          10           1   2.00000000000000       fixed
 Parameter           7
 Types           1           1   5.98771710000000       optimized
 Types           2           1   2.33515172000000       optimized
 Types           3           1   3.18291888000000       optimized
 Types           4           1   3.95801928000000       optimized
 Types           5           1   2.92431701000000       optimized
 Types           6           1   3.10985291000000       optimized
 Types           7           1  0.868825148000000       optimized
 Types           8           1   2.00000000000000       fixed
 Types           9           1   2.00000000000000       fixed
 Types          10           1   2.00000000000000       fixed
 Parameter           8
 Types           1           1   2.00000000000000       fixed
 Types           2           1   2.00000000000000       fixed
 Types           3           1   2.00000000000000       fixed
 Types           4           1   2.00000000000000       fixed
 Types           5           1   2.00000000000000       fixed
 Types           6           1   2.00000000000000       fixed
 Types           7           1   2540.47106000000       fixed
 Parameter           4
 Types           1           1   189378.374000000       fixed
 Types           2           1   34456.4025000000       fixed
 Types           3           1   5.13607325000000       fixed
 Types           4           1   60064.3250000000       fixed
 Types           5           1   30.9761897000000       fixed
 Types           6           1   18.8969260000000       fixed
 Types           7           1   67292.1131000000       fixed
 Parameter           5
 Types           6           1   2.00000000000000       fixed
 Types           7           1   2.00000000000000       fixed
 Types           8           1   2.00000000000000       fixed
 Types           9           1   2.00000000000000       fixed
 Types          10           1   2.00000000000000       fixed
 Parameter           7
 Types           1           1   5.98771710000000       optimized
 Types           2           1   2.33515172000000       optimized
 Types           3           1   3.18291888000000       optimized
 Types           4           1   3.95801928000000       optimized
 Types           5           1   2.92431701000000       optimized
 Types           6           1   3.10985291000000       optimized
 Types           7           1  0.868825148000000       optimized
 Types           8           1   2.00000000000000       fixed
 Types           9           1   2.00000000000000       fixed
 Types          10           1   2.00000000000000       fixed
 Parameter           8
           3           1           1   2.34764672000000                1
           4           1           1   5.55341582000000                1
           5           1           1   6.74216926000000                1
           6           1           1   3.75356318000000                1
           7           1           1   3.99479165000000                1
           8           1           1   3.09770535000000                1
           9           1           1   3.41957883000000                1
          10           1           1   1.87343009000000                1
           1           1           2   15.1633077000000                1
           2           1           2   16.5368464000000                1
           3           1           2   12.1982045000000                1
           4           1           2   22.2799622000000                1
           5           1           2   22.2994460000000                1
           6           1           2   13.7077381000000                1
           7           1           2   11.5986170000000                1
           8           1           2   6.73635657000000                1
           9           1           2   13.3206662000000                1
          10           1           2   8.67509677000000                1
 Parameter          11
 Parameter          12
 Parameter          13
 Potential type used:         262
 damping parameters
 R_0, isyst, npowers  0.000000000000000E+000           9           2
 Two-site nonlinear parameters - transferable format
           1           1           1   2.93739386000000                1
           2           1           1   3.73344844000000                1
           3           1           1   2.34764672000000                1
           4           1           1   5.55341582000000                1
 Parameter          12
 Parameter          13
 Potential type used:         262
 damping parameters
 R_0, isyst, npowers  0.000000000000000E+000           9           2
 Two-site nonlinear parameters - transferable format
           1           1           1   2.93739386000000                1
           2           1           1   3.73344844000000                1
           3           1           1   2.34764672000000                1
           4           1           1   5.55341582000000                1
           5           1           1   6.74216926000000                1
           6           1           1   3.75356318000000                1
           7           1           1   3.99479165000000                1
           8           1           1   3.09770535000000                1
           9           1           1   3.41957883000000                1
          10           1           1   1.87343009000000                1
 Types           1           1   2.93739386000000       optimized
 Types           2           1   3.73344844000000       optimized
 Types           3           1   2.34764672000000       optimized
 Types           4           1   5.55341582000000       optimized
 Types           5           1   6.74216926000000       optimized
 Types           6           1   3.75356318000000       optimized
 Types           7           1   3.99479165000000       optimized
 Types           8           1   3.09770535000000       optimized
 Types           9           1   3.41957883000000       optimized
 Types          10           1   1.87343009000000       optimized
 Parameter           2
 Types           1           1   15.1633077000000       optimized
 Types           2           1   16.5368464000000       optimized
 Types           3           1   12.1982045000000       optimized
 Types           4           1   22.2799622000000       optimized
 Types           5           1   22.2994460000000       optimized
 Types           6           1   13.7077381000000       optimized
 Types           7           1   11.5986170000000       optimized
 Types           8           1   6.73635657000000       optimized
 Types           9           1   13.3206662000000       optimized
 Types          10           1   8.67509677000000       optimized
           5           1           2   22.2994460000000                1
           6           1           2   13.7077381000000                1
           7           1           2   11.5986170000000                1
           8           1           2   6.73635657000000                1
           9           1           2   13.3206662000000                1
          10           1           2   8.67509677000000                1
           1           1           3   22863.4604000000                0
           2           1           3   336.117635000000                0
           3           1           3   41102.7293000000                0
           4           1           3   43438.5576000000                0
           5           1           3   16009.7187000000                0
           6           1           3   7703.22698000000                0
           7           1           3   2540.47106000000                0
           1           1           4   189378.374000000                0
 Parameter          13
 Potential type used:         262
 damping parameters
 R_0, isyst, npowers  0.000000000000000E+000           9           2
 Two-site nonlinear parameters - transferable format
           1           1           1   2.93739386000000                1
           2           1           1   3.73344844000000                1
           3           1           1   2.34764672000000                1
           4           1           1   5.55341582000000                1
           5           1           1   6.74216926000000                1
           6           1           1   3.75356318000000                1
           7           1           1   3.99479165000000                1
           8           1           1   3.09770535000000                1
           9           1           1   3.41957883000000                1
          10           1           1   1.87343009000000                1
 Potential type used:         262
 damping parameters
 R_0, isyst, npowers  0.000000000000000E+000           9           2
 Two-site nonlinear parameters - transferable format
           1           1           1   2.93739386000000                1
           2           1           1   3.73344844000000                1
           3           1           1   2.34764672000000                1
           4           1           1   5.55341582000000                1
           5           1           1   6.74216926000000                1
           6           1           1   3.75356318000000                1
           7           1           1   3.99479165000000                1
           8           1           1   3.09770535000000                1
           9           1           1   3.41957883000000                1
          10           1           1   1.87343009000000                1
           1           1           2   15.1633077000000                1
           2           1           2   16.5368464000000                1
           3           1           2   12.1982045000000                1
           4           1           2   22.2799622000000                1
           5           1           2   22.2994460000000                1
           6           1           2   13.7077381000000                1
           7           1           2   11.5986170000000                1
           8           1           2   6.73635657000000                1
           9           1           2   13.3206662000000                1
          10           1           2   8.67509677000000                1
 Parameter          13
 Potential type used:         262
 damping parameters
 R_0, isyst, npowers  0.000000000000000E+000           9           2
 Two-site nonlinear parameters - transferable format
           1           1           1   2.93739386000000                1
           2           1           1   3.73344844000000                1
           3           1           1   2.34764672000000                1
           4           1           1   5.55341582000000                1
           5           1           1   6.74216926000000                1
           6           1           1   3.75356318000000                1
           7           1           1   3.99479165000000                1
           8           1           1   3.09770535000000                1
           9           1           1   3.41957883000000                1
          10           1           1   1.87343009000000                1
           1           1           2   15.1633077000000                1
           2           1           2   16.5368464000000                1
           3           1           2   12.1982045000000                1
           4           1           2   22.2799622000000                1
           5           1           2   22.2994460000000                1
           6           1           2   13.7077381000000                1
 Types           7           1   2.00000000000000       fixed
 Parameter           9
 Types           1           1   2.00000000000000       fixed
 Types           2           1   2.00000000000000       fixed
 Types           3           1   2.00000000000000       fixed
 Types           4           1   2.00000000000000       fixed
 Types           5           1   2.00000000000000       fixed
 Types           6           1   2.00000000000000       fixed
 Types           7           1   2.00000000000000       fixed
 Parameter          10
 Types           1           1   2.00000000000000       fixed
 Types           2           1   2.00000000000000       fixed
 Types           3           1   2.00000000000000       fixed
 Types           4           1   2.00000000000000       fixed
 Types           5           1   2.00000000000000       fixed
 Types           6           1   2.00000000000000       fixed
 Types           7           1   2.00000000000000       fixed
 Parameter           9
 Types           1           1   2.00000000000000       fixed
 Types           2           1   2.00000000000000       fixed
 Types           3           1   2.00000000000000       fixed
 Types           4           1   2.00000000000000       fixed
 Types           5           1   2.00000000000000       fixed
 Types           6           1   2.00000000000000       fixed
 Types           7           1   2.00000000000000       fixed
           1           1           3   22863.4604000000                0
           2           1           3   336.117635000000                0
           3           1           3   41102.7293000000                0
           4           1           3   43438.5576000000                0
           5           1           3   16009.7187000000                0
           6           1           3   7703.22698000000                0
           7           1           3   2540.47106000000                0
           1           1           4   189378.374000000                0
           2           1           4   34456.4025000000                0
           3           1           4   5.13607325000000                0
           4           1           4   60064.3250000000                0
           5           1           4   30.9761897000000                0
           6           1           4   18.8969260000000                0
           7           1           4   67292.1131000000                0
           5           1           1   6.74216926000000                1
           6           1           1   3.75356318000000                1
           7           1           1   3.99479165000000                1
           8           1           1   3.09770535000000                1
           9           1           1   3.41957883000000                1
          10           1           1   1.87343009000000                1
           1           1           2   15.1633077000000                1
           2           1           2   16.5368464000000                1
           3           1           2   12.1982045000000                1
           4           1           2   22.2799622000000                1
           5           1           2   22.2994460000000                1
           6           1           2   13.7077381000000                1
           7           1           2   11.5986170000000                1
           8           1           2   6.73635657000000                1
           9           1           2   13.3206662000000                1
          10           1           2   8.67509677000000                1
 Parameter           3
 Types           1           1   22863.4604000000       fixed
 Types           2           1   336.117635000000       fixed
 Types           3           1   41102.7293000000       fixed
 Types           4           1   43438.5576000000       fixed
 Types           5           1   16009.7187000000       fixed
 Types           6           1   7703.22698000000       fixed
 Types           7           1   2540.47106000000       fixed
 Parameter           4
 Types           1           1   189378.374000000       fixed
 Types           2           1   34456.4025000000       fixed
           2           1           4   34456.4025000000                0
           3           1           4   5.13607325000000                0
           4           1           4   60064.3250000000                0
           5           1           4   30.9761897000000                0
           6           1           4   18.8969260000000                0
           7           1           4   67292.1131000000                0
           1           1           2   15.1633077000000                1
           2           1           2   16.5368464000000                1
           3           1           2   12.1982045000000                1
           4           1           2   22.2799622000000                1
           5           1           2   22.2994460000000                1
           6           1           2   13.7077381000000                1
           7           1           2   11.5986170000000                1
           8           1           2   6.73635657000000                1
           9           1           2   13.3206662000000                1
          10           1           2   8.67509677000000                1
           1           1           3   22863.4604000000                0
           2           1           3   336.117635000000                0
           3           1           3   41102.7293000000                0
           4           1           3   43438.5576000000                0
           5           1           3   16009.7187000000                0
           6           1           3   7703.22698000000                0
           7           1           3   2540.47106000000                0
 Parameter           6
 Types           1           1   2.00000000000000       fixed
 Types           2           1   2.00000000000000       fixed
 Types           3           1   2.00000000000000       fixed
 Types           4           1   2.00000000000000       fixed
 Types           5           1   2.00000000000000       fixed
 Types           6           1   2.00000000000000       fixed
 Types           7           1   2.00000000000000       fixed
           1           1           2   15.1633077000000                1
           2           1           2   16.5368464000000                1
           3           1           2   12.1982045000000                1
           4           1           2   22.2799622000000                1
           5           1           2   22.2994460000000                1
           6           1           2   13.7077381000000                1
           7           1           2   11.5986170000000                1
           8           1           2   6.73635657000000                1
           9           1           2   13.3206662000000                1
          10           1           2   8.67509677000000                1
           1           1           3   22863.4604000000                0
           2           1           3   336.117635000000                0
           3           1           3   41102.7293000000                0
           4           1           3   43438.5576000000                0
           5           1           3   16009.7187000000                0
           6           1           3   7703.22698000000                0
           7           1           3   2540.47106000000                0
           7           1           2   11.5986170000000                1
           8           1           2   6.73635657000000                1
           9           1           2   13.3206662000000                1
          10           1           2   8.67509677000000                1
           1           1           3   22863.4604000000                0
           2           1           3   336.117635000000                0
           3           1           3   41102.7293000000                0
           4           1           3   43438.5576000000                0
           5           1           3   16009.7187000000                0
           6           1           3   7703.22698000000                0
           7           1           3   2540.47106000000                0
           1           1           3   22863.4604000000                0
           2           1           3   336.117635000000                0
           3           1           3   41102.7293000000                0
           4           1           3   43438.5576000000                0
           5           1           3   16009.7187000000                0
           6           1           3   7703.22698000000                0
           7           1           3   2540.47106000000                0
           1           1           4   189378.374000000                0
           2           1           4   34456.4025000000                0
           3           1           4   5.13607325000000                0
           4           1           4   60064.3250000000                0
           5           1           4   30.9761897000000                0
 Parameter          11
 Parameter          12
 Parameter          13
 Parameter          10
 Parameter          11
 Parameter          12
 Types           3           1   5.13607325000000       fixed
 Types           4           1   60064.3250000000       fixed
 Types           5           1   30.9761897000000       fixed
 Types           6           1   18.8969260000000       fixed
 Types           7           1   67292.1131000000       fixed
 Parameter           5
           1           1           6   2.00000000000000                0
           2           1           6   2.00000000000000                0
           3           1           6   2.00000000000000                0
           4           1           6   2.00000000000000                0
           5           1           6   2.00000000000000                0
           6           1           6   2.00000000000000                0
           7           1           6   2.00000000000000                0
           8           1           6   2.00000000000000                0
           9           1           6   2.00000000000000                0
          10           1           6   2.00000000000000                0
           1           1           7   5.98771710000000                1
           2           1           7   2.33515172000000                1
           3           1           7   3.18291888000000                1
           1           1           3   22863.4604000000                0
           2           1           3   336.117635000000                0
           3           1           3   41102.7293000000                0
           4           1           3   43438.5576000000                0
           5           1           3   16009.7187000000                0
           6           1           3   7703.22698000000                0
           7           1           3   2540.47106000000                0
           1           1           4   189378.374000000                0
           2           1           4   34456.4025000000                0
           3           1           4   5.13607325000000                0
           4           1           4   60064.3250000000                0
           5           1           4   30.9761897000000                0
           6           1           4   18.8969260000000                0
           7           1           4   67292.1131000000                0
           1           1           6   2.00000000000000                0
           2           1           6   2.00000000000000                0
           3           1           6   2.00000000000000                0
           4           1           6   2.00000000000000                0
           5           1           6   2.00000000000000                0
           6           1           6   2.00000000000000                0
           7           1           6   2.00000000000000                0
           8           1           6   2.00000000000000                0
           9           1           6   2.00000000000000                0
          10           1           6   2.00000000000000                0
           1           1           7   5.98771710000000                1
           2           1           7   2.33515172000000                1
           3           1           7   3.18291888000000                1
 Types           8           1   2.00000000000000       fixed
 Types           9           1   2.00000000000000       fixed
 Types          10           1   2.00000000000000       fixed
 Parameter           7
 Types           1           1   5.98771710000000       optimized
 Types           2           1   2.33515172000000       optimized
 Types           3           1   3.18291888000000       optimized
 Types           4           1   3.95801928000000       optimized
           1           1           4   189378.374000000                0
           2           1           4   34456.4025000000                0
           3           1           4   5.13607325000000                0
           4           1           4   60064.3250000000                0
           5           1           4   30.9761897000000                0
           6           1           4   18.8969260000000                0
           7           1           4   67292.1131000000                0
           1           1           4   189378.374000000                0
           2           1           4   34456.4025000000                0
           3           1           4   5.13607325000000                0
           4           1           4   60064.3250000000                0
           5           1           4   30.9761897000000                0
           6           1           4   18.8969260000000                0
           7           1           4   67292.1131000000                0
           1           1           6   2.00000000000000                0
           2           1           6   2.00000000000000                0
           6           1           4   18.8969260000000                0
           7           1           4   67292.1131000000                0
           1           1           6   2.00000000000000                0
           2           1           6   2.00000000000000                0
           3           1           6   2.00000000000000                0
           4           1           6   2.00000000000000                0
           5           1           6   2.00000000000000                0
           6           1           6   2.00000000000000                0
           7           1           6   2.00000000000000                0
           1           1           4   189378.374000000                0
           2           1           4   34456.4025000000                0
           3           1           4   5.13607325000000                0
           4           1           4   60064.3250000000                0
           5           1           4   30.9761897000000                0
           6           1           4   18.8969260000000                0
           7           1           4   67292.1131000000                0
           1           1           6   2.00000000000000                0
           2           1           6   2.00000000000000                0
           3           1           6   2.00000000000000                0
           4           1           7   3.95801928000000                1
           5           1           7   2.92431701000000                1
           6           1           7   3.10985291000000                1
           7           1           7  0.868825148000000                1
           8           1           7   2.00000000000000                0
           9           1           7   2.00000000000000                0
          10           1           7   2.00000000000000                0
           1           1           8   2.00000000000000                0
           2           1           8   2.00000000000000                0
           3           1           8   2.00000000000000                0
           4           1           8   2.00000000000000                0
           5           1           8   2.00000000000000                0
           6           1           8   2.00000000000000                0
           7           1           8   2.00000000000000                0
 Parameter           6
 Types           1           1   2.00000000000000       fixed
 Types           2           1   2.00000000000000       fixed
 Types           3           1   2.00000000000000       fixed
 Types           4           1   2.00000000000000       fixed
 Types           5           1   2.00000000000000       fixed
 Types           6           1   2.00000000000000       fixed
 Types           7           1   2.00000000000000       fixed
 Types           8           1   2.00000000000000       fixed
 Types           9           1   2.00000000000000       fixed
 Types          10           1   2.00000000000000       fixed
 Parameter           7
 Types           1           1   5.98771710000000       optimized
 Types           2           1   2.33515172000000       optimized
 Types           3           1   3.18291888000000       optimized
 Types           4           1   3.95801928000000       optimized
 Types           5           1   2.92431701000000       optimized
 Parameter          13
 Potential type used:         262
 damping parameters
 R_0, isyst, npowers  0.000000000000000E+000           9           2
 Two-site nonlinear parameters - transferable format
           1           1           1   2.93739386000000                1
           2           1           1   3.73344844000000                1
           3           1           1   2.34764672000000                1
           4           1           1   5.55341582000000                1
           5           1           1   6.74216926000000                1
           6           1           1   3.75356318000000                1
           7           1           1   3.99479165000000                1
           8           1           1   3.09770535000000                1
           9           1           1   3.41957883000000                1
          10           1           1   1.87343009000000                1
 Potential type used:         262
 damping parameters
 R_0, isyst, npowers  0.000000000000000E+000           9           2
 Two-site nonlinear parameters - transferable format
           1           1           1   2.93739386000000                1
           2           1           1   3.73344844000000                1
           3           1           1   2.34764672000000                1
           4           1           1   5.55341582000000                1
           5           1           1   6.74216926000000                1
           6           1           1   3.75356318000000                1
           7           1           1   3.99479165000000                1
           8           1           1   3.09770535000000                1
           9           1           1   3.41957883000000                1
          10           1           1   1.87343009000000                1
           1           1           2   15.1633077000000                1
           2           1           2   16.5368464000000                1
           3           1           2   12.1982045000000                1
           4           1           2   22.2799622000000                1
           5           1           2   22.2994460000000                1
           6           1           2   13.7077381000000                1
           7           1           2   11.5986170000000                1
           4           1           7   3.95801928000000                1
           5           1           7   2.92431701000000                1
           6           1           7   3.10985291000000                1
           7           1           7  0.868825148000000                1
           8           1           7   2.00000000000000                0
           9           1           7   2.00000000000000                0
          10           1           7   2.00000000000000                0
           1           1           8   2.00000000000000                0
           2           1           8   2.00000000000000                0
           3           1           8   2.00000000000000                0
           4           1           8   2.00000000000000                0
           5           1           8   2.00000000000000                0
           6           1           8   2.00000000000000                0
           7           1           8   2.00000000000000                0
 Types           5           1   2.92431701000000       optimized
 Types           6           1   3.10985291000000       optimized
 Types           7           1  0.868825148000000       optimized
 Types           8           1   2.00000000000000       fixed
 Types           9           1   2.00000000000000       fixed
 Types          10           1   2.00000000000000       fixed
           1           1           6   2.00000000000000                0
           2           1           6   2.00000000000000                0
           3           1           6   2.00000000000000                0
           4           1           6   2.00000000000000                0
           5           1           6   2.00000000000000                0
           6           1           6   2.00000000000000                0
           7           1           6   2.00000000000000                0
           8           1           6   2.00000000000000                0
           9           1           6   2.00000000000000                0
          10           1           6   2.00000000000000                0
           1           1           7   5.98771710000000                1
           2           1           7   2.33515172000000                1
           1           1           6   2.00000000000000                0
           2           1           6   2.00000000000000                0
           3           1           6   2.00000000000000                0
           4           1           6   2.00000000000000                0
           5           1           6   2.00000000000000                0
           6           1           6   2.00000000000000                0
           7           1           6   2.00000000000000                0
           8           1           6   2.00000000000000                0
           9           1           6   2.00000000000000                0
          10           1           6   2.00000000000000                0
           1           1           7   5.98771710000000                1
           2           1           7   2.33515172000000                1
           3           1           7   3.18291888000000                1
           4           1           7   3.95801928000000                1
           5           1           7   2.92431701000000                1
           6           1           7   3.10985291000000                1
           7           1           7  0.868825148000000                1
           8           1           7   2.00000000000000                0
           9           1           7   2.00000000000000                0
           3           1           6   2.00000000000000                0
           4           1           6   2.00000000000000                0
           5           1           6   2.00000000000000                0
           6           1           6   2.00000000000000                0
           7           1           6   2.00000000000000                0
           8           1           6   2.00000000000000                0
           9           1           6   2.00000000000000                0
          10           1           6   2.00000000000000                0
           1           1           7   5.98771710000000                1
           2           1           7   2.33515172000000                1
           3           1           7   3.18291888000000                1
           4           1           7   3.95801928000000                1
           5           1           7   2.92431701000000                1
           6           1           7   3.10985291000000                1
           7           1           7  0.868825148000000                1
           8           1           7   2.00000000000000                0
           9           1           7   2.00000000000000                0
          10           1           7   2.00000000000000                0
           8           1           6   2.00000000000000                0
           9           1           6   2.00000000000000                0
          10           1           6   2.00000000000000                0
           1           1           7   5.98771710000000                1
           2           1           7   2.33515172000000                1
           3           1           7   3.18291888000000                1
           4           1           7   3.95801928000000                1
           5           1           7   2.92431701000000                1
           6           1           7   3.10985291000000                1
           7           1           7  0.868825148000000                1
           8           1           7   2.00000000000000                0
           9           1           7   2.00000000000000                0
          10           1           7   2.00000000000000                0
           4           1           6   2.00000000000000                0
           5           1           6   2.00000000000000                0
           6           1           6   2.00000000000000                0
           7           1           6   2.00000000000000                0
           8           1           6   2.00000000000000                0
           9           1           6   2.00000000000000                0
          10           1           6   2.00000000000000                0
           1           1           7   5.98771710000000                1
           2           1           7   2.33515172000000                1
           3           1           7   3.18291888000000                1
           4           1           7   3.95801928000000                1
           5           1           7   2.92431701000000                1
           6           1           7   3.10985291000000                1
           7           1           7  0.868825148000000                1
           8           1           7   2.00000000000000                0
           1           1           9   2.00000000000000                0
           2           1           9   2.00000000000000                0
           3           1           9   2.00000000000000                0
           4           1           9   2.00000000000000                0
           5           1           9   2.00000000000000                0
           6           1           9   2.00000000000000                0
           7           1           9   2.00000000000000                0
 Types           6           1   3.10985291000000       optimized
 Types           7           1  0.868825148000000       optimized
 Types           8           1   2.00000000000000       fixed
 Types           9           1   2.00000000000000       fixed
 Types          10           1   2.00000000000000       fixed
 Parameter           8
 Types           1           1   2.00000000000000       fixed
 Types           2           1   2.00000000000000       fixed
 Types           3           1   2.00000000000000       fixed
 Types           4           1   2.00000000000000       fixed
 Types           5           1   2.00000000000000       fixed
 Types           6           1   2.00000000000000       fixed
 Types           7           1   2.00000000000000       fixed
           8           1           2   6.73635657000000                1
           9           1           2   13.3206662000000                1
          10           1           2   8.67509677000000                1
           1           1           3   22863.4604000000                0
           2           1           3   336.117635000000                0
           3           1           3   41102.7293000000                0
           4           1           3   43438.5576000000                0
           5           1           3   16009.7187000000                0
           6           1           3   7703.22698000000                0
           7           1           3   2540.47106000000                0
           1           1           2   15.1633077000000                1
           2           1           2   16.5368464000000                1
           3           1           2   12.1982045000000                1
           4           1           2   22.2799622000000                1
           5           1           2   22.2994460000000                1
           6           1           2   13.7077381000000                1
           7           1           2   11.5986170000000                1
           8           1           2   6.73635657000000                1
           9           1           2   13.3206662000000                1
          10           1           2   8.67509677000000                1
           1           1           3   22863.4604000000                0
           2           1           3   336.117635000000                0
           3           1           3   41102.7293000000                0
           4           1           3   43438.5576000000                0
           5           1           3   16009.7187000000                0
           6           1           3   7703.22698000000                0
           7           1           3   2540.47106000000                0
 Parameter           8
 Types           1           1   2.00000000000000       fixed
 Types           2           1   2.00000000000000       fixed
 Types           3           1   2.00000000000000       fixed
 Types           4           1   2.00000000000000       fixed
 Types           5           1   2.00000000000000       fixed
 Types           6           1   2.00000000000000       fixed
 Types           7           1   2.00000000000000       fixed
           1           1           9   2.00000000000000                0
           2           1           9   2.00000000000000                0
           3           1           9   2.00000000000000                0
           4           1           9   2.00000000000000                0
           5           1           9   2.00000000000000                0
           6           1           9   2.00000000000000                0
           7           1           9   2.00000000000000                0
           3           1           7   3.18291888000000                1
           4           1           7   3.95801928000000                1
           5           1           7   2.92431701000000                1
           6           1           7   3.10985291000000                1
           7           1           7  0.868825148000000                1
           8           1           7   2.00000000000000                0
           9           1           7   2.00000000000000                0
          10           1           7   2.00000000000000                0
           1           1           8   2.00000000000000                0
           2           1           8   2.00000000000000                0
           3           1           8   2.00000000000000                0
           4           1           8   2.00000000000000                0
           5           1           8   2.00000000000000                0
           6           1           8   2.00000000000000                0
           7           1           8   2.00000000000000                0
           1           1           9   2.00000000000000                0
           2           1           9   2.00000000000000                0
          10           1           7   2.00000000000000                0
           1           1           8   2.00000000000000                0
           2           1           8   2.00000000000000                0
           3           1           8   2.00000000000000                0
           4           1           8   2.00000000000000                0
           5           1           8   2.00000000000000                0
           6           1           8   2.00000000000000                0
           7           1           8   2.00000000000000                0
           1           1           9   2.00000000000000                0
           2           1           9   2.00000000000000                0
           3           1           9   2.00000000000000                0
           4           1           9   2.00000000000000                0
           5           1           9   2.00000000000000                0
           6           1           9   2.00000000000000                0
           1           1           8   2.00000000000000                0
           2           1           8   2.00000000000000                0
           3           1           8   2.00000000000000                0
           4           1           8   2.00000000000000                0
           5           1           8   2.00000000000000                0
           6           1           8   2.00000000000000                0
           7           1           8   2.00000000000000                0
           1           1           9   2.00000000000000                0
           2           1           9   2.00000000000000                0
           3           1           9   2.00000000000000                0
           4           1           9   2.00000000000000                0
           5           1           9   2.00000000000000                0
           6           1           9   2.00000000000000                0
           7           1           9   2.00000000000000                0
           1           1           8   2.00000000000000                0
           2           1           8   2.00000000000000                0
           3           1           8   2.00000000000000                0
           4           1           8   2.00000000000000                0
           5           1           8   2.00000000000000                0
           6           1           8   2.00000000000000                0
           7           1           8   2.00000000000000                0
           1           1           9   2.00000000000000                0
           2           1           9   2.00000000000000                0
           3           1           9   2.00000000000000                0
           4           1           9   2.00000000000000                0
           5           1           9   2.00000000000000                0
           6           1           9   2.00000000000000                0
           7           1           9   2.00000000000000                0
           9           1           7   2.00000000000000                0
          10           1           7   2.00000000000000                0
           1           1           8   2.00000000000000                0
           2           1           8   2.00000000000000                0
           3           1           8   2.00000000000000                0
           4           1           8   2.00000000000000                0
           5           1           8   2.00000000000000                0
           6           1           8   2.00000000000000                0
           7           1           8   2.00000000000000                0
           1           1           9   2.00000000000000                0
           2           1           9   2.00000000000000                0
           3           1           9   2.00000000000000                0
           1           1           4   189378.374000000                0
           2           1           4   34456.4025000000                0
           3           1           4   5.13607325000000                0
           4           1           4   60064.3250000000                0
           5           1           4   30.9761897000000                0
           6           1           4   18.8969260000000                0
           7           1           4   67292.1131000000                0
 Parameter           9
 Types           1           1   2.00000000000000       fixed
 Types           2           1   2.00000000000000       fixed
 Types           3           1   2.00000000000000       fixed
 Types           4           1   2.00000000000000       fixed
 Types           5           1   2.00000000000000       fixed
 Types           6           1   2.00000000000000       fixed
 Types           7           1   2.00000000000000       fixed
 Parameter          10
           1           1           4   189378.374000000                0
           2           1           4   34456.4025000000                0
           3           1           4   5.13607325000000                0
           4           1           4   60064.3250000000                0
           5           1           4   30.9761897000000                0
           6           1           4   18.8969260000000                0
           7           1           4   67292.1131000000                0
           3           1           9   2.00000000000000                0
           4           1           9   2.00000000000000                0
           5           1           9   2.00000000000000                0
           6           1           9   2.00000000000000                0
           7           1           9   2.00000000000000                0
 Parameter           9
 Types           1           1   2.00000000000000       fixed
 Types           2           1   2.00000000000000       fixed
 Types           3           1   2.00000000000000       fixed
 Types           4           1   2.00000000000000       fixed
 Types           5           1   2.00000000000000       fixed
 Types           6           1   2.00000000000000       fixed
 Types           7           1   2.00000000000000       fixed
           7           1           9   2.00000000000000                0
 Before
 numlin          20
           4           1           9   2.00000000000000                0
           5           1           9   2.00000000000000                0
           6           1           9   2.00000000000000                0
           7           1           9   2.00000000000000                0
           1           1           6   2.00000000000000                0
           2           1           6   2.00000000000000                0
           3           1           6   2.00000000000000                0
           4           1           6   2.00000000000000                0
           5           1           6   2.00000000000000                0
           6           1           6   2.00000000000000                0
           7           1           6   2.00000000000000                0
           8           1           6   2.00000000000000                0
           9           1           6   2.00000000000000                0
          10           1           6   2.00000000000000                0
 Parameter          11
 Parameter          12
 Parameter          10
 Parameter          11
 Before
 numlin          20
           1           1           6   2.00000000000000                0
           2           1           6   2.00000000000000                0
           3           1           6   2.00000000000000                0
           4           1           6   2.00000000000000                0
           5           1           6   2.00000000000000                0
           6           1           6   2.00000000000000                0
           7           1           6   2.00000000000000                0
           8           1           6   2.00000000000000                0
           9           1           6   2.00000000000000                0
          10           1           6   2.00000000000000                0
           1           1           7   5.98771710000000                1
           2           1           7   2.33515172000000                1
           3           1           7   3.18291888000000                1
           4           1           7   3.95801928000000                1
           5           1           7   2.92431701000000                1
           6           1           7   3.10985291000000                1
           7           1           7  0.868825148000000                1
           8           1           7   2.00000000000000                0
           9           1           7   2.00000000000000                0
 Parameter          13
           1           1           7   5.98771710000000                1
           2           1           7   2.33515172000000                1
           3           1           7   3.18291888000000                1
           4           1           7   3.95801928000000                1
           5           1           7   2.92431701000000                1
           6           1           7   3.10985291000000                1
           7           1           7  0.868825148000000                1
          10           1           7   2.00000000000000                0
 Parameter          12
 Before
 numlin          20
 RDmom entered
           8           1           7   2.00000000000000                0
           9           1           7   2.00000000000000                0
          10           1           7   2.00000000000000                0
           1           1           8   2.00000000000000                0
           2           1           8   2.00000000000000                0
           3           1           8   2.00000000000000                0
           4           1           8   2.00000000000000                0
 Before
 numlin          20
           1           1           8   2.00000000000000                0
           2           1           8   2.00000000000000                0
           3           1           8   2.00000000000000                0
           4           1           8   2.00000000000000                0
           5           1           8   2.00000000000000                0
           6           1           8   2.00000000000000                0
           7           1           8   2.00000000000000                0
 Potential type used:         262
 damping parameters
 R_0, isyst, npowers  0.000000000000000E+000           9           2
 Two-site nonlinear parameters - transferable format
           1           1           1   2.93739386000000                1
           2           1           1   3.73344844000000                1
           3           1           1   2.34764672000000                1
           4           1           1   5.55341582000000                1
           5           1           1   6.74216926000000                1
           6           1           1   3.75356318000000                1
           7           1           1   3.99479165000000                1
           8           1           1   3.09770535000000                1
           9           1           1   3.41957883000000                1
          10           1           1   1.87343009000000                1
 Before
 numlin          20
 Before
 numlin          20
 Parameter          13
 Before
 numlin          20
           5           1           8   2.00000000000000                0
           6           1           8   2.00000000000000                0
           7           1           8   2.00000000000000                0
           1           1           9   2.00000000000000                0
           2           1           9   2.00000000000000                0
           3           1           9   2.00000000000000                0
           4           1           9   2.00000000000000                0
           1           1           9   2.00000000000000                0
           2           1           9   2.00000000000000                0
           3           1           9   2.00000000000000                0
           4           1           9   2.00000000000000                0
           5           1           9   2.00000000000000                0
           6           1           9   2.00000000000000                0
           7           1           9   2.00000000000000                0
           1           1           2   15.1633077000000                1
           2           1           2   16.5368464000000                1
           3           1           2   12.1982045000000                1
           4           1           2   22.2799622000000                1
           5           1           2   22.2994460000000                1
           6           1           2   13.7077381000000                1
 Potential type used:         262
 damping parameters
 R_0, isyst, npowers  0.000000000000000E+000           9           2
 Two-site nonlinear parameters - transferable format
           1           1           1   2.93739386000000                1
           2           1           1   3.73344844000000                1
           3           1           1   2.34764672000000                1
           4           1           1   5.55341582000000                1
           5           1           1   6.74216926000000                1
           6           1           1   3.75356318000000                1
           7           1           1   3.99479165000000                1
           8           1           1   3.09770535000000                1
           9           1           1   3.41957883000000                1
          10           1           1   1.87343009000000                1
           5           1           9   2.00000000000000                0
           6           1           9   2.00000000000000                0
           7           1           9   2.00000000000000                0
           7           1           2   11.5986170000000                1
           8           1           2   6.73635657000000                1
           9           1           2   13.3206662000000                1
          10           1           2   8.67509677000000                1
           1           1           3   22863.4604000000                0
           2           1           3   336.117635000000                0
           3           1           3   41102.7293000000                0
           4           1           3   43438.5576000000                0
           5           1           3   16009.7187000000                0
           6           1           3   7703.22698000000                0
           7           1           3   2540.47106000000                0
           1           1           4   189378.374000000                0
           2           1           4   34456.4025000000                0
           3           1           4   5.13607325000000                0
           4           1           4   60064.3250000000                0
           5           1           4   30.9761897000000                0
           6           1           4   18.8969260000000                0
           7           1           4   67292.1131000000                0
 RDmom entered
 RDmom entered
 RDmom entered
           1           1           2   15.1633077000000                1
           2           1           2   16.5368464000000                1
           3           1           2   12.1982045000000                1
           4           1           2   22.2799622000000                1
           5           1           2   22.2994460000000                1
           6           1           2   13.7077381000000                1
           7           1           2   11.5986170000000                1
           8           1           2   6.73635657000000                1
           9           1           2   13.3206662000000                1
          10           1           2   8.67509677000000                1
 RDmom entered
 Before
 numlin          20
 RDmom entered
 Before
 numlin          20
           1           1           6   2.00000000000000                0
           2           1           6   2.00000000000000                0
           3           1           6   2.00000000000000                0
           4           1           6   2.00000000000000                0
           5           1           6   2.00000000000000                0
           6           1           6   2.00000000000000                0
           7           1           6   2.00000000000000                0
           8           1           6   2.00000000000000                0
           9           1           6   2.00000000000000                0
          10           1           6   2.00000000000000                0
           1           1           3   22863.4604000000                0
           2           1           3   336.117635000000                0
           3           1           3   41102.7293000000                0
           4           1           3   43438.5576000000                0
           5           1           3   16009.7187000000                0
           6           1           3   7703.22698000000                0
           7           1           3   2540.47106000000                0
           1           1           7   5.98771710000000                1
           2           1           7   2.33515172000000                1
           3           1           7   3.18291888000000                1
           4           1           7   3.95801928000000                1
           5           1           7   2.92431701000000                1
           6           1           7   3.10985291000000                1
           7           1           7  0.868825148000000                1
           8           1           7   2.00000000000000                0
           9           1           7   2.00000000000000                0
          10           1           7   2.00000000000000                0
 RDmom entered
 RDmom entered
           1           1           4   189378.374000000                0
           2           1           4   34456.4025000000                0
           1           1           8   2.00000000000000                0
           2           1           8   2.00000000000000                0
           3           1           8   2.00000000000000                0
           4           1           8   2.00000000000000                0
           5           1           8   2.00000000000000                0
           6           1           8   2.00000000000000                0
           7           1           8   2.00000000000000                0
           3           1           4   5.13607325000000                0
           4           1           4   60064.3250000000                0
           5           1           4   30.9761897000000                0
           6           1           4   18.8969260000000                0
           7           1           4   67292.1131000000                0
           1           1           9   2.00000000000000                0
           2           1           9   2.00000000000000                0
           3           1           9   2.00000000000000                0
           4           1           9   2.00000000000000                0
           5           1           9   2.00000000000000                0
           6           1           9   2.00000000000000                0
           7           1           9   2.00000000000000                0
           1           1           6   2.00000000000000                0
           2           1           6   2.00000000000000                0
           3           1           6   2.00000000000000                0
           4           1           6   2.00000000000000                0
           5           1           6   2.00000000000000                0
           6           1           6   2.00000000000000                0
           7           1           6   2.00000000000000                0
           8           1           6   2.00000000000000                0
           9           1           6   2.00000000000000                0
          10           1           6   2.00000000000000                0
           1           1           7   5.98771710000000                1
           2           1           7   2.33515172000000                1
           3           1           7   3.18291888000000                1
           4           1           7   3.95801928000000                1
           5           1           7   2.92431701000000                1
           6           1           7   3.10985291000000                1
           7           1           7  0.868825148000000                1
           8           1           7   2.00000000000000                0
 Before
 numlin          20
           9           1           7   2.00000000000000                0
          10           1           7   2.00000000000000                0
           1           1           8   2.00000000000000                0
           2           1           8   2.00000000000000                0
           3           1           8   2.00000000000000                0
           4           1           8   2.00000000000000                0
           5           1           8   2.00000000000000                0
           6           1           8   2.00000000000000                0
           7           1           8   2.00000000000000                0
           1           1           9   2.00000000000000                0
           2           1           9   2.00000000000000                0
           3           1           9   2.00000000000000                0
           4           1           9   2.00000000000000                0
           5           1           9   2.00000000000000                0
           6           1           9   2.00000000000000                0
 RDmom entered
           7           1           9   2.00000000000000                0
 Before
 numlin          20
 RDmom entered
 RDmom entered
 nsitea read in          13
 nsitea after          13
 One-site read-in
           1           1           1   2.93739386000000                1
           2           1           1   3.73344844000000                1
           3           1           1   2.34764672000000                1
           4           1           1   5.55341582000000                1
           5           1           1   6.74216926000000                1
           6           1           1   3.75356318000000                1
           7           1           1   3.99479165000000                1
           8           1           1   3.09770535000000                1
           9           1           1   3.41957883000000                1
          10           1           1   1.87343009000000                1
           1           1           2   15.1633077000000                1
           2           1           2   16.5368464000000                1
           3           1           2   12.1982045000000                1
           4           1           2   22.2799622000000                1
           5           1           2   22.2994460000000                1
           6           1           2   13.7077381000000                1
           7           1           2   11.5986170000000                1
           8           1           2   6.73635657000000                1
           9           1           2   13.3206662000000                1
          10           1           2   8.67509677000000                1
           1           1           3   22863.4604000000                0
           2           1           3   336.117635000000                0
           3           1           3   41102.7293000000                0
           4           1           3   43438.5576000000                0
           5           1           3   16009.7187000000                0
           6           1           3   7703.22698000000                0
           7           1           3   2540.47106000000                0
           8           1           3  0.000000000000000E+000           0
           9           1           3  0.000000000000000E+000           0
          10           1           3  0.000000000000000E+000           0
           1           1           4   189378.374000000                0
           2           1           4   34456.4025000000                0
           3           1           4   5.13607325000000                0
           4           1           4   60064.3250000000                0
           5           1           4   30.9761897000000                0
           6           1           4   18.8969260000000                0
           7           1           4   67292.1131000000                0
           8           1           4  0.000000000000000E+000           0
           9           1           4  0.000000000000000E+000           0
          10           1           4  0.000000000000000E+000           0
           1           1           5  0.000000000000000E+000           0
           2           1           5  0.000000000000000E+000           0
           3           1           5  0.000000000000000E+000           0
           4           1           5  0.000000000000000E+000           0
           5           1           5  0.000000000000000E+000           0
           6           1           5  0.000000000000000E+000           0
           7           1           5  0.000000000000000E+000           0
           8           1           5  0.000000000000000E+000           0
           9           1           5  0.000000000000000E+000           0
          10           1           5  0.000000000000000E+000           0
           1           1           6   2.00000000000000                0
           2           1           6   2.00000000000000                0
           3           1           6   2.00000000000000                0
           4           1           6   2.00000000000000                0
           5           1           6   2.00000000000000                0
           6           1           6   2.00000000000000                0
           7           1           6   2.00000000000000                0
           8           1           6   2.00000000000000                0
           9           1           6   2.00000000000000                0
          10           1           6   2.00000000000000                0
           1           1           7   5.98771710000000                1
           2           1           7   2.33515172000000                1
           3           1           7   3.18291888000000                1
           4           1           7   3.95801928000000                1
           5           1           7   2.92431701000000                1
           6           1           7   3.10985291000000                1
           7           1           7  0.868825148000000                1
           8           1           7   2.00000000000000                0
           9           1           7   2.00000000000000                0
          10           1           7   2.00000000000000                0
           1           1           8   2.00000000000000                0
           2           1           8   2.00000000000000                0
           3           1           8   2.00000000000000                0
           4           1           8   2.00000000000000                0
           5           1           8   2.00000000000000                0
           6           1           8   2.00000000000000                0
           7           1           8   2.00000000000000                0
           8           1           8  0.000000000000000E+000           0
           9           1           8  0.000000000000000E+000           0
          10           1           8  0.000000000000000E+000           0
           1           1           9   2.00000000000000                0
           2           1           9   2.00000000000000                0
           3           1           9   2.00000000000000                0
           4           1           9   2.00000000000000                0
           5           1           9   2.00000000000000                0
           6           1           9   2.00000000000000                0
           7           1           9   2.00000000000000                0
           8           1           9  0.000000000000000E+000           0
           9           1           9  0.000000000000000E+000           0
          10           1           9  0.000000000000000E+000           0
             Input parameters
 Monomer A has          13  sites:
 type         x         y          z
     1      -0.5950410E+00       0.0000000E+00       0.6703451E+00
     2       0.7267268E+00       0.0000000E+00       0.4901095E+00
     3      -0.1368092E+01       0.0000000E+00      -0.5410018E+00
     4       0.1292035E+01       0.0000000E+00      -0.5683934E+00
     5       0.1227682E+01       0.0000000E+00       0.1470540E+01
     6      -0.2420420E+01       0.0000000E+00      -0.2726699E+00
     7      -0.1116220E+01      -0.8932470E+00      -0.1104976E+01
     7      -0.1116220E+01       0.8932470E+00      -0.1104976E+01
     8       0.0000000E+00      -0.4498007E+00       0.0000000E+00
     8       0.0000000E+00       0.4498007E+00       0.0000000E+00
     9      -0.1561073E+01       0.0000000E+00       0.6085538E+00
    10       0.3598405E+00      -0.7090975E+00      -0.1074230E+01
    10       0.3598405E+00       0.7090975E+00      -0.1074230E+01
           0  opitmized coordinates for monomer A:
 Monomer B has           1  sites:
 type         x         y          z
     1       0.0000000E+00       0.0000000E+00       0.0000000E+00
           0  opitmized coordinates for monomer B:
 One-site nonlinear parameters:
 Parameter           1
 Parameter           2
 Parameter           3
 Two-site nonlinear parameters:
 Parameter           1
 Types           1           1   2.93739386000000       optimized
 Types           2           1   3.73344844000000       optimized
 Types           3           1   2.34764672000000       optimized
 Types           4           1   5.55341582000000       optimized
 Types           5           1   6.74216926000000       optimized
 Types           6           1   3.75356318000000       optimized
 Types           7           1   3.99479165000000       optimized
 Types           8           1   3.09770535000000       optimized
 Types           9           1   3.41957883000000       optimized
 Types          10           1   1.87343009000000       optimized
 Parameter           2
 Types           1           1   15.1633077000000       optimized
 Types           2           1   16.5368464000000       optimized
 Types           3           1   12.1982045000000       optimized
 Types           4           1   22.2799622000000       optimized
 Types           5           1   22.2994460000000       optimized
 Types           6           1   13.7077381000000       optimized
 Types           7           1   11.5986170000000       optimized
 Types           8           1   6.73635657000000       optimized
 Types           9           1   13.3206662000000       optimized
 Types          10           1   8.67509677000000       optimized
 Parameter           3
 Types           1           1   22863.4604000000       fixed
 Types           2           1   336.117635000000       fixed
 Types           3           1   41102.7293000000       fixed
 Types           4           1   43438.5576000000       fixed
 Types           5           1   16009.7187000000       fixed
 Types           6           1   7703.22698000000       fixed
 Types           7           1   2540.47106000000       fixed
           0  A moments read in:
  L            SCF             MP2             MP3
           0  A moments read in:
  L            SCF             MP2             MP3
           0  A moments read in:
  L            SCF             MP2             MP3
 Parameter           4
 Types           1           1   189378.374000000       fixed
 Types           2           1   34456.4025000000       fixed
 Types           3           1   5.13607325000000       fixed
 Types           4           1   60064.3250000000       fixed
 Types           5           1   30.9761897000000       fixed
 Types           6           1   18.8969260000000       fixed
 Types           7           1   67292.1131000000       fixed
           0  A moments read in:
  L            SCF             MP2             MP3
           0  A moments read in:
  L            SCF             MP2             MP3
           0  A moments read in:
  L            SCF             MP2             MP3
           0  A moments read in:
  L            SCF             MP2             MP3
 Parameter           5
           0  A moments read in:
  L            SCF             MP2             MP3
           0  A moments read in:
  L            SCF             MP2             MP3
           0  A moments read in:
  L            SCF             MP2             MP3
 Parameter           6
 Types           1           1   2.00000000000000       fixed
 Types           2           1   2.00000000000000       fixed
 Types           3           1   2.00000000000000       fixed
 Types           4           1   2.00000000000000       fixed
 Types           5           1   2.00000000000000       fixed
 Types           6           1   2.00000000000000       fixed
 Types           7           1   2.00000000000000       fixed
 Types           8           1   2.00000000000000       fixed
 Types           9           1   2.00000000000000       fixed
 Types          10           1   2.00000000000000       fixed
 Parameter           7
 Types           1           1   5.98771710000000       optimized
 Types           2           1   2.33515172000000       optimized
 Types           3           1   3.18291888000000       optimized
 Types           4           1   3.95801928000000       optimized
 Types           5           1   2.92431701000000       optimized
 Types           6           1   3.10985291000000       optimized
 Types           7           1  0.868825148000000       optimized
 Types           8           1   2.00000000000000       fixed
 Types           9           1   2.00000000000000       fixed
           0  A moments read in:
  L            SCF             MP2             MP3
 Types          10           1   2.00000000000000       fixed
 Parameter           8
 Types           1           1   2.00000000000000       fixed
 Types           2           1   2.00000000000000       fixed
 Types           3           1   2.00000000000000       fixed
 Types           4           1   2.00000000000000       fixed
 Types           5           1   2.00000000000000       fixed
 Types           6           1   2.00000000000000       fixed
 Types           7           1   2.00000000000000       fixed
 Parameter           9
 Types           1           1   2.00000000000000       fixed
 Types           2           1   2.00000000000000       fixed
 Types           3           1   2.00000000000000       fixed
 Types           4           1   2.00000000000000       fixed
 Types           5           1   2.00000000000000       fixed
 Types           6           1   2.00000000000000       fixed
 Types           7           1   2.00000000000000       fixed
 Parameter          10
 Parameter          11
 Parameter          12
 Parameter          13
 Potential type used:         262
 damping parameters
 R_0, isyst, npowers  0.000000000000000E+000           9           2
 Two-site nonlinear parameters - transferable format
           1           1           1   2.93739386000000                1
           2           1           1   3.73344844000000                1
           3           1           1   2.34764672000000                1
           4           1           1   5.55341582000000                1
           5           1           1   6.74216926000000                1
           6           1           1   3.75356318000000                1
           7           1           1   3.99479165000000                1
           8           1           1   3.09770535000000                1
           9           1           1   3.41957883000000                1
          10           1           1   1.87343009000000                1
           1           1           2   15.1633077000000                1
           2           1           2   16.5368464000000                1
           3           1           2   12.1982045000000                1
           4           1           2   22.2799622000000                1
           5           1           2   22.2994460000000                1
           6           1           2   13.7077381000000                1
           7           1           2   11.5986170000000                1
           8           1           2   6.73635657000000                1
           9           1           2   13.3206662000000                1
          10           1           2   8.67509677000000                1
           1           1           3   22863.4604000000                0
           2           1           3   336.117635000000                0
           3           1           3   41102.7293000000                0
           4           1           3   43438.5576000000                0
           5           1           3   16009.7187000000                0
           6           1           3   7703.22698000000                0
           7           1           3   2540.47106000000                0
           1           1           4   189378.374000000                0
           2           1           4   34456.4025000000                0
           3           1           4   5.13607325000000                0
           4           1           4   60064.3250000000                0
           5           1           4   30.9761897000000                0
           6           1           4   18.8969260000000                0
           7           1           4   67292.1131000000                0
           1           1           6   2.00000000000000                0
           2           1           6   2.00000000000000                0
           3           1           6   2.00000000000000                0
           4           1           6   2.00000000000000                0
           5           1           6   2.00000000000000                0
           6           1           6   2.00000000000000                0
           7           1           6   2.00000000000000                0
           8           1           6   2.00000000000000                0
           9           1           6   2.00000000000000                0
          10           1           6   2.00000000000000                0
           1           1           7   5.98771710000000                1
           2           1           7   2.33515172000000                1
           3           1           7   3.18291888000000                1
           4           1           7   3.95801928000000                1
           5           1           7   2.92431701000000                1
           6           1           7   3.10985291000000                1
           7           1           7  0.868825148000000                1
           8           1           7   2.00000000000000                0
           9           1           7   2.00000000000000                0
          10           1           7   2.00000000000000                0
           1           1           8   2.00000000000000                0
           2           1           8   2.00000000000000                0
           3           1           8   2.00000000000000                0
           4           1           8   2.00000000000000                0
           5           1           8   2.00000000000000                0
           6           1           8   2.00000000000000                0
           7           1           8   2.00000000000000                0
           1           1           9   2.00000000000000                0
           2           1           9   2.00000000000000                0
           3           1           9   2.00000000000000                0
           4           1           9   2.00000000000000                0
           5           1           9   2.00000000000000                0
           6           1           9   2.00000000000000                0
           7           1           9   2.00000000000000                0
 Before
 numlin          20
 RDmom entered
           0  B moments read in:
  L            SCF             MP2             MP3
           0  A moments read in:
  L            SCF             MP2             MP3
           0  B moments read in:
  L            SCF             MP2             MP3
 Data Initilization Done
           0  B moments read in:
  L            SCF             MP2             MP3
 Data Initilization Done
 Data Initilization Done
           0  B moments read in:
  L            SCF             MP2             MP3
           0  B moments read in:
  L            SCF             MP2             MP3
           0  B moments read in:
  L            SCF             MP2             MP3
 Data Initilization Done
           0  B moments read in:
  L            SCF             MP2             MP3
 Data Initilization Done
           0  B moments read in:
  L            SCF             MP2             MP3
           0  B moments read in:
  L            SCF             MP2             MP3
           0  B moments read in:
  L            SCF             MP2             MP3
 Data Initilization Done
 Data Initilization Done
           0  B moments read in:
  L            SCF             MP2             MP3
 Data Initilization Done
 Data Initilization Done
           0  B moments read in:
  L            SCF             MP2             MP3
 Data Initilization Done
 Data Initilization Done
 Data Initilization Done
 GAUSS-LEGENDRE GRID DONE
Truncation #1 at #R = 16, R = 6.000, and #2 at #R = 26, R = 8.000
 SPLINING RESIDUE OF Mij
 SYSTEM_SETUP_DONE
MATRIX HAS BEEN SAVED INTO THE FILE  "   MTRX.DAT "
 MPI TASK PER TRAJECTORY WILL BE USED
MPI TASKS WHICH ARE ASSOCIATED WITH ONE TRAJECTORY =     1
 Mij ROOT PROC DISTRIBUTION STARTED
 Mij ROOT PROC DISTRIBUTION DONE
 Mij ALL PROC DISTRIBUTION STARTED
 Mij ALL PROC DISTRIBUTION DONE
 MPI_COMMUNICATORS_CREATION STARTED
 MPI_COMMUNICATORS_CREATION DONE
TIME SPENT ON MATRIX Mij READING/COMPUTING/SAVING ON DISK ,s      17.9
        TIME SPENT ON MATRIX Mij SAVING ON DISK ,s       0.0
 NUMBER OF TRAJECTORIES PER PROC_GROUP MIN           1
  
 SCATTERING CALCULATIONS STARTED
TOTAL J RANGE: FROM    0 TO   35
TOTAL L RANGE: FROM    0 TO   35
l_range1/2/3 =      0     0     0  total =     36
 NUMBER OF TRAJECTORIES PER PROC_GROUP MAX           2
 TOTAL NUMBER OF TRAJECTORIES          36
TIME IT TOOK TO SETUP ARRAYS, s     0
CALCULATIONS START FOR M =    0
TRAJECTORY DONE FOR L=     1 TIME_SPENT=        0.285 SEC.
TRAJECTORY DONE FOR L=     5 TIME_SPENT=        0.279 SEC.
TRAJECTORY DONE FOR L=     7 TIME_SPENT=        0.294 SEC.
TRAJECTORY DONE FOR L=    10 TIME_SPENT=        0.295 SEC.
TRAJECTORY DONE FOR L=     3 TIME_SPENT=        0.298 SEC.
TRAJECTORY DONE FOR L=     9 TIME_SPENT=        0.307 SEC.
TRAJECTORY DONE FOR L=     8 TIME_SPENT=        0.296 SEC.
TRAJECTORY DONE FOR L=    11 TIME_SPENT=        0.309 SEC.
TRAJECTORY DONE FOR L=     2 TIME_SPENT=        0.303 SEC.
TRAJECTORY DONE FOR L=     0 TIME_SPENT=        0.287 SEC.
TRAJECTORY DONE FOR L=     4 TIME_SPENT=        0.293 SEC.
TRAJECTORY DONE FOR L=     6 TIME_SPENT=        0.307 SEC.
TRAJECTORY DONE FOR L=    30 TIME_SPENT=        0.321 SEC.
TRAJECTORY DONE FOR L=    25 TIME_SPENT=        0.315 SEC.
TRAJECTORY DONE FOR L=    31 TIME_SPENT=        0.328 SEC.
TRAJECTORY DONE FOR L=    29 TIME_SPENT=        0.331 SEC.
TRAJECTORY DONE FOR L=    13 TIME_SPENT=        0.331 SEC.
TRAJECTORY DONE FOR L=    27 TIME_SPENT=        0.330 SEC.
TRAJECTORY DONE FOR L=    12 TIME_SPENT=        0.320 SEC.
TRAJECTORY DONE FOR L=    28 TIME_SPENT=        0.324 SEC.
TRAJECTORY DONE FOR L=    23 TIME_SPENT=        0.339 SEC.
TRAJECTORY DONE FOR L=    15 TIME_SPENT=        0.337 SEC.
TRAJECTORY DONE FOR L=    21 TIME_SPENT=        0.332 SEC.
TRAJECTORY DONE FOR L=    24 TIME_SPENT=        0.340 SEC.
TRAJECTORY DONE FOR L=    26 TIME_SPENT=        0.347 SEC.
TRAJECTORY DONE FOR L=    14 TIME_SPENT=        0.348 SEC.
TRAJECTORY DONE FOR L=    22 TIME_SPENT=        0.355 SEC.
TRAJECTORY DONE FOR L=    19 TIME_SPENT=        0.361 SEC.
TRAJECTORY DONE FOR L=    20 TIME_SPENT=        0.359 SEC.
TRAJECTORY DONE FOR L=    16 TIME_SPENT=        0.371 SEC.
TRAJECTORY DONE FOR L=    17 TIME_SPENT=        0.384 SEC.
TRAJECTORY DONE FOR L=    18 TIME_SPENT=        0.389 SEC.
TRAJECTORY DONE FOR L=    33 TIME_SPENT=        0.312 SEC.
TRAJECTORY DONE FOR L=    35 TIME_SPENT=        0.295 SEC.
TRAJECTORY DONE FOR L=    34 TIME_SPENT=        0.311 SEC.
TRAJECTORY DONE FOR L=    32 TIME_SPENT=        0.323 SEC.
ALL TRAJECTORIES DONE FOR ENER_NUM =   1 AND M12 =    0  J12=     0
TIME IT TOOK TO PROPOGATE,s          0
 DATA FROM ALL TRAJECTORIES GATHERED
 INELASTIC CROSS SECTION CALCULATED FOR M           0
  
 CROSS SECTION CALCULATED FOR ENERGY=           1
  
 Trajectory Propagation Time:  0.764850952000000     
  
TOTAL TIME SPENT ON PROPAGATION,sec =       26
THE AVERAGE TIME PER MPI TASK SPENT ON PROPAGATION =    0  h   0   m  0.8  s
TIME SPENT ON INITIALIZATION TOOK WALL CLOCK TIME =    0  h   0   m 18.1  s
TIME SPENT ON MIJ DISTRIBUTION TOOK WALL CLOCK TIME =    0  h   0   m 17.9  s
TIME SPENT ON MIJ REALLOCATION TOOK WALL CLOCK TIME =    0  h   0   m  0.0  s
 ALL WORK DONE

real	0m21.760s
user	5m18.704s
sys	0m10.122s
