MQCT paths: /mmfs1/home/8101lukmani/MQCT-main/Tests/Sys_type_7/ND3_D2_Vgrid_File/MQCT_PATHS.txt -> /mmfs1/home/8101lukmani/MQCT-main/bin/mqct_ND3D2.exe
 MPI INITIALIZED
 PARSERING OF USER INPUT
 ARRAY_INI_STARTED
 STATES_SIZE_FOUND          11
 number_of_channels           3
 jmax_included           2
 BASIS ARRAYS CREATED
ARRAYS ALLOCATION TOOK TIME, s =             0.000
 TOTAL_SIZE_OF_M =           20
  MAKING AN EQUIDIST GRID	
 GRID WILL BE STORED IN FILE FOR FURTHER USE
 THE GRID INI
 Using Equidistant Grid for Angle Alpha
 Using Equidistant Grid for Angle Gamma
    R    Geo1  Nf    Sinv     rms    eest  Geo2  Nf    Sinv     rms    eest
  3.000  3000 120   1.6331978.061 741.143  1000  46   1.949  27.196  21.067
    R    Geo1  Nf    Sinv     rms    eest  Geo2  Nf    Sinv     rms    eest
  3.000  3000 120   1.6331978.061 741.143  1000  46   1.949  27.196  21.067
    R    Geo1  Nf    Sinv     rms    eest  Geo2  Nf    Sinv     rms    eest
  3.000  3000 120   1.6331978.061 741.143  1000  46   1.949  27.196  21.067
    R    Geo1  Nf    Sinv     rms    eest  Geo2  Nf    Sinv     rms    eest
    R    Geo1  Nf    Sinv     rms    eest  Geo2  Nf    Sinv     rms    eest
  3.000  3000 120   1.6331978.061 741.143  1000  46   1.949  27.196  21.067
  3.000  3000 120   1.6331978.061 741.143  1000  46   1.949  27.196  21.067
    R    Geo1  Nf    Sinv     rms    eest  Geo2  Nf    Sinv     rms    eest
  3.000  3000 120   1.6331978.061 741.143  1000  46   1.949  27.196  21.067
    R    Geo1  Nf    Sinv     rms    eest  Geo2  Nf    Sinv     rms    eest
    R    Geo1  Nf    Sinv     rms    eest  Geo2  Nf    Sinv     rms    eest
  3.000  3000 120   1.6331978.061 741.143  1000  46   1.949  27.196  21.067
  3.000  3000 120   1.6331978.061 741.143  1000  46   1.949  27.196  21.067
    R    Geo1  Nf    Sinv     rms    eest  Geo2  Nf    Sinv     rms    eest
  3.000  3000 120   1.6331978.061 741.143  1000  46   1.949  27.196  21.067
    R    Geo1  Nf    Sinv     rms    eest  Geo2  Nf    Sinv     rms    eest
  3.000  3000 120   1.6331978.061 741.143  1000  46   1.949  27.196  21.067
    R    Geo1  Nf    Sinv     rms    eest  Geo2  Nf    Sinv     rms    eest
    R    Geo1  Nf    Sinv     rms    eest  Geo2  Nf    Sinv     rms    eest
  3.000  3000 120   1.6331978.061 741.143  1000  46   1.949  27.196  21.067
  3.000  3000 120   1.6331978.061 741.143  1000  46   1.949  27.196  21.067
    R    Geo1  Nf    Sinv     rms    eest  Geo2  Nf    Sinv     rms    eest
    R    Geo1  Nf    Sinv     rms    eest  Geo2  Nf    Sinv     rms    eest
  3.000  3000 120   1.6331978.061 741.143  1000  46   1.949  27.196  21.067
    R    Geo1  Nf    Sinv     rms    eest  Geo2  Nf    Sinv     rms    eest
  3.000  3000 120   1.6331978.061 741.143  1000  46   1.949  27.196  21.067
  3.000  3000 120   1.6331978.061 741.143  1000  46   1.949  27.196  21.067
    R    Geo1  Nf    Sinv     rms    eest  Geo2  Nf    Sinv     rms    eest
  3.000  3000 120   1.6331978.061 741.143  1000  46   1.949  27.196  21.067
    R    Geo1  Nf    Sinv     rms    eest  Geo2  Nf    Sinv     rms    eest
  3.000  3000 120   1.6331978.061 741.143  1000  46   1.949  27.196  21.067
    R    Geo1  Nf    Sinv     rms    eest  Geo2  Nf    Sinv     rms    eest
    R    Geo1  Nf    Sinv     rms    eest  Geo2  Nf    Sinv     rms    eest
  3.000  3000 120   1.6331978.061 741.143  1000  46   1.949  27.196  21.067
    R    Geo1  Nf    Sinv     rms    eest  Geo2  Nf    Sinv     rms    eest
  3.000  3000 120   1.6331978.061 741.143  1000  46   1.949  27.196  21.067
  3.000  3000 120   1.6331978.061 741.143  1000  46   1.949  27.196  21.067
    R    Geo1  Nf    Sinv     rms    eest  Geo2  Nf    Sinv     rms    eest
  3.000  3000 120   1.6331978.061 741.143  1000  46   1.949  27.196  21.067
    R    Geo1  Nf    Sinv     rms    eest  Geo2  Nf    Sinv     rms    eest
    R    Geo1  Nf    Sinv     rms    eest  Geo2  Nf    Sinv     rms    eest
  3.000  3000 120   1.6331978.061 741.143  1000  46   1.949  27.196  21.067
  3.000  3000 120   1.6331978.061 741.143  1000  46   1.949  27.196  21.067
    R    Geo1  Nf    Sinv     rms    eest  Geo2  Nf    Sinv     rms    eest
    R    Geo1  Nf    Sinv     rms    eest  Geo2  Nf    Sinv     rms    eest
  3.000  3000 120   1.6331978.061 741.143  1000  46   1.949  27.196  21.067
  3.000  3000 120   1.6331978.061 741.143  1000  46   1.949  27.196  21.067
    R    Geo1  Nf    Sinv     rms    eest  Geo2  Nf    Sinv     rms    eest
  3.000  3000 120   1.6331978.061 741.143  1000  46   1.949  27.196  21.067
    R    Geo1  Nf    Sinv     rms    eest  Geo2  Nf    Sinv     rms    eest
    R    Geo1  Nf    Sinv     rms    eest  Geo2  Nf    Sinv     rms    eest
  3.000  3000 120   1.6331978.061 741.143  1000  46   1.949  27.196  21.067
  3.000  3000 120   1.6331978.061 741.143  1000  46   1.949  27.196  21.067
    R    Geo1  Nf    Sinv     rms    eest  Geo2  Nf    Sinv     rms    eest
  3.000  3000 120   1.6331978.061 741.143  1000  46   1.949  27.196  21.067
    R    Geo1  Nf    Sinv     rms    eest  Geo2  Nf    Sinv     rms    eest
  3.000  3000 120   1.6331978.061 741.143  1000  46   1.949  27.196  21.067
    R    Geo1  Nf    Sinv     rms    eest  Geo2  Nf    Sinv     rms    eest
  3.000  3000 120   1.6331978.061 741.143  1000  46   1.949  27.196  21.067
    R    Geo1  Nf    Sinv     rms    eest  Geo2  Nf    Sinv     rms    eest
  3.000  3000 120   1.6331978.061 741.143  1000  46   1.949  27.196  21.067
    R    Geo1  Nf    Sinv     rms    eest  Geo2  Nf    Sinv     rms    eest
  3.000  3000 120   1.6331978.061 741.143  1000  46   1.949  27.196  21.067
    R    Geo1  Nf    Sinv     rms    eest  Geo2  Nf    Sinv     rms    eest
  3.000  3000 120   1.6331978.061 741.143  1000  46   1.949  27.196  21.067
    R    Geo1  Nf    Sinv     rms    eest  Geo2  Nf    Sinv     rms    eest
  3.000  3000 120   1.6331978.061 741.143  1000  46   1.949  27.196  21.067
    R    Geo1  Nf    Sinv     rms    eest  Geo2  Nf    Sinv     rms    eest
  3.000  3000 120   1.6331978.061 741.143  1000  46   1.949  27.196  21.067
    R    Geo1  Nf    Sinv     rms    eest  Geo2  Nf    Sinv     rms    eest
  3.000  3000 120   1.6331978.061 741.143  1000  46   1.949  27.196  21.067
    R    Geo1  Nf    Sinv     rms    eest  Geo2  Nf    Sinv     rms    eest
  3.000  3000 120   1.6331978.061 741.143  1000  46   1.949  27.196  21.067
    R    Geo1  Nf    Sinv     rms    eest  Geo2  Nf    Sinv     rms    eest
  3.000  3000 120   1.6331978.061 741.143  1000  46   1.949  27.196  21.067
    R    Geo1  Nf    Sinv     rms    eest  Geo2  Nf    Sinv     rms    eest
  3.000  3000 120   1.6331978.061 741.143  1000  46   1.949  27.196  21.067
    R    Geo1  Nf    Sinv     rms    eest  Geo2  Nf    Sinv     rms    eest
  3.000  3000 120   1.6331978.061 741.143  1000  46   1.949  27.196  21.067
    R    Geo1  Nf    Sinv     rms    eest  Geo2  Nf    Sinv     rms    eest
  3.000  3000 120   1.6331978.061 741.143  1000  46   1.949  27.196  21.067
    R    Geo1  Nf    Sinv     rms    eest  Geo2  Nf    Sinv     rms    eest
  3.000  3000 120   1.6331978.061 741.143  1000  46   1.949  27.196  21.067
    R    Geo1  Nf    Sinv     rms    eest  Geo2  Nf    Sinv     rms    eest
  3.000  3000 120   1.6331978.061 741.143  1000  46   1.949  27.196  21.067
    R    Geo1  Nf    Sinv     rms    eest  Geo2  Nf    Sinv     rms    eest
  3.000  3000 120   1.6331978.061 741.143  1000  46   1.949  27.196  21.067
    R    Geo1  Nf    Sinv     rms    eest  Geo2  Nf    Sinv     rms    eest
  3.000  3000 120   1.6331978.061 741.143  1000  46   1.949  27.196  21.067
    R    Geo1  Nf    Sinv     rms    eest  Geo2  Nf    Sinv     rms    eest
    R    Geo1  Nf    Sinv     rms    eest  Geo2  Nf    Sinv     rms    eest
  3.000  3000 120   1.6331978.061 741.143  1000  46   1.949  27.196  21.067
    R    Geo1  Nf    Sinv     rms    eest  Geo2  Nf    Sinv     rms    eest
  3.000  3000 120   1.6331978.061 741.143  1000  46   1.949  27.196  21.067
  3.000  3000 120   1.6331978.061 741.143  1000  46   1.949  27.196  21.067
    R    Geo1  Nf    Sinv     rms    eest  Geo2  Nf    Sinv     rms    eest
  3.000  3000 120   1.6331978.061 741.143  1000  46   1.949  27.196  21.067
    R    Geo1  Nf    Sinv     rms    eest  Geo2  Nf    Sinv     rms    eest
  3.000  3000 120   1.6331978.061 741.143  1000  46   1.949  27.196  21.067
    R    Geo1  Nf    Sinv     rms    eest  Geo2  Nf    Sinv     rms    eest
    R    Geo1  Nf    Sinv     rms    eest  Geo2  Nf    Sinv     rms    eest
  3.000  3000 120   1.6331978.061 741.143  1000  46   1.949  27.196  21.067
  3.000  3000 120   1.6331978.061 741.143  1000  46   1.949  27.196  21.067
    R    Geo1  Nf    Sinv     rms    eest  Geo2  Nf    Sinv     rms    eest
  3.000  3000 120   1.6331978.061 741.143  1000  46   1.949  27.196  21.067
    R    Geo1  Nf    Sinv     rms    eest  Geo2  Nf    Sinv     rms    eest
  3.000  3000 120   1.6331978.061 741.143  1000  46   1.949  27.196  21.067
    R    Geo1  Nf    Sinv     rms    eest  Geo2  Nf    Sinv     rms    eest
  3.000  3000 120   1.6331978.061 741.143  1000  46   1.949  27.196  21.067
    R    Geo1  Nf    Sinv     rms    eest  Geo2  Nf    Sinv     rms    eest
    R    Geo1  Nf    Sinv     rms    eest  Geo2  Nf    Sinv     rms    eest
  3.000  3000 120   1.6331978.061 741.143  1000  46   1.949  27.196  21.067
    R    Geo1  Nf    Sinv     rms    eest  Geo2  Nf    Sinv     rms    eest
  3.000  3000 120   1.6331978.061 741.143  1000  46   1.949  27.196  21.067
  3.000  3000 120   1.6331978.061 741.143  1000  46   1.949  27.196  21.067
    R    Geo1  Nf    Sinv     rms    eest  Geo2  Nf    Sinv     rms    eest
  3.000  3000 120   1.6331978.061 741.143  1000  46   1.949  27.196  21.067
    R    Geo1  Nf    Sinv     rms    eest  Geo2  Nf    Sinv     rms    eest
    R    Geo1  Nf    Sinv     rms    eest  Geo2  Nf    Sinv     rms    eest
  3.000  3000 120   1.6331978.061 741.143  1000  46   1.949  27.196  21.067
    R    Geo1  Nf    Sinv     rms    eest  Geo2  Nf    Sinv     rms    eest
  3.000  3000 120   1.6331978.061 741.143  1000  46   1.949  27.196  21.067
  3.000  3000 120   1.6331978.061 741.143  1000  46   1.949  27.196  21.067
    R    Geo1  Nf    Sinv     rms    eest  Geo2  Nf    Sinv     rms    eest
  3.000  3000 120   1.6331978.061 741.143  1000  46   1.949  27.196  21.067
    R    Geo1  Nf    Sinv     rms    eest  Geo2  Nf    Sinv     rms    eest
  3.000  3000 120   1.6331978.061 741.143  1000  46   1.949  27.196  21.067
    R    Geo1  Nf    Sinv     rms    eest  Geo2  Nf    Sinv     rms    eest
  3.000  3000 120   1.6331978.061 741.143  1000  46   1.949  27.196  21.067
    R    Geo1  Nf    Sinv     rms    eest  Geo2  Nf    Sinv     rms    eest
  3.000  3000 120   1.6331978.061 741.143  1000  46   1.949  27.196  21.067
    R    Geo1  Nf    Sinv     rms    eest  Geo2  Nf    Sinv     rms    eest
  3.000  3000 120   1.6331978.061 741.143  1000  46   1.949  27.196  21.067
    R    Geo1  Nf    Sinv     rms    eest  Geo2  Nf    Sinv     rms    eest
  3.000  3000 120   1.6331978.061 741.143  1000  46   1.949  27.196  21.067
    R    Geo1  Nf    Sinv     rms    eest  Geo2  Nf    Sinv     rms    eest
  3.000  3000 120   1.6331978.061 741.143  1000  46   1.949  27.196  21.067
    R    Geo1  Nf    Sinv     rms    eest  Geo2  Nf    Sinv     rms    eest
  3.000  3000 120   1.6331978.061 741.143  1000  46   1.949  27.196  21.067
    R    Geo1  Nf    Sinv     rms    eest  Geo2  Nf    Sinv     rms    eest
  3.000  3000 120   1.6331978.061 741.143  1000  46   1.949  27.196  21.067
    R    Geo1  Nf    Sinv     rms    eest  Geo2  Nf    Sinv     rms    eest
  3.000  3000 120   1.6331978.061 741.143  1000  46   1.949  27.196  21.067
    R    Geo1  Nf    Sinv     rms    eest  Geo2  Nf    Sinv     rms    eest
  3.000  3000 120   1.6331978.061 741.143  1000  46   1.949  27.196  21.067
    R    Geo1  Nf    Sinv     rms    eest  Geo2  Nf    Sinv     rms    eest
  3.000  3000 120   1.6331978.061 741.143  1000  46   1.949  27.196  21.067
    R    Geo1  Nf    Sinv     rms    eest  Geo2  Nf    Sinv     rms    eest
  3.000  3000 120   1.6331978.061 741.143  1000  46   1.949  27.196  21.067
    R    Geo1  Nf    Sinv     rms    eest  Geo2  Nf    Sinv     rms    eest
  3.000  3000 120   1.6331978.061 741.143  1000  46   1.949  27.196  21.067
    R    Geo1  Nf    Sinv     rms    eest  Geo2  Nf    Sinv     rms    eest
  3.000  3000 120   1.6331978.061 741.143  1000  46   1.949  27.196  21.067
    R    Geo1  Nf    Sinv     rms    eest  Geo2  Nf    Sinv     rms    eest
  3.000  3000 120   1.6331978.061 741.143  1000  46   1.949  27.196  21.067
    R    Geo1  Nf    Sinv     rms    eest  Geo2  Nf    Sinv     rms    eest
  3.000  3000 120   1.6331978.061 741.143  1000  46   1.949  27.196  21.067
    R    Geo1  Nf    Sinv     rms    eest  Geo2  Nf    Sinv     rms    eest
  3.000  3000 120   1.6331978.061 741.143  1000  46   1.949  27.196  21.067
    R    Geo1  Nf    Sinv     rms    eest  Geo2  Nf    Sinv     rms    eest
  3.000  3000 120   1.6331978.061 741.143  1000  46   1.949  27.196  21.067
    R    Geo1  Nf    Sinv     rms    eest  Geo2  Nf    Sinv     rms    eest
  3.000  3000 120   1.6331978.061 741.143  1000  46   1.949  27.196  21.067
    R    Geo1  Nf    Sinv     rms    eest  Geo2  Nf    Sinv     rms    eest
  3.000  3000 120   1.6331978.061 741.143  1000  46   1.949  27.196  21.067
    R    Geo1  Nf    Sinv     rms    eest  Geo2  Nf    Sinv     rms    eest
  3.000  3000 120   1.6331978.061 741.143  1000  46   1.949  27.196  21.067
    R    Geo1  Nf    Sinv     rms    eest  Geo2  Nf    Sinv     rms    eest
  3.000  3000 120   1.6331978.061 741.143  1000  46   1.949  27.196  21.067
  3.250  3000 120   1.633 518.008 194.088  1000  46   1.949  17.258  13.369
  3.250  3000 120   1.633 518.008 194.088  1000  46   1.949  17.258  13.369
  3.250  3000 120   1.633 518.008 194.088  1000  46   1.949  17.258  13.369
  3.250  3000 120   1.633 518.008 194.088  1000  46   1.949  17.258  13.369
  3.250  3000 120   1.633 518.008 194.088  1000  46   1.949  17.258  13.369
  3.250  3000 120   1.633 518.008 194.088  1000  46   1.949  17.258  13.369
  3.250  3000 120   1.633 518.008 194.088  1000  46   1.949  17.258  13.369
  3.250  3000 120   1.633 518.008 194.088  1000  46   1.949  17.258  13.369
  3.250  3000 120   1.633 518.008 194.088  1000  46   1.949  17.258  13.369
  3.250  3000 120   1.633 518.008 194.088  1000  46   1.949  17.258  13.369
  3.250  3000 120   1.633 518.008 194.088  1000  46   1.949  17.258  13.369
  3.250  3000 120   1.633 518.008 194.088  1000  46   1.949  17.258  13.369
  3.250  3000 120   1.633 518.008 194.088  1000  46   1.949  17.258  13.369
  3.250  3000 120   1.633 518.008 194.088  1000  46   1.949  17.258  13.369
  3.250  3000 120   1.633 518.008 194.088  1000  46   1.949  17.258  13.369
  3.250  3000 120   1.633 518.008 194.088  1000  46   1.949  17.258  13.369
  3.250  3000 120   1.633 518.008 194.088  1000  46   1.949  17.258  13.369
  3.250  3000 120   1.633 518.008 194.088  1000  46   1.949  17.258  13.369
  3.250  3000 120   1.633 518.008 194.088  1000  46   1.949  17.258  13.369
  3.250  3000 120   1.633 518.008 194.088  1000  46   1.949  17.258  13.369
  3.250  3000 120   1.633 518.008 194.088  1000  46   1.949  17.258  13.369
  3.250  3000 120   1.633 518.008 194.088  1000  46   1.949  17.258  13.369
  3.250  3000 120   1.633 518.008 194.088  1000  46   1.949  17.258  13.369
  3.250  3000 120   1.633 518.008 194.088  1000  46   1.949  17.258  13.369
  3.250  3000 120   1.633 518.008 194.088  1000  46   1.949  17.258  13.369
  3.250  3000 120   1.633 518.008 194.088  1000  46   1.949  17.258  13.369
  3.250  3000 120   1.633 518.008 194.088  1000  46   1.949  17.258  13.369
  3.250  3000 120   1.633 518.008 194.088  1000  46   1.949  17.258  13.369
  3.250  3000 120   1.633 518.008 194.088  1000  46   1.949  17.258  13.369
  3.250  3000 120   1.633 518.008 194.088  1000  46   1.949  17.258  13.369
  3.250  3000 120   1.633 518.008 194.088  1000  46   1.949  17.258  13.369
  3.250  3000 120   1.633 518.008 194.088  1000  46   1.949  17.258  13.369
  3.250  3000 120   1.633 518.008 194.088  1000  46   1.949  17.258  13.369
  3.250  3000 120   1.633 518.008 194.088  1000  46   1.949  17.258  13.369
  3.250  3000 120   1.633 518.008 194.088  1000  46   1.949  17.258  13.369
  3.250  3000 120   1.633 518.008 194.088  1000  46   1.949  17.258  13.369
  3.250  3000 120   1.633 518.008 194.088  1000  46   1.949  17.258  13.369
  3.250  3000 120   1.633 518.008 194.088  1000  46   1.949  17.258  13.369
  3.250  3000 120   1.633 518.008 194.088  1000  46   1.949  17.258  13.369
  3.250  3000 120   1.633 518.008 194.088  1000  46   1.949  17.258  13.369
  3.250  3000 120   1.633 518.008 194.088  1000  46   1.949  17.258  13.369
  3.250  3000 120   1.633 518.008 194.088  1000  46   1.949  17.258  13.369
  3.250  3000 120   1.633 518.008 194.088  1000  46   1.949  17.258  13.369
  3.250  3000 120   1.633 518.008 194.088  1000  46   1.949  17.258  13.369
  3.250  3000 120   1.633 518.008 194.088  1000  46   1.949  17.258  13.369
  3.250  3000 120   1.633 518.008 194.088  1000  46   1.949  17.258  13.369
  3.250  3000 120   1.633 518.008 194.088  1000  46   1.949  17.258  13.369
  3.250  3000 120   1.633 518.008 194.088  1000  46   1.949  17.258  13.369
  3.250  3000 120   1.633 518.008 194.088  1000  46   1.949  17.258  13.369
  3.250  3000 120   1.633 518.008 194.088  1000  46   1.949  17.258  13.369
  3.250  3000 120   1.633 518.008 194.088  1000  46   1.949  17.258  13.369
  3.250  3000 120   1.633 518.008 194.088  1000  46   1.949  17.258  13.369
  3.250  3000 120   1.633 518.008 194.088  1000  46   1.949  17.258  13.369
  3.250  3000 120   1.633 518.008 194.088  1000  46   1.949  17.258  13.369
  3.250  3000 120   1.633 518.008 194.088  1000  46   1.949  17.258  13.369
  3.250  3000 120   1.633 518.008 194.088  1000  46   1.949  17.258  13.369
  3.250  3000 120   1.633 518.008 194.088  1000  46   1.949  17.258  13.369
  3.250  3000 120   1.633 518.008 194.088  1000  46   1.949  17.258  13.369
  3.250  3000 120   1.633 518.008 194.088  1000  46   1.949  17.258  13.369
  3.250  3000 120   1.633 518.008 194.088  1000  46   1.949  17.258  13.369
  3.250  3000 120   1.633 518.008 194.088  1000  46   1.949  17.258  13.369
  3.250  3000 120   1.633 518.008 194.088  1000  46   1.949  17.258  13.369
  3.250  3000 120   1.633 518.008 194.088  1000  46   1.949  17.258  13.369
  3.250  3000 120   1.633 518.008 194.088  1000  46   1.949  17.258  13.369
  3.250  3000 120   1.633 518.008 194.088  1000  46   1.949  17.258  13.369
  3.250  3000 120   1.633 518.008 194.088  1000  46   1.949  17.258  13.369
  3.250  3000 120   1.633 518.008 194.088  1000  46   1.949  17.258  13.369
  3.250  3000 120   1.633 518.008 194.088  1000  46   1.949  17.258  13.369
  3.250  3000 120   1.633 518.008 194.088  1000  46   1.949  17.258  13.369
  3.250  3000 120   1.633 518.008 194.088  1000  46   1.949  17.258  13.369
  3.250  3000 120   1.633 518.008 194.088  1000  46   1.949  17.258  13.369
  3.250  3000 120   1.633 518.008 194.088  1000  46   1.949  17.258  13.369
  3.250  3000 120   1.633 518.008 194.088  1000  46   1.949  17.258  13.369
  3.250  3000 120   1.633 518.008 194.088  1000  46   1.949  17.258  13.369
  3.250  3000 120   1.633 518.008 194.088  1000  46   1.949  17.258  13.369
  3.250  3000 120   1.633 518.008 194.088  1000  46   1.949  17.258  13.369
  3.250  3000 120   1.633 518.008 194.088  1000  46   1.949  17.258  13.369
  3.250  3000 120   1.633 518.008 194.088  1000  46   1.949  17.258  13.369
  3.250  3000 120   1.633 518.008 194.088  1000  46   1.949  17.258  13.369
  3.250  3000 120   1.633 518.008 194.088  1000  46   1.949  17.258  13.369
  3.250  3000 120   1.633 518.008 194.088  1000  46   1.949  17.258  13.369
  3.250  3000 120   1.633 518.008 194.088  1000  46   1.949  17.258  13.369
  3.250  3000 120   1.633 518.008 194.088  1000  46   1.949  17.258  13.369
  3.250  3000 120   1.633 518.008 194.088  1000  46   1.949  17.258  13.369
  3.250  3000 120   1.633 518.008 194.088  1000  46   1.949  17.258  13.369
  3.250  3000 120   1.633 518.008 194.088  1000  46   1.949  17.258  13.369
  3.500  3000 120   1.633 154.423  57.859  1000  46   1.949  12.401   9.606
  3.500  3000 120   1.633 154.423  57.859  1000  46   1.949  12.401   9.606
  3.500  3000 120   1.633 154.423  57.859  1000  46   1.949  12.401   9.606
  3.500  3000 120   1.633 154.423  57.859  1000  46   1.949  12.401   9.606
  3.500  3000 120   1.633 154.423  57.859  1000  46   1.949  12.401   9.606
  3.500  3000 120   1.633 154.423  57.859  1000  46   1.949  12.401   9.606
  3.500  3000 120   1.633 154.423  57.859  1000  46   1.949  12.401   9.606
  3.500  3000 120   1.633 154.423  57.859  1000  46   1.949  12.401   9.606
  3.500  3000 120   1.633 154.423  57.859  1000  46   1.949  12.401   9.606
  3.500  3000 120   1.633 154.423  57.859  1000  46   1.949  12.401   9.606
  3.500  3000 120   1.633 154.423  57.859  1000  46   1.949  12.401   9.606
  3.500  3000 120   1.633 154.423  57.859  1000  46   1.949  12.401   9.606
  3.500  3000 120   1.633 154.423  57.859  1000  46   1.949  12.401   9.606
  3.500  3000 120   1.633 154.423  57.859  1000  46   1.949  12.401   9.606
  3.500  3000 120   1.633 154.423  57.859  1000  46   1.949  12.401   9.606
  3.500  3000 120   1.633 154.423  57.859  1000  46   1.949  12.401   9.606
  3.500  3000 120   1.633 154.423  57.859  1000  46   1.949  12.401   9.606
  3.500  3000 120   1.633 154.423  57.859  1000  46   1.949  12.401   9.606
  3.500  3000 120   1.633 154.423  57.859  1000  46   1.949  12.401   9.606
  3.500  3000 120   1.633 154.423  57.859  1000  46   1.949  12.401   9.606
  3.500  3000 120   1.633 154.423  57.859  1000  46   1.949  12.401   9.606
  3.500  3000 120   1.633 154.423  57.859  1000  46   1.949  12.401   9.606
  3.500  3000 120   1.633 154.423  57.859  1000  46   1.949  12.401   9.606
  3.500  3000 120   1.633 154.423  57.859  1000  46   1.949  12.401   9.606
  3.500  3000 120   1.633 154.423  57.859  1000  46   1.949  12.401   9.606
  3.500  3000 120   1.633 154.423  57.859  1000  46   1.949  12.401   9.606
  3.500  3000 120   1.633 154.423  57.859  1000  46   1.949  12.401   9.606
  3.500  3000 120   1.633 154.423  57.859  1000  46   1.949  12.401   9.606
  3.500  3000 120   1.633 154.423  57.859  1000  46   1.949  12.401   9.606
  3.500  3000 120   1.633 154.423  57.859  1000  46   1.949  12.401   9.606
  3.500  3000 120   1.633 154.423  57.859  1000  46   1.949  12.401   9.606
  3.500  3000 120   1.633 154.423  57.859  1000  46   1.949  12.401   9.606
  3.500  3000 120   1.633 154.423  57.859  1000  46   1.949  12.401   9.606
  3.500  3000 120   1.633 154.423  57.859  1000  46   1.949  12.401   9.606
  3.500  3000 120   1.633 154.423  57.859  1000  46   1.949  12.401   9.606
  3.500  3000 120   1.633 154.423  57.859  1000  46   1.949  12.401   9.606
  3.500  3000 120   1.633 154.423  57.859  1000  46   1.949  12.401   9.606
  3.500  3000 120   1.633 154.423  57.859  1000  46   1.949  12.401   9.606
  3.500  3000 120   1.633 154.423  57.859  1000  46   1.949  12.401   9.606
  3.500  3000 120   1.633 154.423  57.859  1000  46   1.949  12.401   9.606
  3.500  3000 120   1.633 154.423  57.859  1000  46   1.949  12.401   9.606
  3.500  3000 120   1.633 154.423  57.859  1000  46   1.949  12.401   9.606
  3.500  3000 120   1.633 154.423  57.859  1000  46   1.949  12.401   9.606
  3.500  3000 120   1.633 154.423  57.859  1000  46   1.949  12.401   9.606
  3.500  3000 120   1.633 154.423  57.859  1000  46   1.949  12.401   9.606
  3.500  3000 120   1.633 154.423  57.859  1000  46   1.949  12.401   9.606
  3.500  3000 120   1.633 154.423  57.859  1000  46   1.949  12.401   9.606
  3.500  3000 120   1.633 154.423  57.859  1000  46   1.949  12.401   9.606
  3.500  3000 120   1.633 154.423  57.859  1000  46   1.949  12.401   9.606
  3.500  3000 120   1.633 154.423  57.859  1000  46   1.949  12.401   9.606
  3.500  3000 120   1.633 154.423  57.859  1000  46   1.949  12.401   9.606
  3.500  3000 120   1.633 154.423  57.859  1000  46   1.949  12.401   9.606
  3.500  3000 120   1.633 154.423  57.859  1000  46   1.949  12.401   9.606
  3.500  3000 120   1.633 154.423  57.859  1000  46   1.949  12.401   9.606
  3.500  3000 120   1.633 154.423  57.859  1000  46   1.949  12.401   9.606
  3.500  3000 120   1.633 154.423  57.859  1000  46   1.949  12.401   9.606
  3.500  3000 120   1.633 154.423  57.859  1000  46   1.949  12.401   9.606
  3.500  3000 120   1.633 154.423  57.859  1000  46   1.949  12.401   9.606
  3.500  3000 120   1.633 154.423  57.859  1000  46   1.949  12.401   9.606
  3.500  3000 120   1.633 154.423  57.859  1000  46   1.949  12.401   9.606
  3.500  3000 120   1.633 154.423  57.859  1000  46   1.949  12.401   9.606
  3.500  3000 120   1.633 154.423  57.859  1000  46   1.949  12.401   9.606
  3.500  3000 120   1.633 154.423  57.859  1000  46   1.949  12.401   9.606
  3.500  3000 120   1.633 154.423  57.859  1000  46   1.949  12.401   9.606
  3.500  3000 120   1.633 154.423  57.859  1000  46   1.949  12.401   9.606
  3.500  3000 120   1.633 154.423  57.859  1000  46   1.949  12.401   9.606
  3.500  3000 120   1.633 154.423  57.859  1000  46   1.949  12.401   9.606
  3.500  3000 120   1.633 154.423  57.859  1000  46   1.949  12.401   9.606
  3.500  3000 120   1.633 154.423  57.859  1000  46   1.949  12.401   9.606
  3.500  3000 120   1.633 154.423  57.859  1000  46   1.949  12.401   9.606
  3.500  3000 120   1.633 154.423  57.859  1000  46   1.949  12.401   9.606
  3.500  3000 120   1.633 154.423  57.859  1000  46   1.949  12.401   9.606
  3.500  3000 120   1.633 154.423  57.859  1000  46   1.949  12.401   9.606
  3.500  3000 120   1.633 154.423  57.859  1000  46   1.949  12.401   9.606
  3.500  3000 120   1.633 154.423  57.859  1000  46   1.949  12.401   9.606
  3.500  3000 120   1.633 154.423  57.859  1000  46   1.949  12.401   9.606
  3.500  3000 120   1.633 154.423  57.859  1000  46   1.949  12.401   9.606
  3.500  3000 120   1.633 154.423  57.859  1000  46   1.949  12.401   9.606
  3.500  3000 120   1.633 154.423  57.859  1000  46   1.949  12.401   9.606
  3.500  3000 120   1.633 154.423  57.859  1000  46   1.949  12.401   9.606
  3.500  3000 120   1.633 154.423  57.859  1000  46   1.949  12.401   9.606
  3.500  3000 120   1.633 154.423  57.859  1000  46   1.949  12.401   9.606
  3.500  3000 120   1.633 154.423  57.859  1000  46   1.949  12.401   9.606
  3.500  3000 120   1.633 154.423  57.859  1000  46   1.949  12.401   9.606
  3.500  3000 120   1.633 154.423  57.859  1000  46   1.949  12.401   9.606
  3.500  3000 120   1.633 154.423  57.859  1000  46   1.949  12.401   9.606
  3.750  3000 120   1.633  51.068  19.134  1000  46   1.949   6.721   5.206
  3.750  3000 120   1.633  51.068  19.134  1000  46   1.949   6.721   5.206
  3.750  3000 120   1.633  51.068  19.134  1000  46   1.949   6.721   5.206
  3.750  3000 120   1.633  51.068  19.134  1000  46   1.949   6.721   5.206
  3.750  3000 120   1.633  51.068  19.134  1000  46   1.949   6.721   5.206
  3.750  3000 120   1.633  51.068  19.134  1000  46   1.949   6.721   5.206
  3.750  3000 120   1.633  51.068  19.134  1000  46   1.949   6.721   5.206
  3.750  3000 120   1.633  51.068  19.134  1000  46   1.949   6.721   5.206
  3.750  3000 120   1.633  51.068  19.134  1000  46   1.949   6.721   5.206
  3.750  3000 120   1.633  51.068  19.134  1000  46   1.949   6.721   5.206
  3.750  3000 120   1.633  51.068  19.134  1000  46   1.949   6.721   5.206
  3.750  3000 120   1.633  51.068  19.134  1000  46   1.949   6.721   5.206
  3.750  3000 120   1.633  51.068  19.134  1000  46   1.949   6.721   5.206
  3.750  3000 120   1.633  51.068  19.134  1000  46   1.949   6.721   5.206
  3.750  3000 120   1.633  51.068  19.134  1000  46   1.949   6.721   5.206
  3.750  3000 120   1.633  51.068  19.134  1000  46   1.949   6.721   5.206
  3.750  3000 120   1.633  51.068  19.134  1000  46   1.949   6.721   5.206
  3.750  3000 120   1.633  51.068  19.134  1000  46   1.949   6.721   5.206
  3.750  3000 120   1.633  51.068  19.134  1000  46   1.949   6.721   5.206
  3.750  3000 120   1.633  51.068  19.134  1000  46   1.949   6.721   5.206
  3.750  3000 120   1.633  51.068  19.134  1000  46   1.949   6.721   5.206
  3.750  3000 120   1.633  51.068  19.134  1000  46   1.949   6.721   5.206
  3.750  3000 120   1.633  51.068  19.134  1000  46   1.949   6.721   5.206
  3.750  3000 120   1.633  51.068  19.134  1000  46   1.949   6.721   5.206
  3.750  3000 120   1.633  51.068  19.134  1000  46   1.949   6.721   5.206
  3.750  3000 120   1.633  51.068  19.134  1000  46   1.949   6.721   5.206
  3.750  3000 120   1.633  51.068  19.134  1000  46   1.949   6.721   5.206
  3.750  3000 120   1.633  51.068  19.134  1000  46   1.949   6.721   5.206
  3.750  3000 120   1.633  51.068  19.134  1000  46   1.949   6.721   5.206
  3.750  3000 120   1.633  51.068  19.134  1000  46   1.949   6.721   5.206
  3.750  3000 120   1.633  51.068  19.134  1000  46   1.949   6.721   5.206
  3.750  3000 120   1.633  51.068  19.134  1000  46   1.949   6.721   5.206
  3.750  3000 120   1.633  51.068  19.134  1000  46   1.949   6.721   5.206
  3.750  3000 120   1.633  51.068  19.134  1000  46   1.949   6.721   5.206
  3.750  3000 120   1.633  51.068  19.134  1000  46   1.949   6.721   5.206
  3.750  3000 120   1.633  51.068  19.134  1000  46   1.949   6.721   5.206
  3.750  3000 120   1.633  51.068  19.134  1000  46   1.949   6.721   5.206
  3.750  3000 120   1.633  51.068  19.134  1000  46   1.949   6.721   5.206
  3.750  3000 120   1.633  51.068  19.134  1000  46   1.949   6.721   5.206
  3.750  3000 120   1.633  51.068  19.134  1000  46   1.949   6.721   5.206
  3.750  3000 120   1.633  51.068  19.134  1000  46   1.949   6.721   5.206
  3.750  3000 120   1.633  51.068  19.134  1000  46   1.949   6.721   5.206
  3.750  3000 120   1.633  51.068  19.134  1000  46   1.949   6.721   5.206
  3.750  3000 120   1.633  51.068  19.134  1000  46   1.949   6.721   5.206
  3.750  3000 120   1.633  51.068  19.134  1000  46   1.949   6.721   5.206
  3.750  3000 120   1.633  51.068  19.134  1000  46   1.949   6.721   5.206
  3.750  3000 120   1.633  51.068  19.134  1000  46   1.949   6.721   5.206
  3.750  3000 120   1.633  51.068  19.134  1000  46   1.949   6.721   5.206
  3.750  3000 120   1.633  51.068  19.134  1000  46   1.949   6.721   5.206
  3.750  3000 120   1.633  51.068  19.134  1000  46   1.949   6.721   5.206
  3.750  3000 120   1.633  51.068  19.134  1000  46   1.949   6.721   5.206
  3.750  3000 120   1.633  51.068  19.134  1000  46   1.949   6.721   5.206
  3.750  3000 120   1.633  51.068  19.134  1000  46   1.949   6.721   5.206
  3.750  3000 120   1.633  51.068  19.134  1000  46   1.949   6.721   5.206
  3.750  3000 120   1.633  51.068  19.134  1000  46   1.949   6.721   5.206
  3.750  3000 120   1.633  51.068  19.134  1000  46   1.949   6.721   5.206
  3.750  3000 120   1.633  51.068  19.134  1000  46   1.949   6.721   5.206
  3.750  3000 120   1.633  51.068  19.134  1000  46   1.949   6.721   5.206
  3.750  3000 120   1.633  51.068  19.134  1000  46   1.949   6.721   5.206
  3.750  3000 120   1.633  51.068  19.134  1000  46   1.949   6.721   5.206
  3.750  3000 120   1.633  51.068  19.134  1000  46   1.949   6.721   5.206
  3.750  3000 120   1.633  51.068  19.134  1000  46   1.949   6.721   5.206
  3.750  3000 120   1.633  51.068  19.134  1000  46   1.949   6.721   5.206
  3.750  3000 120   1.633  51.068  19.134  1000  46   1.949   6.721   5.206
  3.750  3000 120   1.633  51.068  19.134  1000  46   1.949   6.721   5.206
  3.750  3000 120   1.633  51.068  19.134  1000  46   1.949   6.721   5.206
  3.750  3000 120   1.633  51.068  19.134  1000  46   1.949   6.721   5.206
  3.750  3000 120   1.633  51.068  19.134  1000  46   1.949   6.721   5.206
  3.750  3000 120   1.633  51.068  19.134  1000  46   1.949   6.721   5.206
  3.750  3000 120   1.633  51.068  19.134  1000  46   1.949   6.721   5.206
  3.750  3000 120   1.633  51.068  19.134  1000  46   1.949   6.721   5.206
  3.750  3000 120   1.633  51.068  19.134  1000  46   1.949   6.721   5.206
  3.750  3000 120   1.633  51.068  19.134  1000  46   1.949   6.721   5.206
  3.750  3000 120   1.633  51.068  19.134  1000  46   1.949   6.721   5.206
  3.750  3000 120   1.633  51.068  19.134  1000  46   1.949   6.721   5.206
  3.750  3000 120   1.633  51.068  19.134  1000  46   1.949   6.721   5.206
  3.750  3000 120   1.633  51.068  19.134  1000  46   1.949   6.721   5.206
  3.750  3000 120   1.633  51.068  19.134  1000  46   1.949   6.721   5.206
  3.750  3000 120   1.633  51.068  19.134  1000  46   1.949   6.721   5.206
  3.750  3000 120   1.633  51.068  19.134  1000  46   1.949   6.721   5.206
  3.750  3000 120   1.633  51.068  19.134  1000  46   1.949   6.721   5.206
  3.750  3000 120   1.633  51.068  19.134  1000  46   1.949   6.721   5.206
  3.750  3000 120   1.633  51.068  19.134  1000  46   1.949   6.721   5.206
  3.750  3000 120   1.633  51.068  19.134  1000  46   1.949   6.721   5.206
  3.750  3000 120   1.633  51.068  19.134  1000  46   1.949   6.721   5.206
  3.750  3000 120   1.633  51.068  19.134  1000  46   1.949   6.721   5.206
  4.000  3000 120   1.633  18.562   6.955  1000  46   1.949   2.957   2.291
  4.000  3000 120   1.633  18.562   6.955  1000  46   1.949   2.957   2.291
  4.000  3000 120   1.633  18.562   6.955  1000  46   1.949   2.957   2.291
  4.000  3000 120   1.633  18.562   6.955  1000  46   1.949   2.957   2.291
  4.000  3000 120   1.633  18.562   6.955  1000  46   1.949   2.957   2.291
  4.000  3000 120   1.633  18.562   6.955  1000  46   1.949   2.957   2.291
  4.000  3000 120   1.633  18.562   6.955  1000  46   1.949   2.957   2.291
  4.000  3000 120   1.633  18.562   6.955  1000  46   1.949   2.957   2.291
  4.000  3000 120   1.633  18.562   6.955  1000  46   1.949   2.957   2.291
  4.000  3000 120   1.633  18.562   6.955  1000  46   1.949   2.957   2.291
  4.000  3000 120   1.633  18.562   6.955  1000  46   1.949   2.957   2.291
  4.000  3000 120   1.633  18.562   6.955  1000  46   1.949   2.957   2.291
  4.000  3000 120   1.633  18.562   6.955  1000  46   1.949   2.957   2.291
  4.000  3000 120   1.633  18.562   6.955  1000  46   1.949   2.957   2.291
  4.000  3000 120   1.633  18.562   6.955  1000  46   1.949   2.957   2.291
  4.000  3000 120   1.633  18.562   6.955  1000  46   1.949   2.957   2.291
  4.000  3000 120   1.633  18.562   6.955  1000  46   1.949   2.957   2.291
  4.000  3000 120   1.633  18.562   6.955  1000  46   1.949   2.957   2.291
  4.000  3000 120   1.633  18.562   6.955  1000  46   1.949   2.957   2.291
  4.000  3000 120   1.633  18.562   6.955  1000  46   1.949   2.957   2.291
  4.000  3000 120   1.633  18.562   6.955  1000  46   1.949   2.957   2.291
  4.000  3000 120   1.633  18.562   6.955  1000  46   1.949   2.957   2.291
  4.000  3000 120   1.633  18.562   6.955  1000  46   1.949   2.957   2.291
  4.000  3000 120   1.633  18.562   6.955  1000  46   1.949   2.957   2.291
  4.000  3000 120   1.633  18.562   6.955  1000  46   1.949   2.957   2.291
  4.000  3000 120   1.633  18.562   6.955  1000  46   1.949   2.957   2.291
  4.000  3000 120   1.633  18.562   6.955  1000  46   1.949   2.957   2.291
  4.000  3000 120   1.633  18.562   6.955  1000  46   1.949   2.957   2.291
  4.000  3000 120   1.633  18.562   6.955  1000  46   1.949   2.957   2.291
  4.000  3000 120   1.633  18.562   6.955  1000  46   1.949   2.957   2.291
  4.000  3000 120   1.633  18.562   6.955  1000  46   1.949   2.957   2.291
  4.000  3000 120   1.633  18.562   6.955  1000  46   1.949   2.957   2.291
  4.000  3000 120   1.633  18.562   6.955  1000  46   1.949   2.957   2.291
  4.000  3000 120   1.633  18.562   6.955  1000  46   1.949   2.957   2.291
  4.000  3000 120   1.633  18.562   6.955  1000  46   1.949   2.957   2.291
  4.000  3000 120   1.633  18.562   6.955  1000  46   1.949   2.957   2.291
  4.000  3000 120   1.633  18.562   6.955  1000  46   1.949   2.957   2.291
  4.000  3000 120   1.633  18.562   6.955  1000  46   1.949   2.957   2.291
  4.000  3000 120   1.633  18.562   6.955  1000  46   1.949   2.957   2.291
  4.000  3000 120   1.633  18.562   6.955  1000  46   1.949   2.957   2.291
  4.000  3000 120   1.633  18.562   6.955  1000  46   1.949   2.957   2.291
  4.000  3000 120   1.633  18.562   6.955  1000  46   1.949   2.957   2.291
  4.000  3000 120   1.633  18.562   6.955  1000  46   1.949   2.957   2.291
  4.000  3000 120   1.633  18.562   6.955  1000  46   1.949   2.957   2.291
  4.000  3000 120   1.633  18.562   6.955  1000  46   1.949   2.957   2.291
  4.000  3000 120   1.633  18.562   6.955  1000  46   1.949   2.957   2.291
  4.000  3000 120   1.633  18.562   6.955  1000  46   1.949   2.957   2.291
  4.000  3000 120   1.633  18.562   6.955  1000  46   1.949   2.957   2.291
  4.000  3000 120   1.633  18.562   6.955  1000  46   1.949   2.957   2.291
  4.000  3000 120   1.633  18.562   6.955  1000  46   1.949   2.957   2.291
  4.000  3000 120   1.633  18.562   6.955  1000  46   1.949   2.957   2.291
  4.000  3000 120   1.633  18.562   6.955  1000  46   1.949   2.957   2.291
  4.000  3000 120   1.633  18.562   6.955  1000  46   1.949   2.957   2.291
  4.000  3000 120   1.633  18.562   6.955  1000  46   1.949   2.957   2.291
  4.000  3000 120   1.633  18.562   6.955  1000  46   1.949   2.957   2.291
  4.000  3000 120   1.633  18.562   6.955  1000  46   1.949   2.957   2.291
  4.000  3000 120   1.633  18.562   6.955  1000  46   1.949   2.957   2.291
  4.000  3000 120   1.633  18.562   6.955  1000  46   1.949   2.957   2.291
  4.000  3000 120   1.633  18.562   6.955  1000  46   1.949   2.957   2.291
  4.000  3000 120   1.633  18.562   6.955  1000  46   1.949   2.957   2.291
  4.000  3000 120   1.633  18.562   6.955  1000  46   1.949   2.957   2.291
  4.000  3000 120   1.633  18.562   6.955  1000  46   1.949   2.957   2.291
  4.000  3000 120   1.633  18.562   6.955  1000  46   1.949   2.957   2.291
  4.000  3000 120   1.633  18.562   6.955  1000  46   1.949   2.957   2.291
  4.000  3000 120   1.633  18.562   6.955  1000  46   1.949   2.957   2.291
  4.000  3000 120   1.633  18.562   6.955  1000  46   1.949   2.957   2.291
  4.000  3000 120   1.633  18.562   6.955  1000  46   1.949   2.957   2.291
  4.000  3000 120   1.633  18.562   6.955  1000  46   1.949   2.957   2.291
  4.000  3000 120   1.633  18.562   6.955  1000  46   1.949   2.957   2.291
  4.000  3000 120   1.633  18.562   6.955  1000  46   1.949   2.957   2.291
  4.000  3000 120   1.633  18.562   6.955  1000  46   1.949   2.957   2.291
  4.000  3000 120   1.633  18.562   6.955  1000  46   1.949   2.957   2.291
  4.000  3000 120   1.633  18.562   6.955  1000  46   1.949   2.957   2.291
  4.000  3000 120   1.633  18.562   6.955  1000  46   1.949   2.957   2.291
  4.000  3000 120   1.633  18.562   6.955  1000  46   1.949   2.957   2.291
  4.000  3000 120   1.633  18.562   6.955  1000  46   1.949   2.957   2.291
  4.000  3000 120   1.633  18.562   6.955  1000  46   1.949   2.957   2.291
  4.000  3000 120   1.633  18.562   6.955  1000  46   1.949   2.957   2.291
  4.000  3000 120   1.633  18.562   6.955  1000  46   1.949   2.957   2.291
  4.000  3000 120   1.633  18.562   6.955  1000  46   1.949   2.957   2.291
  4.000  3000 120   1.633  18.562   6.955  1000  46   1.949   2.957   2.291
  4.000  3000 120   1.633  18.562   6.955  1000  46   1.949   2.957   2.291
  4.000  3000 120   1.633  18.562   6.955  1000  46   1.949   2.957   2.291
  4.000  3000 120   1.633  18.562   6.955  1000  46   1.949   2.957   2.291
  4.000  3000 120   1.633  18.562   6.955  1000  46   1.949   2.957   2.291
  4.000  3000 120   1.633  18.562   6.955  1000  46   1.949   2.957   2.291
  4.250  3000 120   1.633   7.351   2.754  1000  46   1.949   1.724   1.335
  4.250  3000 120   1.633   7.351   2.754  1000  46   1.949   1.724   1.335
  4.250  3000 120   1.633   7.351   2.754  1000  46   1.949   1.724   1.335
  4.250  3000 120   1.633   7.351   2.754  1000  46   1.949   1.724   1.335
  4.250  3000 120   1.633   7.351   2.754  1000  46   1.949   1.724   1.335
  4.250  3000 120   1.633   7.351   2.754  1000  46   1.949   1.724   1.335
  4.250  3000 120   1.633   7.351   2.754  1000  46   1.949   1.724   1.335
  4.250  3000 120   1.633   7.351   2.754  1000  46   1.949   1.724   1.335
  4.250  3000 120   1.633   7.351   2.754  1000  46   1.949   1.724   1.335
  4.250  3000 120   1.633   7.351   2.754  1000  46   1.949   1.724   1.335
  4.250  3000 120   1.633   7.351   2.754  1000  46   1.949   1.724   1.335
  4.250  3000 120   1.633   7.351   2.754  1000  46   1.949   1.724   1.335
  4.250  3000 120   1.633   7.351   2.754  1000  46   1.949   1.724   1.335
  4.250  3000 120   1.633   7.351   2.754  1000  46   1.949   1.724   1.335
  4.250  3000 120   1.633   7.351   2.754  1000  46   1.949   1.724   1.335
  4.250  3000 120   1.633   7.351   2.754  1000  46   1.949   1.724   1.335
  4.250  3000 120   1.633   7.351   2.754  1000  46   1.949   1.724   1.335
  4.250  3000 120   1.633   7.351   2.754  1000  46   1.949   1.724   1.335
  4.250  3000 120   1.633   7.351   2.754  1000  46   1.949   1.724   1.335
  4.250  3000 120   1.633   7.351   2.754  1000  46   1.949   1.724   1.335
  4.250  3000 120   1.633   7.351   2.754  1000  46   1.949   1.724   1.335
  4.250  3000 120   1.633   7.351   2.754  1000  46   1.949   1.724   1.335
  4.250  3000 120   1.633   7.351   2.754  1000  46   1.949   1.724   1.335
  4.250  3000 120   1.633   7.351   2.754  1000  46   1.949   1.724   1.335
  4.250  3000 120   1.633   7.351   2.754  1000  46   1.949   1.724   1.335
  4.250  3000 120   1.633   7.351   2.754  1000  46   1.949   1.724   1.335
  4.250  3000 120   1.633   7.351   2.754  1000  46   1.949   1.724   1.335
  4.250  3000 120   1.633   7.351   2.754  1000  46   1.949   1.724   1.335
  4.250  3000 120   1.633   7.351   2.754  1000  46   1.949   1.724   1.335
  4.250  3000 120   1.633   7.351   2.754  1000  46   1.949   1.724   1.335
  4.250  3000 120   1.633   7.351   2.754  1000  46   1.949   1.724   1.335
  4.250  3000 120   1.633   7.351   2.754  1000  46   1.949   1.724   1.335
  4.250  3000 120   1.633   7.351   2.754  1000  46   1.949   1.724   1.335
  4.250  3000 120   1.633   7.351   2.754  1000  46   1.949   1.724   1.335
  4.250  3000 120   1.633   7.351   2.754  1000  46   1.949   1.724   1.335
  4.250  3000 120   1.633   7.351   2.754  1000  46   1.949   1.724   1.335
  4.250  3000 120   1.633   7.351   2.754  1000  46   1.949   1.724   1.335
  4.250  3000 120   1.633   7.351   2.754  1000  46   1.949   1.724   1.335
  4.250  3000 120   1.633   7.351   2.754  1000  46   1.949   1.724   1.335
  4.250  3000 120   1.633   7.351   2.754  1000  46   1.949   1.724   1.335
  4.250  3000 120   1.633   7.351   2.754  1000  46   1.949   1.724   1.335
  4.250  3000 120   1.633   7.351   2.754  1000  46   1.949   1.724   1.335
  4.250  3000 120   1.633   7.351   2.754  1000  46   1.949   1.724   1.335
  4.250  3000 120   1.633   7.351   2.754  1000  46   1.949   1.724   1.335
  4.250  3000 120   1.633   7.351   2.754  1000  46   1.949   1.724   1.335
  4.250  3000 120   1.633   7.351   2.754  1000  46   1.949   1.724   1.335
  4.250  3000 120   1.633   7.351   2.754  1000  46   1.949   1.724   1.335
  4.250  3000 120   1.633   7.351   2.754  1000  46   1.949   1.724   1.335
  4.250  3000 120   1.633   7.351   2.754  1000  46   1.949   1.724   1.335
  4.250  3000 120   1.633   7.351   2.754  1000  46   1.949   1.724   1.335
  4.250  3000 120   1.633   7.351   2.754  1000  46   1.949   1.724   1.335
  4.250  3000 120   1.633   7.351   2.754  1000  46   1.949   1.724   1.335
  4.250  3000 120   1.633   7.351   2.754  1000  46   1.949   1.724   1.335
  4.250  3000 120   1.633   7.351   2.754  1000  46   1.949   1.724   1.335
  4.250  3000 120   1.633   7.351   2.754  1000  46   1.949   1.724   1.335
  4.250  3000 120   1.633   7.351   2.754  1000  46   1.949   1.724   1.335
  4.250  3000 120   1.633   7.351   2.754  1000  46   1.949   1.724   1.335
  4.250  3000 120   1.633   7.351   2.754  1000  46   1.949   1.724   1.335
  4.250  3000 120   1.633   7.351   2.754  1000  46   1.949   1.724   1.335
  4.250  3000 120   1.633   7.351   2.754  1000  46   1.949   1.724   1.335
  4.250  3000 120   1.633   7.351   2.754  1000  46   1.949   1.724   1.335
  4.250  3000 120   1.633   7.351   2.754  1000  46   1.949   1.724   1.335
  4.250  3000 120   1.633   7.351   2.754  1000  46   1.949   1.724   1.335
  4.250  3000 120   1.633   7.351   2.754  1000  46   1.949   1.724   1.335
  4.250  3000 120   1.633   7.351   2.754  1000  46   1.949   1.724   1.335
  4.250  3000 120   1.633   7.351   2.754  1000  46   1.949   1.724   1.335
  4.250  3000 120   1.633   7.351   2.754  1000  46   1.949   1.724   1.335
  4.250  3000 120   1.633   7.351   2.754  1000  46   1.949   1.724   1.335
  4.250  3000 120   1.633   7.351   2.754  1000  46   1.949   1.724   1.335
  4.250  3000 120   1.633   7.351   2.754  1000  46   1.949   1.724   1.335
  4.250  3000 120   1.633   7.351   2.754  1000  46   1.949   1.724   1.335
  4.250  3000 120   1.633   7.351   2.754  1000  46   1.949   1.724   1.335
  4.250  3000 120   1.633   7.351   2.754  1000  46   1.949   1.724   1.335
  4.250  3000 120   1.633   7.351   2.754  1000  46   1.949   1.724   1.335
  4.250  3000 120   1.633   7.351   2.754  1000  46   1.949   1.724   1.335
  4.250  3000 120   1.633   7.351   2.754  1000  46   1.949   1.724   1.335
  4.250  3000 120   1.633   7.351   2.754  1000  46   1.949   1.724   1.335
  4.250  3000 120   1.633   7.351   2.754  1000  46   1.949   1.724   1.335
  4.250  3000 120   1.633   7.351   2.754  1000  46   1.949   1.724   1.335
  4.250  3000 120   1.633   7.351   2.754  1000  46   1.949   1.724   1.335
  4.250  3000 120   1.633   7.351   2.754  1000  46   1.949   1.724   1.335
  4.250  3000 120   1.633   7.351   2.754  1000  46   1.949   1.724   1.335
  4.250  3000 120   1.633   7.351   2.754  1000  46   1.949   1.724   1.335
  4.250  3000 120   1.633   7.351   2.754  1000  46   1.949   1.724   1.335
  4.250  3000 120   1.633   7.351   2.754  1000  46   1.949   1.724   1.335
  4.250  3000 120   1.633   7.351   2.754  1000  46   1.949   1.724   1.335
  4.500  3000 120   1.633   3.216   1.205  1000  46   1.949   1.322   1.024
  4.500  3000 120   1.633   3.216   1.205  1000  46   1.949   1.322   1.024
  4.500  3000 120   1.633   3.216   1.205  1000  46   1.949   1.322   1.024
  4.500  3000 120   1.633   3.216   1.205  1000  46   1.949   1.322   1.024
  4.500  3000 120   1.633   3.216   1.205  1000  46   1.949   1.322   1.024
  4.500  3000 120   1.633   3.216   1.205  1000  46   1.949   1.322   1.024
  4.500  3000 120   1.633   3.216   1.205  1000  46   1.949   1.322   1.024
  4.500  3000 120   1.633   3.216   1.205  1000  46   1.949   1.322   1.024
  4.500  3000 120   1.633   3.216   1.205  1000  46   1.949   1.322   1.024
  4.500  3000 120   1.633   3.216   1.205  1000  46   1.949   1.322   1.024
  4.500  3000 120   1.633   3.216   1.205  1000  46   1.949   1.322   1.024
  4.500  3000 120   1.633   3.216   1.205  1000  46   1.949   1.322   1.024
  4.500  3000 120   1.633   3.216   1.205  1000  46   1.949   1.322   1.024
  4.500  3000 120   1.633   3.216   1.205  1000  46   1.949   1.322   1.024
  4.500  3000 120   1.633   3.216   1.205  1000  46   1.949   1.322   1.024
  4.500  3000 120   1.633   3.216   1.205  1000  46   1.949   1.322   1.024
  4.500  3000 120   1.633   3.216   1.205  1000  46   1.949   1.322   1.024
  4.500  3000 120   1.633   3.216   1.205  1000  46   1.949   1.322   1.024
  4.500  3000 120   1.633   3.216   1.205  1000  46   1.949   1.322   1.024
  4.500  3000 120   1.633   3.216   1.205  1000  46   1.949   1.322   1.024
  4.500  3000 120   1.633   3.216   1.205  1000  46   1.949   1.322   1.024
  4.500  3000 120   1.633   3.216   1.205  1000  46   1.949   1.322   1.024
  4.500  3000 120   1.633   3.216   1.205  1000  46   1.949   1.322   1.024
  4.500  3000 120   1.633   3.216   1.205  1000  46   1.949   1.322   1.024
  4.500  3000 120   1.633   3.216   1.205  1000  46   1.949   1.322   1.024
  4.500  3000 120   1.633   3.216   1.205  1000  46   1.949   1.322   1.024
  4.500  3000 120   1.633   3.216   1.205  1000  46   1.949   1.322   1.024
  4.500  3000 120   1.633   3.216   1.205  1000  46   1.949   1.322   1.024
  4.500  3000 120   1.633   3.216   1.205  1000  46   1.949   1.322   1.024
  4.500  3000 120   1.633   3.216   1.205  1000  46   1.949   1.322   1.024
  4.500  3000 120   1.633   3.216   1.205  1000  46   1.949   1.322   1.024
  4.500  3000 120   1.633   3.216   1.205  1000  46   1.949   1.322   1.024
  4.500  3000 120   1.633   3.216   1.205  1000  46   1.949   1.322   1.024
  4.500  3000 120   1.633   3.216   1.205  1000  46   1.949   1.322   1.024
  4.500  3000 120   1.633   3.216   1.205  1000  46   1.949   1.322   1.024
  4.500  3000 120   1.633   3.216   1.205  1000  46   1.949   1.322   1.024
  4.500  3000 120   1.633   3.216   1.205  1000  46   1.949   1.322   1.024
  4.500  3000 120   1.633   3.216   1.205  1000  46   1.949   1.322   1.024
  4.500  3000 120   1.633   3.216   1.205  1000  46   1.949   1.322   1.024
  4.500  3000 120   1.633   3.216   1.205  1000  46   1.949   1.322   1.024
  4.500  3000 120   1.633   3.216   1.205  1000  46   1.949   1.322   1.024
  4.500  3000 120   1.633   3.216   1.205  1000  46   1.949   1.322   1.024
  4.500  3000 120   1.633   3.216   1.205  1000  46   1.949   1.322   1.024
  4.500  3000 120   1.633   3.216   1.205  1000  46   1.949   1.322   1.024
  4.500  3000 120   1.633   3.216   1.205  1000  46   1.949   1.322   1.024
  4.500  3000 120   1.633   3.216   1.205  1000  46   1.949   1.322   1.024
  4.500  3000 120   1.633   3.216   1.205  1000  46   1.949   1.322   1.024
  4.500  3000 120   1.633   3.216   1.205  1000  46   1.949   1.322   1.024
  4.500  3000 120   1.633   3.216   1.205  1000  46   1.949   1.322   1.024
  4.500  3000 120   1.633   3.216   1.205  1000  46   1.949   1.322   1.024
  4.500  3000 120   1.633   3.216   1.205  1000  46   1.949   1.322   1.024
  4.500  3000 120   1.633   3.216   1.205  1000  46   1.949   1.322   1.024
  4.500  3000 120   1.633   3.216   1.205  1000  46   1.949   1.322   1.024
  4.500  3000 120   1.633   3.216   1.205  1000  46   1.949   1.322   1.024
  4.500  3000 120   1.633   3.216   1.205  1000  46   1.949   1.322   1.024
  4.500  3000 120   1.633   3.216   1.205  1000  46   1.949   1.322   1.024
  4.500  3000 120   1.633   3.216   1.205  1000  46   1.949   1.322   1.024
  4.500  3000 120   1.633   3.216   1.205  1000  46   1.949   1.322   1.024
  4.500  3000 120   1.633   3.216   1.205  1000  46   1.949   1.322   1.024
  4.500  3000 120   1.633   3.216   1.205  1000  46   1.949   1.322   1.024
  4.500  3000 120   1.633   3.216   1.205  1000  46   1.949   1.322   1.024
  4.500  3000 120   1.633   3.216   1.205  1000  46   1.949   1.322   1.024
  4.500  3000 120   1.633   3.216   1.205  1000  46   1.949   1.322   1.024
  4.500  3000 120   1.633   3.216   1.205  1000  46   1.949   1.322   1.024
  4.500  3000 120   1.633   3.216   1.205  1000  46   1.949   1.322   1.024
  4.500  3000 120   1.633   3.216   1.205  1000  46   1.949   1.322   1.024
  4.500  3000 120   1.633   3.216   1.205  1000  46   1.949   1.322   1.024
  4.500  3000 120   1.633   3.216   1.205  1000  46   1.949   1.322   1.024
  4.500  3000 120   1.633   3.216   1.205  1000  46   1.949   1.322   1.024
  4.500  3000 120   1.633   3.216   1.205  1000  46   1.949   1.322   1.024
  4.500  3000 120   1.633   3.216   1.205  1000  46   1.949   1.322   1.024
  4.500  3000 120   1.633   3.216   1.205  1000  46   1.949   1.322   1.024
  4.500  3000 120   1.633   3.216   1.205  1000  46   1.949   1.322   1.024
  4.500  3000 120   1.633   3.216   1.205  1000  46   1.949   1.322   1.024
  4.500  3000 120   1.633   3.216   1.205  1000  46   1.949   1.322   1.024
  4.500  3000 120   1.633   3.216   1.205  1000  46   1.949   1.322   1.024
  4.500  3000 120   1.633   3.216   1.205  1000  46   1.949   1.322   1.024
  4.500  3000 120   1.633   3.216   1.205  1000  46   1.949   1.322   1.024
  4.500  3000 120   1.633   3.216   1.205  1000  46   1.949   1.322   1.024
  4.500  3000 120   1.633   3.216   1.205  1000  46   1.949   1.322   1.024
  4.500  3000 120   1.633   3.216   1.205  1000  46   1.949   1.322   1.024
  4.500  3000 120   1.633   3.216   1.205  1000  46   1.949   1.322   1.024
  4.500  3000 120   1.633   3.216   1.205  1000  46   1.949   1.322   1.024
  4.500  3000 120   1.633   3.216   1.205  1000  46   1.949   1.322   1.024
  4.500  3000 120   1.633   3.216   1.205  1000  46   1.949   1.322   1.024
  4.500  3000 120   1.633   3.216   1.205  1000  46   1.949   1.322   1.024
  4.750  3000 120   1.633   1.506   0.564  1000  46   1.949   0.897   0.695
  4.750  3000 120   1.633   1.506   0.564  1000  46   1.949   0.897   0.695
  4.750  3000 120   1.633   1.506   0.564  1000  46   1.949   0.897   0.695
  4.750  3000 120   1.633   1.506   0.564  1000  46   1.949   0.897   0.695
  4.750  3000 120   1.633   1.506   0.564  1000  46   1.949   0.897   0.695
  4.750  3000 120   1.633   1.506   0.564  1000  46   1.949   0.897   0.695
  4.750  3000 120   1.633   1.506   0.564  1000  46   1.949   0.897   0.695
  4.750  3000 120   1.633   1.506   0.564  1000  46   1.949   0.897   0.695
  4.750  3000 120   1.633   1.506   0.564  1000  46   1.949   0.897   0.695
  4.750  3000 120   1.633   1.506   0.564  1000  46   1.949   0.897   0.695
  4.750  3000 120   1.633   1.506   0.564  1000  46   1.949   0.897   0.695
  4.750  3000 120   1.633   1.506   0.564  1000  46   1.949   0.897   0.695
  4.750  3000 120   1.633   1.506   0.564  1000  46   1.949   0.897   0.695
  4.750  3000 120   1.633   1.506   0.564  1000  46   1.949   0.897   0.695
  4.750  3000 120   1.633   1.506   0.564  1000  46   1.949   0.897   0.695
  4.750  3000 120   1.633   1.506   0.564  1000  46   1.949   0.897   0.695
  4.750  3000 120   1.633   1.506   0.564  1000  46   1.949   0.897   0.695
  4.750  3000 120   1.633   1.506   0.564  1000  46   1.949   0.897   0.695
  4.750  3000 120   1.633   1.506   0.564  1000  46   1.949   0.897   0.695
  4.750  3000 120   1.633   1.506   0.564  1000  46   1.949   0.897   0.695
  4.750  3000 120   1.633   1.506   0.564  1000  46   1.949   0.897   0.695
  4.750  3000 120   1.633   1.506   0.564  1000  46   1.949   0.897   0.695
  4.750  3000 120   1.633   1.506   0.564  1000  46   1.949   0.897   0.695
  4.750  3000 120   1.633   1.506   0.564  1000  46   1.949   0.897   0.695
  4.750  3000 120   1.633   1.506   0.564  1000  46   1.949   0.897   0.695
  4.750  3000 120   1.633   1.506   0.564  1000  46   1.949   0.897   0.695
  4.750  3000 120   1.633   1.506   0.564  1000  46   1.949   0.897   0.695
  4.750  3000 120   1.633   1.506   0.564  1000  46   1.949   0.897   0.695
  4.750  3000 120   1.633   1.506   0.564  1000  46   1.949   0.897   0.695
  4.750  3000 120   1.633   1.506   0.564  1000  46   1.949   0.897   0.695
  4.750  3000 120   1.633   1.506   0.564  1000  46   1.949   0.897   0.695
  4.750  3000 120   1.633   1.506   0.564  1000  46   1.949   0.897   0.695
  4.750  3000 120   1.633   1.506   0.564  1000  46   1.949   0.897   0.695
  4.750  3000 120   1.633   1.506   0.564  1000  46   1.949   0.897   0.695
  4.750  3000 120   1.633   1.506   0.564  1000  46   1.949   0.897   0.695
  4.750  3000 120   1.633   1.506   0.564  1000  46   1.949   0.897   0.695
  4.750  3000 120   1.633   1.506   0.564  1000  46   1.949   0.897   0.695
  4.750  3000 120   1.633   1.506   0.564  1000  46   1.949   0.897   0.695
  4.750  3000 120   1.633   1.506   0.564  1000  46   1.949   0.897   0.695
  4.750  3000 120   1.633   1.506   0.564  1000  46   1.949   0.897   0.695
  4.750  3000 120   1.633   1.506   0.564  1000  46   1.949   0.897   0.695
  4.750  3000 120   1.633   1.506   0.564  1000  46   1.949   0.897   0.695
  4.750  3000 120   1.633   1.506   0.564  1000  46   1.949   0.897   0.695
  4.750  3000 120   1.633   1.506   0.564  1000  46   1.949   0.897   0.695
  4.750  3000 120   1.633   1.506   0.564  1000  46   1.949   0.897   0.695
  4.750  3000 120   1.633   1.506   0.564  1000  46   1.949   0.897   0.695
  4.750  3000 120   1.633   1.506   0.564  1000  46   1.949   0.897   0.695
  4.750  3000 120   1.633   1.506   0.564  1000  46   1.949   0.897   0.695
  4.750  3000 120   1.633   1.506   0.564  1000  46   1.949   0.897   0.695
  4.750  3000 120   1.633   1.506   0.564  1000  46   1.949   0.897   0.695
  4.750  3000 120   1.633   1.506   0.564  1000  46   1.949   0.897   0.695
  4.750  3000 120   1.633   1.506   0.564  1000  46   1.949   0.897   0.695
  4.750  3000 120   1.633   1.506   0.564  1000  46   1.949   0.897   0.695
  4.750  3000 120   1.633   1.506   0.564  1000  46   1.949   0.897   0.695
  4.750  3000 120   1.633   1.506   0.564  1000  46   1.949   0.897   0.695
  4.750  3000 120   1.633   1.506   0.564  1000  46   1.949   0.897   0.695
  4.750  3000 120   1.633   1.506   0.564  1000  46   1.949   0.897   0.695
  4.750  3000 120   1.633   1.506   0.564  1000  46   1.949   0.897   0.695
  4.750  3000 120   1.633   1.506   0.564  1000  46   1.949   0.897   0.695
  4.750  3000 120   1.633   1.506   0.564  1000  46   1.949   0.897   0.695
  4.750  3000 120   1.633   1.506   0.564  1000  46   1.949   0.897   0.695
  4.750  3000 120   1.633   1.506   0.564  1000  46   1.949   0.897   0.695
  4.750  3000 120   1.633   1.506   0.564  1000  46   1.949   0.897   0.695
  4.750  3000 120   1.633   1.506   0.564  1000  46   1.949   0.897   0.695
  4.750  3000 120   1.633   1.506   0.564  1000  46   1.949   0.897   0.695
  4.750  3000 120   1.633   1.506   0.564  1000  46   1.949   0.897   0.695
  4.750  3000 120   1.633   1.506   0.564  1000  46   1.949   0.897   0.695
  4.750  3000 120   1.633   1.506   0.564  1000  46   1.949   0.897   0.695
  4.750  3000 120   1.633   1.506   0.564  1000  46   1.949   0.897   0.695
  4.750  3000 120   1.633   1.506   0.564  1000  46   1.949   0.897   0.695
  4.750  3000 120   1.633   1.506   0.564  1000  46   1.949   0.897   0.695
  4.750  3000 120   1.633   1.506   0.564  1000  46   1.949   0.897   0.695
  4.750  3000 120   1.633   1.506   0.564  1000  46   1.949   0.897   0.695
  4.750  3000 120   1.633   1.506   0.564  1000  46   1.949   0.897   0.695
  4.750  3000 120   1.633   1.506   0.564  1000  46   1.949   0.897   0.695
  4.750  3000 120   1.633   1.506   0.564  1000  46   1.949   0.897   0.695
  4.750  3000 120   1.633   1.506   0.564  1000  46   1.949   0.897   0.695
  4.750  3000 120   1.633   1.506   0.564  1000  46   1.949   0.897   0.695
  4.750  3000 120   1.633   1.506   0.564  1000  46   1.949   0.897   0.695
  4.750  3000 120   1.633   1.506   0.564  1000  46   1.949   0.897   0.695
  4.750  3000 120   1.633   1.506   0.564  1000  46   1.949   0.897   0.695
  4.750  3000 120   1.633   1.506   0.564  1000  46   1.949   0.897   0.695
  4.750  3000 120   1.633   1.506   0.564  1000  46   1.949   0.897   0.695
  4.750  3000 120   1.633   1.506   0.564  1000  46   1.949   0.897   0.695
  4.750  3000 120   1.633   1.506   0.564  1000  46   1.949   0.897   0.695
  4.750  3000 120   1.633   1.506   0.564  1000  46   1.949   0.897   0.695
  5.000  3000 120   1.633   0.736   0.276  1000  46   1.949   0.637   0.494
  5.000  3000 120   1.633   0.736   0.276  1000  46   1.949   0.637   0.494
  5.000  3000 120   1.633   0.736   0.276  1000  46   1.949   0.637   0.494
  5.000  3000 120   1.633   0.736   0.276  1000  46   1.949   0.637   0.494
  5.000  3000 120   1.633   0.736   0.276  1000  46   1.949   0.637   0.494
  5.000  3000 120   1.633   0.736   0.276  1000  46   1.949   0.637   0.494
  5.000  3000 120   1.633   0.736   0.276  1000  46   1.949   0.637   0.494
  5.000  3000 120   1.633   0.736   0.276  1000  46   1.949   0.637   0.494
  5.000  3000 120   1.633   0.736   0.276  1000  46   1.949   0.637   0.494
  5.000  3000 120   1.633   0.736   0.276  1000  46   1.949   0.637   0.494
  5.000  3000 120   1.633   0.736   0.276  1000  46   1.949   0.637   0.494
  5.000  3000 120   1.633   0.736   0.276  1000  46   1.949   0.637   0.494
  5.000  3000 120   1.633   0.736   0.276  1000  46   1.949   0.637   0.494
  5.000  3000 120   1.633   0.736   0.276  1000  46   1.949   0.637   0.494
  5.000  3000 120   1.633   0.736   0.276  1000  46   1.949   0.637   0.494
  5.000  3000 120   1.633   0.736   0.276  1000  46   1.949   0.637   0.494
  5.000  3000 120   1.633   0.736   0.276  1000  46   1.949   0.637   0.494
  5.000  3000 120   1.633   0.736   0.276  1000  46   1.949   0.637   0.494
  5.000  3000 120   1.633   0.736   0.276  1000  46   1.949   0.637   0.494
  5.000  3000 120   1.633   0.736   0.276  1000  46   1.949   0.637   0.494
  5.000  3000 120   1.633   0.736   0.276  1000  46   1.949   0.637   0.494
  5.000  3000 120   1.633   0.736   0.276  1000  46   1.949   0.637   0.494
  5.000  3000 120   1.633   0.736   0.276  1000  46   1.949   0.637   0.494
  5.000  3000 120   1.633   0.736   0.276  1000  46   1.949   0.637   0.494
  5.000  3000 120   1.633   0.736   0.276  1000  46   1.949   0.637   0.494
  5.000  3000 120   1.633   0.736   0.276  1000  46   1.949   0.637   0.494
  5.000  3000 120   1.633   0.736   0.276  1000  46   1.949   0.637   0.494
  5.000  3000 120   1.633   0.736   0.276  1000  46   1.949   0.637   0.494
  5.000  3000 120   1.633   0.736   0.276  1000  46   1.949   0.637   0.494
  5.000  3000 120   1.633   0.736   0.276  1000  46   1.949   0.637   0.494
  5.000  3000 120   1.633   0.736   0.276  1000  46   1.949   0.637   0.494
  5.000  3000 120   1.633   0.736   0.276  1000  46   1.949   0.637   0.494
  5.000  3000 120   1.633   0.736   0.276  1000  46   1.949   0.637   0.494
  5.000  3000 120   1.633   0.736   0.276  1000  46   1.949   0.637   0.494
  5.000  3000 120   1.633   0.736   0.276  1000  46   1.949   0.637   0.494
  5.000  3000 120   1.633   0.736   0.276  1000  46   1.949   0.637   0.494
  5.000  3000 120   1.633   0.736   0.276  1000  46   1.949   0.637   0.494
  5.000  3000 120   1.633   0.736   0.276  1000  46   1.949   0.637   0.494
  5.000  3000 120   1.633   0.736   0.276  1000  46   1.949   0.637   0.494
  5.000  3000 120   1.633   0.736   0.276  1000  46   1.949   0.637   0.494
  5.000  3000 120   1.633   0.736   0.276  1000  46   1.949   0.637   0.494
  5.000  3000 120   1.633   0.736   0.276  1000  46   1.949   0.637   0.494
  5.000  3000 120   1.633   0.736   0.276  1000  46   1.949   0.637   0.494
  5.000  3000 120   1.633   0.736   0.276  1000  46   1.949   0.637   0.494
  5.000  3000 120   1.633   0.736   0.276  1000  46   1.949   0.637   0.494
  5.000  3000 120   1.633   0.736   0.276  1000  46   1.949   0.637   0.494
  5.000  3000 120   1.633   0.736   0.276  1000  46   1.949   0.637   0.494
  5.000  3000 120   1.633   0.736   0.276  1000  46   1.949   0.637   0.494
  5.000  3000 120   1.633   0.736   0.276  1000  46   1.949   0.637   0.494
  5.000  3000 120   1.633   0.736   0.276  1000  46   1.949   0.637   0.494
  5.000  3000 120   1.633   0.736   0.276  1000  46   1.949   0.637   0.494
  5.000  3000 120   1.633   0.736   0.276  1000  46   1.949   0.637   0.494
  5.000  3000 120   1.633   0.736   0.276  1000  46   1.949   0.637   0.494
  5.000  3000 120   1.633   0.736   0.276  1000  46   1.949   0.637   0.494
  5.000  3000 120   1.633   0.736   0.276  1000  46   1.949   0.637   0.494
  5.000  3000 120   1.633   0.736   0.276  1000  46   1.949   0.637   0.494
  5.000  3000 120   1.633   0.736   0.276  1000  46   1.949   0.637   0.494
  5.000  3000 120   1.633   0.736   0.276  1000  46   1.949   0.637   0.494
  5.000  3000 120   1.633   0.736   0.276  1000  46   1.949   0.637   0.494
  5.000  3000 120   1.633   0.736   0.276  1000  46   1.949   0.637   0.494
  5.000  3000 120   1.633   0.736   0.276  1000  46   1.949   0.637   0.494
  5.000  3000 120   1.633   0.736   0.276  1000  46   1.949   0.637   0.494
  5.000  3000 120   1.633   0.736   0.276  1000  46   1.949   0.637   0.494
  5.000  3000 120   1.633   0.736   0.276  1000  46   1.949   0.637   0.494
  5.000  3000 120   1.633   0.736   0.276  1000  46   1.949   0.637   0.494
  5.000  3000 120   1.633   0.736   0.276  1000  46   1.949   0.637   0.494
  5.000  3000 120   1.633   0.736   0.276  1000  46   1.949   0.637   0.494
  5.000  3000 120   1.633   0.736   0.276  1000  46   1.949   0.637   0.494
  5.000  3000 120   1.633   0.736   0.276  1000  46   1.949   0.637   0.494
  5.000  3000 120   1.633   0.736   0.276  1000  46   1.949   0.637   0.494
  5.000  3000 120   1.633   0.736   0.276  1000  46   1.949   0.637   0.494
  5.000  3000 120   1.633   0.736   0.276  1000  46   1.949   0.637   0.494
  5.000  3000 120   1.633   0.736   0.276  1000  46   1.949   0.637   0.494
  5.000  3000 120   1.633   0.736   0.276  1000  46   1.949   0.637   0.494
  5.000  3000 120   1.633   0.736   0.276  1000  46   1.949   0.637   0.494
  5.000  3000 120   1.633   0.736   0.276  1000  46   1.949   0.637   0.494
  5.000  3000 120   1.633   0.736   0.276  1000  46   1.949   0.637   0.494
  5.000  3000 120   1.633   0.736   0.276  1000  46   1.949   0.637   0.494
  5.000  3000 120   1.633   0.736   0.276  1000  46   1.949   0.637   0.494
  5.000  3000 120   1.633   0.736   0.276  1000  46   1.949   0.637   0.494
  5.000  3000 120   1.633   0.736   0.276  1000  46   1.949   0.637   0.494
  5.000  3000 120   1.633   0.736   0.276  1000  46   1.949   0.637   0.494
  5.000  3000 120   1.633   0.736   0.276  1000  46   1.949   0.637   0.494
  5.000  3000 120   1.633   0.736   0.276  1000  46   1.949   0.637   0.494
  5.000  3000 120   1.633   0.736   0.276  1000  46   1.949   0.637   0.494
  5.000  3000 120   1.633   0.736   0.276  1000  46   1.949   0.637   0.494
  5.250  3000 120   1.633   0.393   0.147  1000  46   1.949   0.534   0.414
  5.250  3000 120   1.633   0.393   0.147  1000  46   1.949   0.534   0.414
  5.250  3000 120   1.633   0.393   0.147  1000  46   1.949   0.534   0.414
  5.250  3000 120   1.633   0.393   0.147  1000  46   1.949   0.534   0.414
  5.250  3000 120   1.633   0.393   0.147  1000  46   1.949   0.534   0.414
  5.250  3000 120   1.633   0.393   0.147  1000  46   1.949   0.534   0.414
  5.250  3000 120   1.633   0.393   0.147  1000  46   1.949   0.534   0.414
  5.250  3000 120   1.633   0.393   0.147  1000  46   1.949   0.534   0.414
  5.250  3000 120   1.633   0.393   0.147  1000  46   1.949   0.534   0.414
  5.250  3000 120   1.633   0.393   0.147  1000  46   1.949   0.534   0.414
  5.250  3000 120   1.633   0.393   0.147  1000  46   1.949   0.534   0.414
  5.250  3000 120   1.633   0.393   0.147  1000  46   1.949   0.534   0.414
  5.250  3000 120   1.633   0.393   0.147  1000  46   1.949   0.534   0.414
  5.250  3000 120   1.633   0.393   0.147  1000  46   1.949   0.534   0.414
  5.250  3000 120   1.633   0.393   0.147  1000  46   1.949   0.534   0.414
  5.250  3000 120   1.633   0.393   0.147  1000  46   1.949   0.534   0.414
  5.250  3000 120   1.633   0.393   0.147  1000  46   1.949   0.534   0.414
  5.250  3000 120   1.633   0.393   0.147  1000  46   1.949   0.534   0.414
  5.250  3000 120   1.633   0.393   0.147  1000  46   1.949   0.534   0.414
  5.250  3000 120   1.633   0.393   0.147  1000  46   1.949   0.534   0.414
  5.250  3000 120   1.633   0.393   0.147  1000  46   1.949   0.534   0.414
  5.250  3000 120   1.633   0.393   0.147  1000  46   1.949   0.534   0.414
  5.250  3000 120   1.633   0.393   0.147  1000  46   1.949   0.534   0.414
  5.250  3000 120   1.633   0.393   0.147  1000  46   1.949   0.534   0.414
  5.250  3000 120   1.633   0.393   0.147  1000  46   1.949   0.534   0.414
  5.250  3000 120   1.633   0.393   0.147  1000  46   1.949   0.534   0.414
  5.250  3000 120   1.633   0.393   0.147  1000  46   1.949   0.534   0.414
  5.250  3000 120   1.633   0.393   0.147  1000  46   1.949   0.534   0.414
  5.250  3000 120   1.633   0.393   0.147  1000  46   1.949   0.534   0.414
  5.250  3000 120   1.633   0.393   0.147  1000  46   1.949   0.534   0.414
  5.250  3000 120   1.633   0.393   0.147  1000  46   1.949   0.534   0.414
  5.250  3000 120   1.633   0.393   0.147  1000  46   1.949   0.534   0.414
  5.250  3000 120   1.633   0.393   0.147  1000  46   1.949   0.534   0.414
  5.250  3000 120   1.633   0.393   0.147  1000  46   1.949   0.534   0.414
  5.250  3000 120   1.633   0.393   0.147  1000  46   1.949   0.534   0.414
  5.250  3000 120   1.633   0.393   0.147  1000  46   1.949   0.534   0.414
  5.250  3000 120   1.633   0.393   0.147  1000  46   1.949   0.534   0.414
  5.250  3000 120   1.633   0.393   0.147  1000  46   1.949   0.534   0.414
  5.250  3000 120   1.633   0.393   0.147  1000  46   1.949   0.534   0.414
  5.250  3000 120   1.633   0.393   0.147  1000  46   1.949   0.534   0.414
  5.250  3000 120   1.633   0.393   0.147  1000  46   1.949   0.534   0.414
  5.250  3000 120   1.633   0.393   0.147  1000  46   1.949   0.534   0.414
  5.250  3000 120   1.633   0.393   0.147  1000  46   1.949   0.534   0.414
  5.250  3000 120   1.633   0.393   0.147  1000  46   1.949   0.534   0.414
  5.250  3000 120   1.633   0.393   0.147  1000  46   1.949   0.534   0.414
  5.250  3000 120   1.633   0.393   0.147  1000  46   1.949   0.534   0.414
  5.250  3000 120   1.633   0.393   0.147  1000  46   1.949   0.534   0.414
  5.250  3000 120   1.633   0.393   0.147  1000  46   1.949   0.534   0.414
  5.250  3000 120   1.633   0.393   0.147  1000  46   1.949   0.534   0.414
  5.250  3000 120   1.633   0.393   0.147  1000  46   1.949   0.534   0.414
  5.250  3000 120   1.633   0.393   0.147  1000  46   1.949   0.534   0.414
  5.250  3000 120   1.633   0.393   0.147  1000  46   1.949   0.534   0.414
  5.250  3000 120   1.633   0.393   0.147  1000  46   1.949   0.534   0.414
  5.250  3000 120   1.633   0.393   0.147  1000  46   1.949   0.534   0.414
  5.250  3000 120   1.633   0.393   0.147  1000  46   1.949   0.534   0.414
  5.250  3000 120   1.633   0.393   0.147  1000  46   1.949   0.534   0.414
  5.250  3000 120   1.633   0.393   0.147  1000  46   1.949   0.534   0.414
  5.250  3000 120   1.633   0.393   0.147  1000  46   1.949   0.534   0.414
  5.250  3000 120   1.633   0.393   0.147  1000  46   1.949   0.534   0.414
  5.250  3000 120   1.633   0.393   0.147  1000  46   1.949   0.534   0.414
  5.250  3000 120   1.633   0.393   0.147  1000  46   1.949   0.534   0.414
  5.250  3000 120   1.633   0.393   0.147  1000  46   1.949   0.534   0.414
  5.250  3000 120   1.633   0.393   0.147  1000  46   1.949   0.534   0.414
  5.250  3000 120   1.633   0.393   0.147  1000  46   1.949   0.534   0.414
  5.250  3000 120   1.633   0.393   0.147  1000  46   1.949   0.534   0.414
  5.250  3000 120   1.633   0.393   0.147  1000  46   1.949   0.534   0.414
  5.250  3000 120   1.633   0.393   0.147  1000  46   1.949   0.534   0.414
  5.250  3000 120   1.633   0.393   0.147  1000  46   1.949   0.534   0.414
  5.250  3000 120   1.633   0.393   0.147  1000  46   1.949   0.534   0.414
  5.250  3000 120   1.633   0.393   0.147  1000  46   1.949   0.534   0.414
  5.250  3000 120   1.633   0.393   0.147  1000  46   1.949   0.534   0.414
  5.250  3000 120   1.633   0.393   0.147  1000  46   1.949   0.534   0.414
  5.250  3000 120   1.633   0.393   0.147  1000  46   1.949   0.534   0.414
  5.250  3000 120   1.633   0.393   0.147  1000  46   1.949   0.534   0.414
  5.250  3000 120   1.633   0.393   0.147  1000  46   1.949   0.534   0.414
  5.250  3000 120   1.633   0.393   0.147  1000  46   1.949   0.534   0.414
  5.250  3000 120   1.633   0.393   0.147  1000  46   1.949   0.534   0.414
  5.250  3000 120   1.633   0.393   0.147  1000  46   1.949   0.534   0.414
  5.250  3000 120   1.633   0.393   0.147  1000  46   1.949   0.534   0.414
  5.250  3000 120   1.633   0.393   0.147  1000  46   1.949   0.534   0.414
  5.250  3000 120   1.633   0.393   0.147  1000  46   1.949   0.534   0.414
  5.250  3000 120   1.633   0.393   0.147  1000  46   1.949   0.534   0.414
  5.250  3000 120   1.633   0.393   0.147  1000  46   1.949   0.534   0.414
  5.250  3000 120   1.633   0.393   0.147  1000  46   1.949   0.534   0.414
  5.250  3000 120   1.633   0.393   0.147  1000  46   1.949   0.534   0.414
  5.250  3000 120   1.633   0.393   0.147  1000  46   1.949   0.534   0.414
  5.500  3000 120   1.633   0.245   0.092  1000  46   1.949   0.481   0.373
  5.500  3000 120   1.633   0.245   0.092  1000  46   1.949   0.481   0.373
  5.500  3000 120   1.633   0.245   0.092  1000  46   1.949   0.481   0.373
  5.500  3000 120   1.633   0.245   0.092  1000  46   1.949   0.481   0.373
  5.500  3000 120   1.633   0.245   0.092  1000  46   1.949   0.481   0.373
  5.500  3000 120   1.633   0.245   0.092  1000  46   1.949   0.481   0.373
  5.500  3000 120   1.633   0.245   0.092  1000  46   1.949   0.481   0.373
  5.500  3000 120   1.633   0.245   0.092  1000  46   1.949   0.481   0.373
  5.500  3000 120   1.633   0.245   0.092  1000  46   1.949   0.481   0.373
  5.500  3000 120   1.633   0.245   0.092  1000  46   1.949   0.481   0.373
  5.500  3000 120   1.633   0.245   0.092  1000  46   1.949   0.481   0.373
  5.500  3000 120   1.633   0.245   0.092  1000  46   1.949   0.481   0.373
  5.500  3000 120   1.633   0.245   0.092  1000  46   1.949   0.481   0.373
  5.500  3000 120   1.633   0.245   0.092  1000  46   1.949   0.481   0.373
  5.500  3000 120   1.633   0.245   0.092  1000  46   1.949   0.481   0.373
  5.500  3000 120   1.633   0.245   0.092  1000  46   1.949   0.481   0.373
  5.500  3000 120   1.633   0.245   0.092  1000  46   1.949   0.481   0.373
  5.500  3000 120   1.633   0.245   0.092  1000  46   1.949   0.481   0.373
  5.500  3000 120   1.633   0.245   0.092  1000  46   1.949   0.481   0.373
  5.500  3000 120   1.633   0.245   0.092  1000  46   1.949   0.481   0.373
  5.500  3000 120   1.633   0.245   0.092  1000  46   1.949   0.481   0.373
  5.500  3000 120   1.633   0.245   0.092  1000  46   1.949   0.481   0.373
  5.500  3000 120   1.633   0.245   0.092  1000  46   1.949   0.481   0.373
  5.500  3000 120   1.633   0.245   0.092  1000  46   1.949   0.481   0.373
  5.500  3000 120   1.633   0.245   0.092  1000  46   1.949   0.481   0.373
  5.500  3000 120   1.633   0.245   0.092  1000  46   1.949   0.481   0.373
  5.500  3000 120   1.633   0.245   0.092  1000  46   1.949   0.481   0.373
  5.500  3000 120   1.633   0.245   0.092  1000  46   1.949   0.481   0.373
  5.500  3000 120   1.633   0.245   0.092  1000  46   1.949   0.481   0.373
  5.500  3000 120   1.633   0.245   0.092  1000  46   1.949   0.481   0.373
  5.500  3000 120   1.633   0.245   0.092  1000  46   1.949   0.481   0.373
  5.500  3000 120   1.633   0.245   0.092  1000  46   1.949   0.481   0.373
  5.500  3000 120   1.633   0.245   0.092  1000  46   1.949   0.481   0.373
  5.500  3000 120   1.633   0.245   0.092  1000  46   1.949   0.481   0.373
  5.500  3000 120   1.633   0.245   0.092  1000  46   1.949   0.481   0.373
  5.500  3000 120   1.633   0.245   0.092  1000  46   1.949   0.481   0.373
  5.500  3000 120   1.633   0.245   0.092  1000  46   1.949   0.481   0.373
  5.500  3000 120   1.633   0.245   0.092  1000  46   1.949   0.481   0.373
  5.500  3000 120   1.633   0.245   0.092  1000  46   1.949   0.481   0.373
  5.500  3000 120   1.633   0.245   0.092  1000  46   1.949   0.481   0.373
  5.500  3000 120   1.633   0.245   0.092  1000  46   1.949   0.481   0.373
  5.500  3000 120   1.633   0.245   0.092  1000  46   1.949   0.481   0.373
  5.500  3000 120   1.633   0.245   0.092  1000  46   1.949   0.481   0.373
  5.500  3000 120   1.633   0.245   0.092  1000  46   1.949   0.481   0.373
  5.500  3000 120   1.633   0.245   0.092  1000  46   1.949   0.481   0.373
  5.500  3000 120   1.633   0.245   0.092  1000  46   1.949   0.481   0.373
  5.500  3000 120   1.633   0.245   0.092  1000  46   1.949   0.481   0.373
  5.500  3000 120   1.633   0.245   0.092  1000  46   1.949   0.481   0.373
  5.500  3000 120   1.633   0.245   0.092  1000  46   1.949   0.481   0.373
  5.500  3000 120   1.633   0.245   0.092  1000  46   1.949   0.481   0.373
  5.500  3000 120   1.633   0.245   0.092  1000  46   1.949   0.481   0.373
  5.500  3000 120   1.633   0.245   0.092  1000  46   1.949   0.481   0.373
  5.500  3000 120   1.633   0.245   0.092  1000  46   1.949   0.481   0.373
  5.500  3000 120   1.633   0.245   0.092  1000  46   1.949   0.481   0.373
  5.500  3000 120   1.633   0.245   0.092  1000  46   1.949   0.481   0.373
  5.500  3000 120   1.633   0.245   0.092  1000  46   1.949   0.481   0.373
  5.500  3000 120   1.633   0.245   0.092  1000  46   1.949   0.481   0.373
  5.500  3000 120   1.633   0.245   0.092  1000  46   1.949   0.481   0.373
  5.500  3000 120   1.633   0.245   0.092  1000  46   1.949   0.481   0.373
  5.500  3000 120   1.633   0.245   0.092  1000  46   1.949   0.481   0.373
  5.500  3000 120   1.633   0.245   0.092  1000  46   1.949   0.481   0.373
  5.500  3000 120   1.633   0.245   0.092  1000  46   1.949   0.481   0.373
  5.500  3000 120   1.633   0.245   0.092  1000  46   1.949   0.481   0.373
  5.500  3000 120   1.633   0.245   0.092  1000  46   1.949   0.481   0.373
  5.500  3000 120   1.633   0.245   0.092  1000  46   1.949   0.481   0.373
  5.500  3000 120   1.633   0.245   0.092  1000  46   1.949   0.481   0.373
  5.500  3000 120   1.633   0.245   0.092  1000  46   1.949   0.481   0.373
  5.500  3000 120   1.633   0.245   0.092  1000  46   1.949   0.481   0.373
  5.500  3000 120   1.633   0.245   0.092  1000  46   1.949   0.481   0.373
  5.500  3000 120   1.633   0.245   0.092  1000  46   1.949   0.481   0.373
  5.500  3000 120   1.633   0.245   0.092  1000  46   1.949   0.481   0.373
  5.500  3000 120   1.633   0.245   0.092  1000  46   1.949   0.481   0.373
  5.500  3000 120   1.633   0.245   0.092  1000  46   1.949   0.481   0.373
  5.500  3000 120   1.633   0.245   0.092  1000  46   1.949   0.481   0.373
  5.500  3000 120   1.633   0.245   0.092  1000  46   1.949   0.481   0.373
  5.500  3000 120   1.633   0.245   0.092  1000  46   1.949   0.481   0.373
  5.500  3000 120   1.633   0.245   0.092  1000  46   1.949   0.481   0.373
  5.500  3000 120   1.633   0.245   0.092  1000  46   1.949   0.481   0.373
  5.500  3000 120   1.633   0.245   0.092  1000  46   1.949   0.481   0.373
  5.500  3000 120   1.633   0.245   0.092  1000  46   1.949   0.481   0.373
  5.500  3000 120   1.633   0.245   0.092  1000  46   1.949   0.481   0.373
  5.500  3000 120   1.633   0.245   0.092  1000  46   1.949   0.481   0.373
  5.500  3000 120   1.633   0.245   0.092  1000  46   1.949   0.481   0.373
  5.500  3000 120   1.633   0.245   0.092  1000  46   1.949   0.481   0.373
  5.500  3000 120   1.633   0.245   0.092  1000  46   1.949   0.481   0.373
  5.500  3000 120   1.633   0.245   0.092  1000  46   1.949   0.481   0.373
  5.750  3000 120   1.633   0.177   0.066  1000  46   1.949   0.434   0.337
  5.750  3000 120   1.633   0.177   0.066  1000  46   1.949   0.434   0.337
  5.750  3000 120   1.633   0.177   0.066  1000  46   1.949   0.434   0.337
  5.750  3000 120   1.633   0.177   0.066  1000  46   1.949   0.434   0.337
  5.750  3000 120   1.633   0.177   0.066  1000  46   1.949   0.434   0.337
  5.750  3000 120   1.633   0.177   0.066  1000  46   1.949   0.434   0.337
  5.750  3000 120   1.633   0.177   0.066  1000  46   1.949   0.434   0.337
  5.750  3000 120   1.633   0.177   0.066  1000  46   1.949   0.434   0.337
  5.750  3000 120   1.633   0.177   0.066  1000  46   1.949   0.434   0.337
  5.750  3000 120   1.633   0.177   0.066  1000  46   1.949   0.434   0.337
  5.750  3000 120   1.633   0.177   0.066  1000  46   1.949   0.434   0.337
  5.750  3000 120   1.633   0.177   0.066  1000  46   1.949   0.434   0.337
  5.750  3000 120   1.633   0.177   0.066  1000  46   1.949   0.434   0.337
  5.750  3000 120   1.633   0.177   0.066  1000  46   1.949   0.434   0.337
  5.750  3000 120   1.633   0.177   0.066  1000  46   1.949   0.434   0.337
  5.750  3000 120   1.633   0.177   0.066  1000  46   1.949   0.434   0.337
  5.750  3000 120   1.633   0.177   0.066  1000  46   1.949   0.434   0.337
  5.750  3000 120   1.633   0.177   0.066  1000  46   1.949   0.434   0.337
  5.750  3000 120   1.633   0.177   0.066  1000  46   1.949   0.434   0.337
  5.750  3000 120   1.633   0.177   0.066  1000  46   1.949   0.434   0.337
  5.750  3000 120   1.633   0.177   0.066  1000  46   1.949   0.434   0.337
  5.750  3000 120   1.633   0.177   0.066  1000  46   1.949   0.434   0.337
  5.750  3000 120   1.633   0.177   0.066  1000  46   1.949   0.434   0.337
  5.750  3000 120   1.633   0.177   0.066  1000  46   1.949   0.434   0.337
  5.750  3000 120   1.633   0.177   0.066  1000  46   1.949   0.434   0.337
  5.750  3000 120   1.633   0.177   0.066  1000  46   1.949   0.434   0.337
  5.750  3000 120   1.633   0.177   0.066  1000  46   1.949   0.434   0.337
  5.750  3000 120   1.633   0.177   0.066  1000  46   1.949   0.434   0.337
  5.750  3000 120   1.633   0.177   0.066  1000  46   1.949   0.434   0.337
  5.750  3000 120   1.633   0.177   0.066  1000  46   1.949   0.434   0.337
  5.750  3000 120   1.633   0.177   0.066  1000  46   1.949   0.434   0.337
  5.750  3000 120   1.633   0.177   0.066  1000  46   1.949   0.434   0.337
  5.750  3000 120   1.633   0.177   0.066  1000  46   1.949   0.434   0.337
  5.750  3000 120   1.633   0.177   0.066  1000  46   1.949   0.434   0.337
  5.750  3000 120   1.633   0.177   0.066  1000  46   1.949   0.434   0.337
  5.750  3000 120   1.633   0.177   0.066  1000  46   1.949   0.434   0.337
  5.750  3000 120   1.633   0.177   0.066  1000  46   1.949   0.434   0.337
  5.750  3000 120   1.633   0.177   0.066  1000  46   1.949   0.434   0.337
  5.750  3000 120   1.633   0.177   0.066  1000  46   1.949   0.434   0.337
  5.750  3000 120   1.633   0.177   0.066  1000  46   1.949   0.434   0.337
  5.750  3000 120   1.633   0.177   0.066  1000  46   1.949   0.434   0.337
  5.750  3000 120   1.633   0.177   0.066  1000  46   1.949   0.434   0.337
  5.750  3000 120   1.633   0.177   0.066  1000  46   1.949   0.434   0.337
  5.750  3000 120   1.633   0.177   0.066  1000  46   1.949   0.434   0.337
  5.750  3000 120   1.633   0.177   0.066  1000  46   1.949   0.434   0.337
  5.750  3000 120   1.633   0.177   0.066  1000  46   1.949   0.434   0.337
  5.750  3000 120   1.633   0.177   0.066  1000  46   1.949   0.434   0.337
  5.750  3000 120   1.633   0.177   0.066  1000  46   1.949   0.434   0.337
  5.750  3000 120   1.633   0.177   0.066  1000  46   1.949   0.434   0.337
  5.750  3000 120   1.633   0.177   0.066  1000  46   1.949   0.434   0.337
  5.750  3000 120   1.633   0.177   0.066  1000  46   1.949   0.434   0.337
  5.750  3000 120   1.633   0.177   0.066  1000  46   1.949   0.434   0.337
  5.750  3000 120   1.633   0.177   0.066  1000  46   1.949   0.434   0.337
  5.750  3000 120   1.633   0.177   0.066  1000  46   1.949   0.434   0.337
  5.750  3000 120   1.633   0.177   0.066  1000  46   1.949   0.434   0.337
  5.750  3000 120   1.633   0.177   0.066  1000  46   1.949   0.434   0.337
  5.750  3000 120   1.633   0.177   0.066  1000  46   1.949   0.434   0.337
  5.750  3000 120   1.633   0.177   0.066  1000  46   1.949   0.434   0.337
  5.750  3000 120   1.633   0.177   0.066  1000  46   1.949   0.434   0.337
  5.750  3000 120   1.633   0.177   0.066  1000  46   1.949   0.434   0.337
  5.750  3000 120   1.633   0.177   0.066  1000  46   1.949   0.434   0.337
  5.750  3000 120   1.633   0.177   0.066  1000  46   1.949   0.434   0.337
  5.750  3000 120   1.633   0.177   0.066  1000  46   1.949   0.434   0.337
  5.750  3000 120   1.633   0.177   0.066  1000  46   1.949   0.434   0.337
  5.750  3000 120   1.633   0.177   0.066  1000  46   1.949   0.434   0.337
  5.750  3000 120   1.633   0.177   0.066  1000  46   1.949   0.434   0.337
  5.750  3000 120   1.633   0.177   0.066  1000  46   1.949   0.434   0.337
  5.750  3000 120   1.633   0.177   0.066  1000  46   1.949   0.434   0.337
  5.750  3000 120   1.633   0.177   0.066  1000  46   1.949   0.434   0.337
  5.750  3000 120   1.633   0.177   0.066  1000  46   1.949   0.434   0.337
  5.750  3000 120   1.633   0.177   0.066  1000  46   1.949   0.434   0.337
  5.750  3000 120   1.633   0.177   0.066  1000  46   1.949   0.434   0.337
  5.750  3000 120   1.633   0.177   0.066  1000  46   1.949   0.434   0.337
  5.750  3000 120   1.633   0.177   0.066  1000  46   1.949   0.434   0.337
  5.750  3000 120   1.633   0.177   0.066  1000  46   1.949   0.434   0.337
  5.750  3000 120   1.633   0.177   0.066  1000  46   1.949   0.434   0.337
  5.750  3000 120   1.633   0.177   0.066  1000  46   1.949   0.434   0.337
  5.750  3000 120   1.633   0.177   0.066  1000  46   1.949   0.434   0.337
  5.750  3000 120   1.633   0.177   0.066  1000  46   1.949   0.434   0.337
  5.750  3000 120   1.633   0.177   0.066  1000  46   1.949   0.434   0.337
  5.750  3000 120   1.633   0.177   0.066  1000  46   1.949   0.434   0.337
  5.750  3000 120   1.633   0.177   0.066  1000  46   1.949   0.434   0.337
  5.750  3000 120   1.633   0.177   0.066  1000  46   1.949   0.434   0.337
  5.750  3000 120   1.633   0.177   0.066  1000  46   1.949   0.434   0.337
  5.750  3000 120   1.633   0.177   0.066  1000  46   1.949   0.434   0.337
  5.750  3000 120   1.633   0.177   0.066  1000  46   1.949   0.434   0.337
  6.000  3000 120   1.633   0.151   0.057  1000  46   1.949   0.379   0.294
  6.000  3000 120   1.633   0.151   0.057  1000  46   1.949   0.379   0.294
  6.000  3000 120   1.633   0.151   0.057  1000  46   1.949   0.379   0.294
  6.000  3000 120   1.633   0.151   0.057  1000  46   1.949   0.379   0.294
  6.000  3000 120   1.633   0.151   0.057  1000  46   1.949   0.379   0.294
  6.000  3000 120   1.633   0.151   0.057  1000  46   1.949   0.379   0.294
  6.000  3000 120   1.633   0.151   0.057  1000  46   1.949   0.379   0.294
  6.000  3000 120   1.633   0.151   0.057  1000  46   1.949   0.379   0.294
  6.000  3000 120   1.633   0.151   0.057  1000  46   1.949   0.379   0.294
  6.000  3000 120   1.633   0.151   0.057  1000  46   1.949   0.379   0.294
  6.000  3000 120   1.633   0.151   0.057  1000  46   1.949   0.379   0.294
  6.000  3000 120   1.633   0.151   0.057  1000  46   1.949   0.379   0.294
  6.000  3000 120   1.633   0.151   0.057  1000  46   1.949   0.379   0.294
  6.000  3000 120   1.633   0.151   0.057  1000  46   1.949   0.379   0.294
  6.000  3000 120   1.633   0.151   0.057  1000  46   1.949   0.379   0.294
  6.000  3000 120   1.633   0.151   0.057  1000  46   1.949   0.379   0.294
  6.000  3000 120   1.633   0.151   0.057  1000  46   1.949   0.379   0.294
  6.000  3000 120   1.633   0.151   0.057  1000  46   1.949   0.379   0.294
  6.000  3000 120   1.633   0.151   0.057  1000  46   1.949   0.379   0.294
  6.000  3000 120   1.633   0.151   0.057  1000  46   1.949   0.379   0.294
  6.000  3000 120   1.633   0.151   0.057  1000  46   1.949   0.379   0.294
  6.000  3000 120   1.633   0.151   0.057  1000  46   1.949   0.379   0.294
  6.000  3000 120   1.633   0.151   0.057  1000  46   1.949   0.379   0.294
  6.000  3000 120   1.633   0.151   0.057  1000  46   1.949   0.379   0.294
  6.000  3000 120   1.633   0.151   0.057  1000  46   1.949   0.379   0.294
  6.000  3000 120   1.633   0.151   0.057  1000  46   1.949   0.379   0.294
  6.000  3000 120   1.633   0.151   0.057  1000  46   1.949   0.379   0.294
  6.000  3000 120   1.633   0.151   0.057  1000  46   1.949   0.379   0.294
  6.000  3000 120   1.633   0.151   0.057  1000  46   1.949   0.379   0.294
  6.000  3000 120   1.633   0.151   0.057  1000  46   1.949   0.379   0.294
  6.000  3000 120   1.633   0.151   0.057  1000  46   1.949   0.379   0.294
  6.000  3000 120   1.633   0.151   0.057  1000  46   1.949   0.379   0.294
  6.000  3000 120   1.633   0.151   0.057  1000  46   1.949   0.379   0.294
  6.000  3000 120   1.633   0.151   0.057  1000  46   1.949   0.379   0.294
  6.000  3000 120   1.633   0.151   0.057  1000  46   1.949   0.379   0.294
  6.000  3000 120   1.633   0.151   0.057  1000  46   1.949   0.379   0.294
  6.000  3000 120   1.633   0.151   0.057  1000  46   1.949   0.379   0.294
  6.000  3000 120   1.633   0.151   0.057  1000  46   1.949   0.379   0.294
  6.000  3000 120   1.633   0.151   0.057  1000  46   1.949   0.379   0.294
  6.000  3000 120   1.633   0.151   0.057  1000  46   1.949   0.379   0.294
  6.000  3000 120   1.633   0.151   0.057  1000  46   1.949   0.379   0.294
  6.000  3000 120   1.633   0.151   0.057  1000  46   1.949   0.379   0.294
  6.000  3000 120   1.633   0.151   0.057  1000  46   1.949   0.379   0.294
  6.000  3000 120   1.633   0.151   0.057  1000  46   1.949   0.379   0.294
  6.000  3000 120   1.633   0.151   0.057  1000  46   1.949   0.379   0.294
  6.000  3000 120   1.633   0.151   0.057  1000  46   1.949   0.379   0.294
  6.000  3000 120   1.633   0.151   0.057  1000  46   1.949   0.379   0.294
  6.000  3000 120   1.633   0.151   0.057  1000  46   1.949   0.379   0.294
  6.000  3000 120   1.633   0.151   0.057  1000  46   1.949   0.379   0.294
  6.000  3000 120   1.633   0.151   0.057  1000  46   1.949   0.379   0.294
  6.000  3000 120   1.633   0.151   0.057  1000  46   1.949   0.379   0.294
  6.000  3000 120   1.633   0.151   0.057  1000  46   1.949   0.379   0.294
  6.000  3000 120   1.633   0.151   0.057  1000  46   1.949   0.379   0.294
  6.000  3000 120   1.633   0.151   0.057  1000  46   1.949   0.379   0.294
  6.000  3000 120   1.633   0.151   0.057  1000  46   1.949   0.379   0.294
  6.000  3000 120   1.633   0.151   0.057  1000  46   1.949   0.379   0.294
  6.000  3000 120   1.633   0.151   0.057  1000  46   1.949   0.379   0.294
  6.000  3000 120   1.633   0.151   0.057  1000  46   1.949   0.379   0.294
  6.000  3000 120   1.633   0.151   0.057  1000  46   1.949   0.379   0.294
  6.000  3000 120   1.633   0.151   0.057  1000  46   1.949   0.379   0.294
  6.000  3000 120   1.633   0.151   0.057  1000  46   1.949   0.379   0.294
  6.000  3000 120   1.633   0.151   0.057  1000  46   1.949   0.379   0.294
  6.000  3000 120   1.633   0.151   0.057  1000  46   1.949   0.379   0.294
  6.000  3000 120   1.633   0.151   0.057  1000  46   1.949   0.379   0.294
  6.000  3000 120   1.633   0.151   0.057  1000  46   1.949   0.379   0.294
  6.000  3000 120   1.633   0.151   0.057  1000  46   1.949   0.379   0.294
  6.000  3000 120   1.633   0.151   0.057  1000  46   1.949   0.379   0.294
  6.000  3000 120   1.633   0.151   0.057  1000  46   1.949   0.379   0.294
  6.000  3000 120   1.633   0.151   0.057  1000  46   1.949   0.379   0.294
  6.000  3000 120   1.633   0.151   0.057  1000  46   1.949   0.379   0.294
  6.000  3000 120   1.633   0.151   0.057  1000  46   1.949   0.379   0.294
  6.000  3000 120   1.633   0.151   0.057  1000  46   1.949   0.379   0.294
  6.000  3000 120   1.633   0.151   0.057  1000  46   1.949   0.379   0.294
  6.000  3000 120   1.633   0.151   0.057  1000  46   1.949   0.379   0.294
  6.000  3000 120   1.633   0.151   0.057  1000  46   1.949   0.379   0.294
  6.000  3000 120   1.633   0.151   0.057  1000  46   1.949   0.379   0.294
  6.000  3000 120   1.633   0.151   0.057  1000  46   1.949   0.379   0.294
  6.000  3000 120   1.633   0.151   0.057  1000  46   1.949   0.379   0.294
  6.000  3000 120   1.633   0.151   0.057  1000  46   1.949   0.379   0.294
  6.000  3000 120   1.633   0.151   0.057  1000  46   1.949   0.379   0.294
  6.000  3000 120   1.633   0.151   0.057  1000  46   1.949   0.379   0.294
  6.000  3000 120   1.633   0.151   0.057  1000  46   1.949   0.379   0.294
  6.000  3000 120   1.633   0.151   0.057  1000  46   1.949   0.379   0.294
  6.000  3000 120   1.633   0.151   0.057  1000  46   1.949   0.379   0.294
  6.000  3000 120   1.633   0.151   0.057  1000  46   1.949   0.379   0.294
  6.000  3000 120   1.633   0.151   0.057  1000  46   1.949   0.379   0.294
  6.250  3000 120   1.633   0.137   0.051  1000  46   1.949   0.320   0.248
  6.250  3000 120   1.633   0.137   0.051  1000  46   1.949   0.320   0.248
  6.250  3000 120   1.633   0.137   0.051  1000  46   1.949   0.320   0.248
  6.250  3000 120   1.633   0.137   0.051  1000  46   1.949   0.320   0.248
  6.250  3000 120   1.633   0.137   0.051  1000  46   1.949   0.320   0.248
  6.250  3000 120   1.633   0.137   0.051  1000  46   1.949   0.320   0.248
  6.250  3000 120   1.633   0.137   0.051  1000  46   1.949   0.320   0.248
  6.250  3000 120   1.633   0.137   0.051  1000  46   1.949   0.320   0.248
  6.250  3000 120   1.633   0.137   0.051  1000  46   1.949   0.320   0.248
  6.250  3000 120   1.633   0.137   0.051  1000  46   1.949   0.320   0.248
  6.250  3000 120   1.633   0.137   0.051  1000  46   1.949   0.320   0.248
  6.250  3000 120   1.633   0.137   0.051  1000  46   1.949   0.320   0.248
  6.250  3000 120   1.633   0.137   0.051  1000  46   1.949   0.320   0.248
  6.250  3000 120   1.633   0.137   0.051  1000  46   1.949   0.320   0.248
  6.250  3000 120   1.633   0.137   0.051  1000  46   1.949   0.320   0.248
  6.250  3000 120   1.633   0.137   0.051  1000  46   1.949   0.320   0.248
  6.250  3000 120   1.633   0.137   0.051  1000  46   1.949   0.320   0.248
  6.250  3000 120   1.633   0.137   0.051  1000  46   1.949   0.320   0.248
  6.250  3000 120   1.633   0.137   0.051  1000  46   1.949   0.320   0.248
  6.250  3000 120   1.633   0.137   0.051  1000  46   1.949   0.320   0.248
  6.250  3000 120   1.633   0.137   0.051  1000  46   1.949   0.320   0.248
  6.250  3000 120   1.633   0.137   0.051  1000  46   1.949   0.320   0.248
  6.250  3000 120   1.633   0.137   0.051  1000  46   1.949   0.320   0.248
  6.250  3000 120   1.633   0.137   0.051  1000  46   1.949   0.320   0.248
  6.250  3000 120   1.633   0.137   0.051  1000  46   1.949   0.320   0.248
  6.250  3000 120   1.633   0.137   0.051  1000  46   1.949   0.320   0.248
  6.250  3000 120   1.633   0.137   0.051  1000  46   1.949   0.320   0.248
  6.250  3000 120   1.633   0.137   0.051  1000  46   1.949   0.320   0.248
  6.250  3000 120   1.633   0.137   0.051  1000  46   1.949   0.320   0.248
  6.250  3000 120   1.633   0.137   0.051  1000  46   1.949   0.320   0.248
  6.250  3000 120   1.633   0.137   0.051  1000  46   1.949   0.320   0.248
  6.250  3000 120   1.633   0.137   0.051  1000  46   1.949   0.320   0.248
  6.250  3000 120   1.633   0.137   0.051  1000  46   1.949   0.320   0.248
  6.250  3000 120   1.633   0.137   0.051  1000  46   1.949   0.320   0.248
  6.250  3000 120   1.633   0.137   0.051  1000  46   1.949   0.320   0.248
  6.250  3000 120   1.633   0.137   0.051  1000  46   1.949   0.320   0.248
  6.250  3000 120   1.633   0.137   0.051  1000  46   1.949   0.320   0.248
  6.250  3000 120   1.633   0.137   0.051  1000  46   1.949   0.320   0.248
  6.250  3000 120   1.633   0.137   0.051  1000  46   1.949   0.320   0.248
  6.250  3000 120   1.633   0.137   0.051  1000  46   1.949   0.320   0.248
  6.250  3000 120   1.633   0.137   0.051  1000  46   1.949   0.320   0.248
  6.250  3000 120   1.633   0.137   0.051  1000  46   1.949   0.320   0.248
  6.250  3000 120   1.633   0.137   0.051  1000  46   1.949   0.320   0.248
  6.250  3000 120   1.633   0.137   0.051  1000  46   1.949   0.320   0.248
  6.250  3000 120   1.633   0.137   0.051  1000  46   1.949   0.320   0.248
  6.250  3000 120   1.633   0.137   0.051  1000  46   1.949   0.320   0.248
  6.250  3000 120   1.633   0.137   0.051  1000  46   1.949   0.320   0.248
  6.250  3000 120   1.633   0.137   0.051  1000  46   1.949   0.320   0.248
  6.250  3000 120   1.633   0.137   0.051  1000  46   1.949   0.320   0.248
  6.250  3000 120   1.633   0.137   0.051  1000  46   1.949   0.320   0.248
  6.250  3000 120   1.633   0.137   0.051  1000  46   1.949   0.320   0.248
  6.250  3000 120   1.633   0.137   0.051  1000  46   1.949   0.320   0.248
  6.250  3000 120   1.633   0.137   0.051  1000  46   1.949   0.320   0.248
  6.250  3000 120   1.633   0.137   0.051  1000  46   1.949   0.320   0.248
  6.250  3000 120   1.633   0.137   0.051  1000  46   1.949   0.320   0.248
  6.250  3000 120   1.633   0.137   0.051  1000  46   1.949   0.320   0.248
  6.250  3000 120   1.633   0.137   0.051  1000  46   1.949   0.320   0.248
  6.250  3000 120   1.633   0.137   0.051  1000  46   1.949   0.320   0.248
  6.250  3000 120   1.633   0.137   0.051  1000  46   1.949   0.320   0.248
  6.250  3000 120   1.633   0.137   0.051  1000  46   1.949   0.320   0.248
  6.250  3000 120   1.633   0.137   0.051  1000  46   1.949   0.320   0.248
  6.250  3000 120   1.633   0.137   0.051  1000  46   1.949   0.320   0.248
  6.250  3000 120   1.633   0.137   0.051  1000  46   1.949   0.320   0.248
  6.250  3000 120   1.633   0.137   0.051  1000  46   1.949   0.320   0.248
  6.250  3000 120   1.633   0.137   0.051  1000  46   1.949   0.320   0.248
  6.250  3000 120   1.633   0.137   0.051  1000  46   1.949   0.320   0.248
  6.250  3000 120   1.633   0.137   0.051  1000  46   1.949   0.320   0.248
  6.250  3000 120   1.633   0.137   0.051  1000  46   1.949   0.320   0.248
  6.250  3000 120   1.633   0.137   0.051  1000  46   1.949   0.320   0.248
  6.250  3000 120   1.633   0.137   0.051  1000  46   1.949   0.320   0.248
  6.250  3000 120   1.633   0.137   0.051  1000  46   1.949   0.320   0.248
  6.250  3000 120   1.633   0.137   0.051  1000  46   1.949   0.320   0.248
  6.250  3000 120   1.633   0.137   0.051  1000  46   1.949   0.320   0.248
  6.250  3000 120   1.633   0.137   0.051  1000  46   1.949   0.320   0.248
  6.250  3000 120   1.633   0.137   0.051  1000  46   1.949   0.320   0.248
  6.250  3000 120   1.633   0.137   0.051  1000  46   1.949   0.320   0.248
  6.250  3000 120   1.633   0.137   0.051  1000  46   1.949   0.320   0.248
  6.250  3000 120   1.633   0.137   0.051  1000  46   1.949   0.320   0.248
  6.250  3000 120   1.633   0.137   0.051  1000  46   1.949   0.320   0.248
  6.250  3000 120   1.633   0.137   0.051  1000  46   1.949   0.320   0.248
  6.250  3000 120   1.633   0.137   0.051  1000  46   1.949   0.320   0.248
  6.250  3000 120   1.633   0.137   0.051  1000  46   1.949   0.320   0.248
  6.250  3000 120   1.633   0.137   0.051  1000  46   1.949   0.320   0.248
  6.250  3000 120   1.633   0.137   0.051  1000  46   1.949   0.320   0.248
  6.250  3000 120   1.633   0.137   0.051  1000  46   1.949   0.320   0.248
  6.250  3000 120   1.633   0.137   0.051  1000  46   1.949   0.320   0.248
  6.500  3000 120   1.633   0.123   0.046  1000  46   1.949   0.266   0.206
  6.500  3000 120   1.633   0.123   0.046  1000  46   1.949   0.266   0.206
  6.500  3000 120   1.633   0.123   0.046  1000  46   1.949   0.266   0.206
  6.500  3000 120   1.633   0.123   0.046  1000  46   1.949   0.266   0.206
  6.500  3000 120   1.633   0.123   0.046  1000  46   1.949   0.266   0.206
  6.500  3000 120   1.633   0.123   0.046  1000  46   1.949   0.266   0.206
  6.500  3000 120   1.633   0.123   0.046  1000  46   1.949   0.266   0.206
  6.500  3000 120   1.633   0.123   0.046  1000  46   1.949   0.266   0.206
  6.500  3000 120   1.633   0.123   0.046  1000  46   1.949   0.266   0.206
  6.500  3000 120   1.633   0.123   0.046  1000  46   1.949   0.266   0.206
  6.500  3000 120   1.633   0.123   0.046  1000  46   1.949   0.266   0.206
  6.500  3000 120   1.633   0.123   0.046  1000  46   1.949   0.266   0.206
  6.500  3000 120   1.633   0.123   0.046  1000  46   1.949   0.266   0.206
  6.500  3000 120   1.633   0.123   0.046  1000  46   1.949   0.266   0.206
  6.500  3000 120   1.633   0.123   0.046  1000  46   1.949   0.266   0.206
  6.500  3000 120   1.633   0.123   0.046  1000  46   1.949   0.266   0.206
  6.500  3000 120   1.633   0.123   0.046  1000  46   1.949   0.266   0.206
  6.500  3000 120   1.633   0.123   0.046  1000  46   1.949   0.266   0.206
  6.500  3000 120   1.633   0.123   0.046  1000  46   1.949   0.266   0.206
  6.500  3000 120   1.633   0.123   0.046  1000  46   1.949   0.266   0.206
  6.500  3000 120   1.633   0.123   0.046  1000  46   1.949   0.266   0.206
  6.500  3000 120   1.633   0.123   0.046  1000  46   1.949   0.266   0.206
  6.500  3000 120   1.633   0.123   0.046  1000  46   1.949   0.266   0.206
  6.500  3000 120   1.633   0.123   0.046  1000  46   1.949   0.266   0.206
  6.500  3000 120   1.633   0.123   0.046  1000  46   1.949   0.266   0.206
  6.500  3000 120   1.633   0.123   0.046  1000  46   1.949   0.266   0.206
  6.500  3000 120   1.633   0.123   0.046  1000  46   1.949   0.266   0.206
  6.500  3000 120   1.633   0.123   0.046  1000  46   1.949   0.266   0.206
  6.500  3000 120   1.633   0.123   0.046  1000  46   1.949   0.266   0.206
  6.500  3000 120   1.633   0.123   0.046  1000  46   1.949   0.266   0.206
  6.500  3000 120   1.633   0.123   0.046  1000  46   1.949   0.266   0.206
  6.500  3000 120   1.633   0.123   0.046  1000  46   1.949   0.266   0.206
  6.500  3000 120   1.633   0.123   0.046  1000  46   1.949   0.266   0.206
  6.500  3000 120   1.633   0.123   0.046  1000  46   1.949   0.266   0.206
  6.500  3000 120   1.633   0.123   0.046  1000  46   1.949   0.266   0.206
  6.500  3000 120   1.633   0.123   0.046  1000  46   1.949   0.266   0.206
  6.500  3000 120   1.633   0.123   0.046  1000  46   1.949   0.266   0.206
  6.500  3000 120   1.633   0.123   0.046  1000  46   1.949   0.266   0.206
  6.500  3000 120   1.633   0.123   0.046  1000  46   1.949   0.266   0.206
  6.500  3000 120   1.633   0.123   0.046  1000  46   1.949   0.266   0.206
  6.500  3000 120   1.633   0.123   0.046  1000  46   1.949   0.266   0.206
  6.500  3000 120   1.633   0.123   0.046  1000  46   1.949   0.266   0.206
  6.500  3000 120   1.633   0.123   0.046  1000  46   1.949   0.266   0.206
  6.500  3000 120   1.633   0.123   0.046  1000  46   1.949   0.266   0.206
  6.500  3000 120   1.633   0.123   0.046  1000  46   1.949   0.266   0.206
  6.500  3000 120   1.633   0.123   0.046  1000  46   1.949   0.266   0.206
  6.500  3000 120   1.633   0.123   0.046  1000  46   1.949   0.266   0.206
  6.500  3000 120   1.633   0.123   0.046  1000  46   1.949   0.266   0.206
  6.500  3000 120   1.633   0.123   0.046  1000  46   1.949   0.266   0.206
  6.500  3000 120   1.633   0.123   0.046  1000  46   1.949   0.266   0.206
  6.500  3000 120   1.633   0.123   0.046  1000  46   1.949   0.266   0.206
  6.500  3000 120   1.633   0.123   0.046  1000  46   1.949   0.266   0.206
  6.500  3000 120   1.633   0.123   0.046  1000  46   1.949   0.266   0.206
  6.500  3000 120   1.633   0.123   0.046  1000  46   1.949   0.266   0.206
  6.500  3000 120   1.633   0.123   0.046  1000  46   1.949   0.266   0.206
  6.500  3000 120   1.633   0.123   0.046  1000  46   1.949   0.266   0.206
  6.500  3000 120   1.633   0.123   0.046  1000  46   1.949   0.266   0.206
  6.500  3000 120   1.633   0.123   0.046  1000  46   1.949   0.266   0.206
  6.500  3000 120   1.633   0.123   0.046  1000  46   1.949   0.266   0.206
  6.500  3000 120   1.633   0.123   0.046  1000  46   1.949   0.266   0.206
  6.500  3000 120   1.633   0.123   0.046  1000  46   1.949   0.266   0.206
  6.500  3000 120   1.633   0.123   0.046  1000  46   1.949   0.266   0.206
  6.500  3000 120   1.633   0.123   0.046  1000  46   1.949   0.266   0.206
  6.500  3000 120   1.633   0.123   0.046  1000  46   1.949   0.266   0.206
  6.500  3000 120   1.633   0.123   0.046  1000  46   1.949   0.266   0.206
  6.500  3000 120   1.633   0.123   0.046  1000  46   1.949   0.266   0.206
  6.500  3000 120   1.633   0.123   0.046  1000  46   1.949   0.266   0.206
  6.500  3000 120   1.633   0.123   0.046  1000  46   1.949   0.266   0.206
  6.500  3000 120   1.633   0.123   0.046  1000  46   1.949   0.266   0.206
  6.500  3000 120   1.633   0.123   0.046  1000  46   1.949   0.266   0.206
  6.500  3000 120   1.633   0.123   0.046  1000  46   1.949   0.266   0.206
  6.500  3000 120   1.633   0.123   0.046  1000  46   1.949   0.266   0.206
  6.500  3000 120   1.633   0.123   0.046  1000  46   1.949   0.266   0.206
  6.500  3000 120   1.633   0.123   0.046  1000  46   1.949   0.266   0.206
  6.500  3000 120   1.633   0.123   0.046  1000  46   1.949   0.266   0.206
  6.500  3000 120   1.633   0.123   0.046  1000  46   1.949   0.266   0.206
  6.500  3000 120   1.633   0.123   0.046  1000  46   1.949   0.266   0.206
  6.500  3000 120   1.633   0.123   0.046  1000  46   1.949   0.266   0.206
  6.500  3000 120   1.633   0.123   0.046  1000  46   1.949   0.266   0.206
  6.500  3000 120   1.633   0.123   0.046  1000  46   1.949   0.266   0.206
  6.500  3000 120   1.633   0.123   0.046  1000  46   1.949   0.266   0.206
  6.500  3000 120   1.633   0.123   0.046  1000  46   1.949   0.266   0.206
  6.500  3000 120   1.633   0.123   0.046  1000  46   1.949   0.266   0.206
  6.500  3000 120   1.633   0.123   0.046  1000  46   1.949   0.266   0.206
  6.500  3000 120   1.633   0.123   0.046  1000  46   1.949   0.266   0.206
  6.500  3000 120   1.633   0.123   0.046  1000  46   1.949   0.266   0.206
  6.750  3000 120   1.633   0.106   0.040  1000  46   1.949   0.216   0.167
  6.750  3000 120   1.633   0.106   0.040  1000  46   1.949   0.216   0.167
  6.750  3000 120   1.633   0.106   0.040  1000  46   1.949   0.216   0.167
  6.750  3000 120   1.633   0.106   0.040  1000  46   1.949   0.216   0.167
  6.750  3000 120   1.633   0.106   0.040  1000  46   1.949   0.216   0.167
  6.750  3000 120   1.633   0.106   0.040  1000  46   1.949   0.216   0.167
  6.750  3000 120   1.633   0.106   0.040  1000  46   1.949   0.216   0.167
  6.750  3000 120   1.633   0.106   0.040  1000  46   1.949   0.216   0.167
  6.750  3000 120   1.633   0.106   0.040  1000  46   1.949   0.216   0.167
  6.750  3000 120   1.633   0.106   0.040  1000  46   1.949   0.216   0.167
  6.750  3000 120   1.633   0.106   0.040  1000  46   1.949   0.216   0.167
  6.750  3000 120   1.633   0.106   0.040  1000  46   1.949   0.216   0.167
  6.750  3000 120   1.633   0.106   0.040  1000  46   1.949   0.216   0.167
  6.750  3000 120   1.633   0.106   0.040  1000  46   1.949   0.216   0.167
  6.750  3000 120   1.633   0.106   0.040  1000  46   1.949   0.216   0.167
  6.750  3000 120   1.633   0.106   0.040  1000  46   1.949   0.216   0.167
  6.750  3000 120   1.633   0.106   0.040  1000  46   1.949   0.216   0.167
  6.750  3000 120   1.633   0.106   0.040  1000  46   1.949   0.216   0.167
  6.750  3000 120   1.633   0.106   0.040  1000  46   1.949   0.216   0.167
  6.750  3000 120   1.633   0.106   0.040  1000  46   1.949   0.216   0.167
  6.750  3000 120   1.633   0.106   0.040  1000  46   1.949   0.216   0.167
  6.750  3000 120   1.633   0.106   0.040  1000  46   1.949   0.216   0.167
  6.750  3000 120   1.633   0.106   0.040  1000  46   1.949   0.216   0.167
  6.750  3000 120   1.633   0.106   0.040  1000  46   1.949   0.216   0.167
  6.750  3000 120   1.633   0.106   0.040  1000  46   1.949   0.216   0.167
  6.750  3000 120   1.633   0.106   0.040  1000  46   1.949   0.216   0.167
  6.750  3000 120   1.633   0.106   0.040  1000  46   1.949   0.216   0.167
  6.750  3000 120   1.633   0.106   0.040  1000  46   1.949   0.216   0.167
  6.750  3000 120   1.633   0.106   0.040  1000  46   1.949   0.216   0.167
  6.750  3000 120   1.633   0.106   0.040  1000  46   1.949   0.216   0.167
  6.750  3000 120   1.633   0.106   0.040  1000  46   1.949   0.216   0.167
  6.750  3000 120   1.633   0.106   0.040  1000  46   1.949   0.216   0.167
  6.750  3000 120   1.633   0.106   0.040  1000  46   1.949   0.216   0.167
  6.750  3000 120   1.633   0.106   0.040  1000  46   1.949   0.216   0.167
  6.750  3000 120   1.633   0.106   0.040  1000  46   1.949   0.216   0.167
  6.750  3000 120   1.633   0.106   0.040  1000  46   1.949   0.216   0.167
  6.750  3000 120   1.633   0.106   0.040  1000  46   1.949   0.216   0.167
  6.750  3000 120   1.633   0.106   0.040  1000  46   1.949   0.216   0.167
  6.750  3000 120   1.633   0.106   0.040  1000  46   1.949   0.216   0.167
  6.750  3000 120   1.633   0.106   0.040  1000  46   1.949   0.216   0.167
  6.750  3000 120   1.633   0.106   0.040  1000  46   1.949   0.216   0.167
  6.750  3000 120   1.633   0.106   0.040  1000  46   1.949   0.216   0.167
  6.750  3000 120   1.633   0.106   0.040  1000  46   1.949   0.216   0.167
  6.750  3000 120   1.633   0.106   0.040  1000  46   1.949   0.216   0.167
  6.750  3000 120   1.633   0.106   0.040  1000  46   1.949   0.216   0.167
  6.750  3000 120   1.633   0.106   0.040  1000  46   1.949   0.216   0.167
  6.750  3000 120   1.633   0.106   0.040  1000  46   1.949   0.216   0.167
  6.750  3000 120   1.633   0.106   0.040  1000  46   1.949   0.216   0.167
  6.750  3000 120   1.633   0.106   0.040  1000  46   1.949   0.216   0.167
  6.750  3000 120   1.633   0.106   0.040  1000  46   1.949   0.216   0.167
  6.750  3000 120   1.633   0.106   0.040  1000  46   1.949   0.216   0.167
  6.750  3000 120   1.633   0.106   0.040  1000  46   1.949   0.216   0.167
  6.750  3000 120   1.633   0.106   0.040  1000  46   1.949   0.216   0.167
  6.750  3000 120   1.633   0.106   0.040  1000  46   1.949   0.216   0.167
  6.750  3000 120   1.633   0.106   0.040  1000  46   1.949   0.216   0.167
  6.750  3000 120   1.633   0.106   0.040  1000  46   1.949   0.216   0.167
  6.750  3000 120   1.633   0.106   0.040  1000  46   1.949   0.216   0.167
  6.750  3000 120   1.633   0.106   0.040  1000  46   1.949   0.216   0.167
  6.750  3000 120   1.633   0.106   0.040  1000  46   1.949   0.216   0.167
  6.750  3000 120   1.633   0.106   0.040  1000  46   1.949   0.216   0.167
  6.750  3000 120   1.633   0.106   0.040  1000  46   1.949   0.216   0.167
  6.750  3000 120   1.633   0.106   0.040  1000  46   1.949   0.216   0.167
  6.750  3000 120   1.633   0.106   0.040  1000  46   1.949   0.216   0.167
  6.750  3000 120   1.633   0.106   0.040  1000  46   1.949   0.216   0.167
  6.750  3000 120   1.633   0.106   0.040  1000  46   1.949   0.216   0.167
  6.750  3000 120   1.633   0.106   0.040  1000  46   1.949   0.216   0.167
  6.750  3000 120   1.633   0.106   0.040  1000  46   1.949   0.216   0.167
  6.750  3000 120   1.633   0.106   0.040  1000  46   1.949   0.216   0.167
  6.750  3000 120   1.633   0.106   0.040  1000  46   1.949   0.216   0.167
  6.750  3000 120   1.633   0.106   0.040  1000  46   1.949   0.216   0.167
  6.750  3000 120   1.633   0.106   0.040  1000  46   1.949   0.216   0.167
  6.750  3000 120   1.633   0.106   0.040  1000  46   1.949   0.216   0.167
  6.750  3000 120   1.633   0.106   0.040  1000  46   1.949   0.216   0.167
  6.750  3000 120   1.633   0.106   0.040  1000  46   1.949   0.216   0.167
  6.750  3000 120   1.633   0.106   0.040  1000  46   1.949   0.216   0.167
  6.750  3000 120   1.633   0.106   0.040  1000  46   1.949   0.216   0.167
  6.750  3000 120   1.633   0.106   0.040  1000  46   1.949   0.216   0.167
  6.750  3000 120   1.633   0.106   0.040  1000  46   1.949   0.216   0.167
  6.750  3000 120   1.633   0.106   0.040  1000  46   1.949   0.216   0.167
  6.750  3000 120   1.633   0.106   0.040  1000  46   1.949   0.216   0.167
  6.750  3000 120   1.633   0.106   0.040  1000  46   1.949   0.216   0.167
  6.750  3000 120   1.633   0.106   0.040  1000  46   1.949   0.216   0.167
  6.750  3000 120   1.633   0.106   0.040  1000  46   1.949   0.216   0.167
  6.750  3000 120   1.633   0.106   0.040  1000  46   1.949   0.216   0.167
  6.750  3000 120   1.633   0.106   0.040  1000  46   1.949   0.216   0.167
  6.750  3000 120   1.633   0.106   0.040  1000  46   1.949   0.216   0.167
  7.000  3000 120   1.633   0.086   0.032  1000  46   1.949   0.170   0.131
  7.000  3000 120   1.633   0.086   0.032  1000  46   1.949   0.170   0.131
  7.000  3000 120   1.633   0.086   0.032  1000  46   1.949   0.170   0.131
  7.000  3000 120   1.633   0.086   0.032  1000  46   1.949   0.170   0.131
  7.000  3000 120   1.633   0.086   0.032  1000  46   1.949   0.170   0.131
  7.000  3000 120   1.633   0.086   0.032  1000  46   1.949   0.170   0.131
  7.000  3000 120   1.633   0.086   0.032  1000  46   1.949   0.170   0.131
  7.000  3000 120   1.633   0.086   0.032  1000  46   1.949   0.170   0.131
  7.000  3000 120   1.633   0.086   0.032  1000  46   1.949   0.170   0.131
  7.000  3000 120   1.633   0.086   0.032  1000  46   1.949   0.170   0.131
  7.000  3000 120   1.633   0.086   0.032  1000  46   1.949   0.170   0.131
  7.000  3000 120   1.633   0.086   0.032  1000  46   1.949   0.170   0.131
  7.000  3000 120   1.633   0.086   0.032  1000  46   1.949   0.170   0.131
  7.000  3000 120   1.633   0.086   0.032  1000  46   1.949   0.170   0.131
  7.000  3000 120   1.633   0.086   0.032  1000  46   1.949   0.170   0.131
  7.000  3000 120   1.633   0.086   0.032  1000  46   1.949   0.170   0.131
  7.000  3000 120   1.633   0.086   0.032  1000  46   1.949   0.170   0.131
  7.000  3000 120   1.633   0.086   0.032  1000  46   1.949   0.170   0.131
  7.000  3000 120   1.633   0.086   0.032  1000  46   1.949   0.170   0.131
  7.000  3000 120   1.633   0.086   0.032  1000  46   1.949   0.170   0.131
  7.000  3000 120   1.633   0.086   0.032  1000  46   1.949   0.170   0.131
  7.000  3000 120   1.633   0.086   0.032  1000  46   1.949   0.170   0.131
  7.000  3000 120   1.633   0.086   0.032  1000  46   1.949   0.170   0.131
  7.000  3000 120   1.633   0.086   0.032  1000  46   1.949   0.170   0.131
  7.000  3000 120   1.633   0.086   0.032  1000  46   1.949   0.170   0.131
  7.000  3000 120   1.633   0.086   0.032  1000  46   1.949   0.170   0.131
  7.000  3000 120   1.633   0.086   0.032  1000  46   1.949   0.170   0.131
  7.000  3000 120   1.633   0.086   0.032  1000  46   1.949   0.170   0.131
  7.000  3000 120   1.633   0.086   0.032  1000  46   1.949   0.170   0.131
  7.000  3000 120   1.633   0.086   0.032  1000  46   1.949   0.170   0.131
  7.000  3000 120   1.633   0.086   0.032  1000  46   1.949   0.170   0.131
  7.000  3000 120   1.633   0.086   0.032  1000  46   1.949   0.170   0.131
  7.000  3000 120   1.633   0.086   0.032  1000  46   1.949   0.170   0.131
  7.000  3000 120   1.633   0.086   0.032  1000  46   1.949   0.170   0.131
  7.000  3000 120   1.633   0.086   0.032  1000  46   1.949   0.170   0.131
  7.000  3000 120   1.633   0.086   0.032  1000  46   1.949   0.170   0.131
  7.000  3000 120   1.633   0.086   0.032  1000  46   1.949   0.170   0.131
  7.000  3000 120   1.633   0.086   0.032  1000  46   1.949   0.170   0.131
  7.000  3000 120   1.633   0.086   0.032  1000  46   1.949   0.170   0.131
  7.000  3000 120   1.633   0.086   0.032  1000  46   1.949   0.170   0.131
  7.000  3000 120   1.633   0.086   0.032  1000  46   1.949   0.170   0.131
  7.000  3000 120   1.633   0.086   0.032  1000  46   1.949   0.170   0.131
  7.000  3000 120   1.633   0.086   0.032  1000  46   1.949   0.170   0.131
  7.000  3000 120   1.633   0.086   0.032  1000  46   1.949   0.170   0.131
  7.000  3000 120   1.633   0.086   0.032  1000  46   1.949   0.170   0.131
  7.000  3000 120   1.633   0.086   0.032  1000  46   1.949   0.170   0.131
  7.000  3000 120   1.633   0.086   0.032  1000  46   1.949   0.170   0.131
  7.000  3000 120   1.633   0.086   0.032  1000  46   1.949   0.170   0.131
  7.000  3000 120   1.633   0.086   0.032  1000  46   1.949   0.170   0.131
  7.000  3000 120   1.633   0.086   0.032  1000  46   1.949   0.170   0.131
  7.000  3000 120   1.633   0.086   0.032  1000  46   1.949   0.170   0.131
  7.000  3000 120   1.633   0.086   0.032  1000  46   1.949   0.170   0.131
  7.000  3000 120   1.633   0.086   0.032  1000  46   1.949   0.170   0.131
  7.000  3000 120   1.633   0.086   0.032  1000  46   1.949   0.170   0.131
  7.000  3000 120   1.633   0.086   0.032  1000  46   1.949   0.170   0.131
  7.000  3000 120   1.633   0.086   0.032  1000  46   1.949   0.170   0.131
  7.000  3000 120   1.633   0.086   0.032  1000  46   1.949   0.170   0.131
  7.000  3000 120   1.633   0.086   0.032  1000  46   1.949   0.170   0.131
  7.000  3000 120   1.633   0.086   0.032  1000  46   1.949   0.170   0.131
  7.000  3000 120   1.633   0.086   0.032  1000  46   1.949   0.170   0.131
  7.000  3000 120   1.633   0.086   0.032  1000  46   1.949   0.170   0.131
  7.000  3000 120   1.633   0.086   0.032  1000  46   1.949   0.170   0.131
  7.000  3000 120   1.633   0.086   0.032  1000  46   1.949   0.170   0.131
  7.000  3000 120   1.633   0.086   0.032  1000  46   1.949   0.170   0.131
  7.000  3000 120   1.633   0.086   0.032  1000  46   1.949   0.170   0.131
  7.000  3000 120   1.633   0.086   0.032  1000  46   1.949   0.170   0.131
  7.000  3000 120   1.633   0.086   0.032  1000  46   1.949   0.170   0.131
  7.000  3000 120   1.633   0.086   0.032  1000  46   1.949   0.170   0.131
  7.000  3000 120   1.633   0.086   0.032  1000  46   1.949   0.170   0.131
  7.000  3000 120   1.633   0.086   0.032  1000  46   1.949   0.170   0.131
  7.000  3000 120   1.633   0.086   0.032  1000  46   1.949   0.170   0.131
  7.000  3000 120   1.633   0.086   0.032  1000  46   1.949   0.170   0.131
  7.000  3000 120   1.633   0.086   0.032  1000  46   1.949   0.170   0.131
  7.000  3000 120   1.633   0.086   0.032  1000  46   1.949   0.170   0.131
  7.000  3000 120   1.633   0.086   0.032  1000  46   1.949   0.170   0.131
  7.000  3000 120   1.633   0.086   0.032  1000  46   1.949   0.170   0.131
  7.000  3000 120   1.633   0.086   0.032  1000  46   1.949   0.170   0.131
  7.000  3000 120   1.633   0.086   0.032  1000  46   1.949   0.170   0.131
  7.000  3000 120   1.633   0.086   0.032  1000  46   1.949   0.170   0.131
  7.000  3000 120   1.633   0.086   0.032  1000  46   1.949   0.170   0.131
  7.000  3000 120   1.633   0.086   0.032  1000  46   1.949   0.170   0.131
  7.000  3000 120   1.633   0.086   0.032  1000  46   1.949   0.170   0.131
  7.000  3000 120   1.633   0.086   0.032  1000  46   1.949   0.170   0.131
  7.000  3000 120   1.633   0.086   0.032  1000  46   1.949   0.170   0.131
  7.000  3000 120   1.633   0.086   0.032  1000  46   1.949   0.170   0.131
  7.000  3000 120   1.633   0.086   0.032  1000  46   1.949   0.170   0.131
  7.250  3000 120   1.633   0.068   0.026  1000  46   1.949   0.130   0.101
  7.250  3000 120   1.633   0.068   0.026  1000  46   1.949   0.130   0.101
  7.250  3000 120   1.633   0.068   0.026  1000  46   1.949   0.130   0.101
  7.250  3000 120   1.633   0.068   0.026  1000  46   1.949   0.130   0.101
  7.250  3000 120   1.633   0.068   0.026  1000  46   1.949   0.130   0.101
  7.250  3000 120   1.633   0.068   0.026  1000  46   1.949   0.130   0.101
  7.250  3000 120   1.633   0.068   0.026  1000  46   1.949   0.130   0.101
  7.250  3000 120   1.633   0.068   0.026  1000  46   1.949   0.130   0.101
  7.250  3000 120   1.633   0.068   0.026  1000  46   1.949   0.130   0.101
  7.250  3000 120   1.633   0.068   0.026  1000  46   1.949   0.130   0.101
  7.250  3000 120   1.633   0.068   0.026  1000  46   1.949   0.130   0.101
  7.250  3000 120   1.633   0.068   0.026  1000  46   1.949   0.130   0.101
  7.250  3000 120   1.633   0.068   0.026  1000  46   1.949   0.130   0.101
  7.250  3000 120   1.633   0.068   0.026  1000  46   1.949   0.130   0.101
  7.250  3000 120   1.633   0.068   0.026  1000  46   1.949   0.130   0.101
  7.250  3000 120   1.633   0.068   0.026  1000  46   1.949   0.130   0.101
  7.250  3000 120   1.633   0.068   0.026  1000  46   1.949   0.130   0.101
  7.250  3000 120   1.633   0.068   0.026  1000  46   1.949   0.130   0.101
  7.250  3000 120   1.633   0.068   0.026  1000  46   1.949   0.130   0.101
  7.250  3000 120   1.633   0.068   0.026  1000  46   1.949   0.130   0.101
  7.250  3000 120   1.633   0.068   0.026  1000  46   1.949   0.130   0.101
  7.250  3000 120   1.633   0.068   0.026  1000  46   1.949   0.130   0.101
  7.250  3000 120   1.633   0.068   0.026  1000  46   1.949   0.130   0.101
  7.250  3000 120   1.633   0.068   0.026  1000  46   1.949   0.130   0.101
  7.250  3000 120   1.633   0.068   0.026  1000  46   1.949   0.130   0.101
  7.250  3000 120   1.633   0.068   0.026  1000  46   1.949   0.130   0.101
  7.250  3000 120   1.633   0.068   0.026  1000  46   1.949   0.130   0.101
  7.250  3000 120   1.633   0.068   0.026  1000  46   1.949   0.130   0.101
  7.250  3000 120   1.633   0.068   0.026  1000  46   1.949   0.130   0.101
  7.250  3000 120   1.633   0.068   0.026  1000  46   1.949   0.130   0.101
  7.250  3000 120   1.633   0.068   0.026  1000  46   1.949   0.130   0.101
  7.250  3000 120   1.633   0.068   0.026  1000  46   1.949   0.130   0.101
  7.250  3000 120   1.633   0.068   0.026  1000  46   1.949   0.130   0.101
  7.250  3000 120   1.633   0.068   0.026  1000  46   1.949   0.130   0.101
  7.250  3000 120   1.633   0.068   0.026  1000  46   1.949   0.130   0.101
  7.250  3000 120   1.633   0.068   0.026  1000  46   1.949   0.130   0.101
  7.250  3000 120   1.633   0.068   0.026  1000  46   1.949   0.130   0.101
  7.250  3000 120   1.633   0.068   0.026  1000  46   1.949   0.130   0.101
  7.250  3000 120   1.633   0.068   0.026  1000  46   1.949   0.130   0.101
  7.250  3000 120   1.633   0.068   0.026  1000  46   1.949   0.130   0.101
  7.250  3000 120   1.633   0.068   0.026  1000  46   1.949   0.130   0.101
  7.250  3000 120   1.633   0.068   0.026  1000  46   1.949   0.130   0.101
  7.250  3000 120   1.633   0.068   0.026  1000  46   1.949   0.130   0.101
  7.250  3000 120   1.633   0.068   0.026  1000  46   1.949   0.130   0.101
  7.250  3000 120   1.633   0.068   0.026  1000  46   1.949   0.130   0.101
  7.250  3000 120   1.633   0.068   0.026  1000  46   1.949   0.130   0.101
  7.250  3000 120   1.633   0.068   0.026  1000  46   1.949   0.130   0.101
  7.250  3000 120   1.633   0.068   0.026  1000  46   1.949   0.130   0.101
  7.250  3000 120   1.633   0.068   0.026  1000  46   1.949   0.130   0.101
  7.250  3000 120   1.633   0.068   0.026  1000  46   1.949   0.130   0.101
  7.250  3000 120   1.633   0.068   0.026  1000  46   1.949   0.130   0.101
  7.250  3000 120   1.633   0.068   0.026  1000  46   1.949   0.130   0.101
  7.250  3000 120   1.633   0.068   0.026  1000  46   1.949   0.130   0.101
  7.250  3000 120   1.633   0.068   0.026  1000  46   1.949   0.130   0.101
  7.250  3000 120   1.633   0.068   0.026  1000  46   1.949   0.130   0.101
  7.250  3000 120   1.633   0.068   0.026  1000  46   1.949   0.130   0.101
  7.250  3000 120   1.633   0.068   0.026  1000  46   1.949   0.130   0.101
  7.250  3000 120   1.633   0.068   0.026  1000  46   1.949   0.130   0.101
  7.250  3000 120   1.633   0.068   0.026  1000  46   1.949   0.130   0.101
  7.250  3000 120   1.633   0.068   0.026  1000  46   1.949   0.130   0.101
  7.250  3000 120   1.633   0.068   0.026  1000  46   1.949   0.130   0.101
  7.250  3000 120   1.633   0.068   0.026  1000  46   1.949   0.130   0.101
  7.250  3000 120   1.633   0.068   0.026  1000  46   1.949   0.130   0.101
  7.250  3000 120   1.633   0.068   0.026  1000  46   1.949   0.130   0.101
  7.250  3000 120   1.633   0.068   0.026  1000  46   1.949   0.130   0.101
  7.250  3000 120   1.633   0.068   0.026  1000  46   1.949   0.130   0.101
  7.250  3000 120   1.633   0.068   0.026  1000  46   1.949   0.130   0.101
  7.250  3000 120   1.633   0.068   0.026  1000  46   1.949   0.130   0.101
  7.250  3000 120   1.633   0.068   0.026  1000  46   1.949   0.130   0.101
  7.250  3000 120   1.633   0.068   0.026  1000  46   1.949   0.130   0.101
  7.250  3000 120   1.633   0.068   0.026  1000  46   1.949   0.130   0.101
  7.250  3000 120   1.633   0.068   0.026  1000  46   1.949   0.130   0.101
  7.250  3000 120   1.633   0.068   0.026  1000  46   1.949   0.130   0.101
  7.250  3000 120   1.633   0.068   0.026  1000  46   1.949   0.130   0.101
  7.250  3000 120   1.633   0.068   0.026  1000  46   1.949   0.130   0.101
  7.250  3000 120   1.633   0.068   0.026  1000  46   1.949   0.130   0.101
  7.250  3000 120   1.633   0.068   0.026  1000  46   1.949   0.130   0.101
  7.250  3000 120   1.633   0.068   0.026  1000  46   1.949   0.130   0.101
  7.250  3000 120   1.633   0.068   0.026  1000  46   1.949   0.130   0.101
  7.250  3000 120   1.633   0.068   0.026  1000  46   1.949   0.130   0.101
  7.250  3000 120   1.633   0.068   0.026  1000  46   1.949   0.130   0.101
  7.250  3000 120   1.633   0.068   0.026  1000  46   1.949   0.130   0.101
  7.250  3000 120   1.633   0.068   0.026  1000  46   1.949   0.130   0.101
  7.250  3000 120   1.633   0.068   0.026  1000  46   1.949   0.130   0.101
  7.250  3000 120   1.633   0.068   0.026  1000  46   1.949   0.130   0.101
  7.250  3000 120   1.633   0.068   0.026  1000  46   1.949   0.130   0.101
  7.500  3000 120   1.633   0.054   0.020  1000  46   1.949   0.100   0.078
  7.500  3000 120   1.633   0.054   0.020  1000  46   1.949   0.100   0.078
  7.500  3000 120   1.633   0.054   0.020  1000  46   1.949   0.100   0.078
  7.500  3000 120   1.633   0.054   0.020  1000  46   1.949   0.100   0.078
  7.500  3000 120   1.633   0.054   0.020  1000  46   1.949   0.100   0.078
  7.500  3000 120   1.633   0.054   0.020  1000  46   1.949   0.100   0.078
  7.500  3000 120   1.633   0.054   0.020  1000  46   1.949   0.100   0.078
  7.500  3000 120   1.633   0.054   0.020  1000  46   1.949   0.100   0.078
  7.500  3000 120   1.633   0.054   0.020  1000  46   1.949   0.100   0.078
  7.500  3000 120   1.633   0.054   0.020  1000  46   1.949   0.100   0.078
  7.500  3000 120   1.633   0.054   0.020  1000  46   1.949   0.100   0.078
  7.500  3000 120   1.633   0.054   0.020  1000  46   1.949   0.100   0.078
  7.500  3000 120   1.633   0.054   0.020  1000  46   1.949   0.100   0.078
  7.500  3000 120   1.633   0.054   0.020  1000  46   1.949   0.100   0.078
  7.500  3000 120   1.633   0.054   0.020  1000  46   1.949   0.100   0.078
  7.500  3000 120   1.633   0.054   0.020  1000  46   1.949   0.100   0.078
  7.500  3000 120   1.633   0.054   0.020  1000  46   1.949   0.100   0.078
  7.500  3000 120   1.633   0.054   0.020  1000  46   1.949   0.100   0.078
  7.500  3000 120   1.633   0.054   0.020  1000  46   1.949   0.100   0.078
  7.500  3000 120   1.633   0.054   0.020  1000  46   1.949   0.100   0.078
  7.500  3000 120   1.633   0.054   0.020  1000  46   1.949   0.100   0.078
  7.500  3000 120   1.633   0.054   0.020  1000  46   1.949   0.100   0.078
  7.500  3000 120   1.633   0.054   0.020  1000  46   1.949   0.100   0.078
  7.500  3000 120   1.633   0.054   0.020  1000  46   1.949   0.100   0.078
  7.500  3000 120   1.633   0.054   0.020  1000  46   1.949   0.100   0.078
  7.500  3000 120   1.633   0.054   0.020  1000  46   1.949   0.100   0.078
  7.500  3000 120   1.633   0.054   0.020  1000  46   1.949   0.100   0.078
  7.500  3000 120   1.633   0.054   0.020  1000  46   1.949   0.100   0.078
  7.500  3000 120   1.633   0.054   0.020  1000  46   1.949   0.100   0.078
  7.500  3000 120   1.633   0.054   0.020  1000  46   1.949   0.100   0.078
  7.500  3000 120   1.633   0.054   0.020  1000  46   1.949   0.100   0.078
  7.500  3000 120   1.633   0.054   0.020  1000  46   1.949   0.100   0.078
  7.500  3000 120   1.633   0.054   0.020  1000  46   1.949   0.100   0.078
  7.500  3000 120   1.633   0.054   0.020  1000  46   1.949   0.100   0.078
  7.500  3000 120   1.633   0.054   0.020  1000  46   1.949   0.100   0.078
  7.500  3000 120   1.633   0.054   0.020  1000  46   1.949   0.100   0.078
  7.500  3000 120   1.633   0.054   0.020  1000  46   1.949   0.100   0.078
  7.500  3000 120   1.633   0.054   0.020  1000  46   1.949   0.100   0.078
  7.500  3000 120   1.633   0.054   0.020  1000  46   1.949   0.100   0.078
  7.500  3000 120   1.633   0.054   0.020  1000  46   1.949   0.100   0.078
  7.500  3000 120   1.633   0.054   0.020  1000  46   1.949   0.100   0.078
  7.500  3000 120   1.633   0.054   0.020  1000  46   1.949   0.100   0.078
  7.500  3000 120   1.633   0.054   0.020  1000  46   1.949   0.100   0.078
  7.500  3000 120   1.633   0.054   0.020  1000  46   1.949   0.100   0.078
  7.500  3000 120   1.633   0.054   0.020  1000  46   1.949   0.100   0.078
  7.500  3000 120   1.633   0.054   0.020  1000  46   1.949   0.100   0.078
  7.500  3000 120   1.633   0.054   0.020  1000  46   1.949   0.100   0.078
  7.500  3000 120   1.633   0.054   0.020  1000  46   1.949   0.100   0.078
  7.500  3000 120   1.633   0.054   0.020  1000  46   1.949   0.100   0.078
  7.500  3000 120   1.633   0.054   0.020  1000  46   1.949   0.100   0.078
  7.500  3000 120   1.633   0.054   0.020  1000  46   1.949   0.100   0.078
  7.500  3000 120   1.633   0.054   0.020  1000  46   1.949   0.100   0.078
  7.500  3000 120   1.633   0.054   0.020  1000  46   1.949   0.100   0.078
  7.500  3000 120   1.633   0.054   0.020  1000  46   1.949   0.100   0.078
  7.500  3000 120   1.633   0.054   0.020  1000  46   1.949   0.100   0.078
  7.500  3000 120   1.633   0.054   0.020  1000  46   1.949   0.100   0.078
  7.500  3000 120   1.633   0.054   0.020  1000  46   1.949   0.100   0.078
  7.500  3000 120   1.633   0.054   0.020  1000  46   1.949   0.100   0.078
  7.500  3000 120   1.633   0.054   0.020  1000  46   1.949   0.100   0.078
  7.500  3000 120   1.633   0.054   0.020  1000  46   1.949   0.100   0.078
  7.500  3000 120   1.633   0.054   0.020  1000  46   1.949   0.100   0.078
  7.500  3000 120   1.633   0.054   0.020  1000  46   1.949   0.100   0.078
  7.500  3000 120   1.633   0.054   0.020  1000  46   1.949   0.100   0.078
  7.500  3000 120   1.633   0.054   0.020  1000  46   1.949   0.100   0.078
  7.500  3000 120   1.633   0.054   0.020  1000  46   1.949   0.100   0.078
  7.500  3000 120   1.633   0.054   0.020  1000  46   1.949   0.100   0.078
  7.500  3000 120   1.633   0.054   0.020  1000  46   1.949   0.100   0.078
  7.500  3000 120   1.633   0.054   0.020  1000  46   1.949   0.100   0.078
  7.500  3000 120   1.633   0.054   0.020  1000  46   1.949   0.100   0.078
  7.500  3000 120   1.633   0.054   0.020  1000  46   1.949   0.100   0.078
  7.500  3000 120   1.633   0.054   0.020  1000  46   1.949   0.100   0.078
  7.500  3000 120   1.633   0.054   0.020  1000  46   1.949   0.100   0.078
  7.500  3000 120   1.633   0.054   0.020  1000  46   1.949   0.100   0.078
  7.500  3000 120   1.633   0.054   0.020  1000  46   1.949   0.100   0.078
  7.500  3000 120   1.633   0.054   0.020  1000  46   1.949   0.100   0.078
  7.500  3000 120   1.633   0.054   0.020  1000  46   1.949   0.100   0.078
  7.500  3000 120   1.633   0.054   0.020  1000  46   1.949   0.100   0.078
  7.500  3000 120   1.633   0.054   0.020  1000  46   1.949   0.100   0.078
  7.500  3000 120   1.633   0.054   0.020  1000  46   1.949   0.100   0.078
  7.500  3000 120   1.633   0.054   0.020  1000  46   1.949   0.100   0.078
  7.500  3000 120   1.633   0.054   0.020  1000  46   1.949   0.100   0.078
  7.500  3000 120   1.633   0.054   0.020  1000  46   1.949   0.100   0.078
  7.500  3000 120   1.633   0.054   0.020  1000  46   1.949   0.100   0.078
  7.500  3000 120   1.633   0.054   0.020  1000  46   1.949   0.100   0.078
  7.500  3000 120   1.633   0.054   0.020  1000  46   1.949   0.100   0.078
  7.500  3000 120   1.633   0.054   0.020  1000  46   1.949   0.100   0.078
  8.000  3000 120   1.633   0.036   0.013  1000  46   1.949   0.065   0.050
  8.000  3000 120   1.633   0.036   0.013  1000  46   1.949   0.065   0.050
  8.000  3000 120   1.633   0.036   0.013  1000  46   1.949   0.065   0.050
  8.000  3000 120   1.633   0.036   0.013  1000  46   1.949   0.065   0.050
  8.000  3000 120   1.633   0.036   0.013  1000  46   1.949   0.065   0.050
  8.000  3000 120   1.633   0.036   0.013  1000  46   1.949   0.065   0.050
  8.000  3000 120   1.633   0.036   0.013  1000  46   1.949   0.065   0.050
  8.000  3000 120   1.633   0.036   0.013  1000  46   1.949   0.065   0.050
  8.000  3000 120   1.633   0.036   0.013  1000  46   1.949   0.065   0.050
  8.000  3000 120   1.633   0.036   0.013  1000  46   1.949   0.065   0.050
  8.000  3000 120   1.633   0.036   0.013  1000  46   1.949   0.065   0.050
  8.000  3000 120   1.633   0.036   0.013  1000  46   1.949   0.065   0.050
  8.000  3000 120   1.633   0.036   0.013  1000  46   1.949   0.065   0.050
  8.000  3000 120   1.633   0.036   0.013  1000  46   1.949   0.065   0.050
  8.000  3000 120   1.633   0.036   0.013  1000  46   1.949   0.065   0.050
  8.000  3000 120   1.633   0.036   0.013  1000  46   1.949   0.065   0.050
  8.000  3000 120   1.633   0.036   0.013  1000  46   1.949   0.065   0.050
  8.000  3000 120   1.633   0.036   0.013  1000  46   1.949   0.065   0.050
  8.000  3000 120   1.633   0.036   0.013  1000  46   1.949   0.065   0.050
  8.000  3000 120   1.633   0.036   0.013  1000  46   1.949   0.065   0.050
  8.000  3000 120   1.633   0.036   0.013  1000  46   1.949   0.065   0.050
  8.000  3000 120   1.633   0.036   0.013  1000  46   1.949   0.065   0.050
  8.000  3000 120   1.633   0.036   0.013  1000  46   1.949   0.065   0.050
  8.000  3000 120   1.633   0.036   0.013  1000  46   1.949   0.065   0.050
  8.000  3000 120   1.633   0.036   0.013  1000  46   1.949   0.065   0.050
  8.000  3000 120   1.633   0.036   0.013  1000  46   1.949   0.065   0.050
  8.000  3000 120   1.633   0.036   0.013  1000  46   1.949   0.065   0.050
  8.000  3000 120   1.633   0.036   0.013  1000  46   1.949   0.065   0.050
  8.000  3000 120   1.633   0.036   0.013  1000  46   1.949   0.065   0.050
  8.000  3000 120   1.633   0.036   0.013  1000  46   1.949   0.065   0.050
  8.000  3000 120   1.633   0.036   0.013  1000  46   1.949   0.065   0.050
  8.000  3000 120   1.633   0.036   0.013  1000  46   1.949   0.065   0.050
  8.000  3000 120   1.633   0.036   0.013  1000  46   1.949   0.065   0.050
  8.000  3000 120   1.633   0.036   0.013  1000  46   1.949   0.065   0.050
  8.000  3000 120   1.633   0.036   0.013  1000  46   1.949   0.065   0.050
  8.000  3000 120   1.633   0.036   0.013  1000  46   1.949   0.065   0.050
  8.000  3000 120   1.633   0.036   0.013  1000  46   1.949   0.065   0.050
  8.000  3000 120   1.633   0.036   0.013  1000  46   1.949   0.065   0.050
  8.000  3000 120   1.633   0.036   0.013  1000  46   1.949   0.065   0.050
  8.000  3000 120   1.633   0.036   0.013  1000  46   1.949   0.065   0.050
  8.000  3000 120   1.633   0.036   0.013  1000  46   1.949   0.065   0.050
  8.000  3000 120   1.633   0.036   0.013  1000  46   1.949   0.065   0.050
  8.000  3000 120   1.633   0.036   0.013  1000  46   1.949   0.065   0.050
  8.000  3000 120   1.633   0.036   0.013  1000  46   1.949   0.065   0.050
  8.000  3000 120   1.633   0.036   0.013  1000  46   1.949   0.065   0.050
  8.000  3000 120   1.633   0.036   0.013  1000  46   1.949   0.065   0.050
  8.000  3000 120   1.633   0.036   0.013  1000  46   1.949   0.065   0.050
  8.000  3000 120   1.633   0.036   0.013  1000  46   1.949   0.065   0.050
  8.000  3000 120   1.633   0.036   0.013  1000  46   1.949   0.065   0.050
  8.000  3000 120   1.633   0.036   0.013  1000  46   1.949   0.065   0.050
  8.000  3000 120   1.633   0.036   0.013  1000  46   1.949   0.065   0.050
  8.000  3000 120   1.633   0.036   0.013  1000  46   1.949   0.065   0.050
  8.000  3000 120   1.633   0.036   0.013  1000  46   1.949   0.065   0.050
  8.000  3000 120   1.633   0.036   0.013  1000  46   1.949   0.065   0.050
  8.000  3000 120   1.633   0.036   0.013  1000  46   1.949   0.065   0.050
  8.000  3000 120   1.633   0.036   0.013  1000  46   1.949   0.065   0.050
  8.000  3000 120   1.633   0.036   0.013  1000  46   1.949   0.065   0.050
  8.000  3000 120   1.633   0.036   0.013  1000  46   1.949   0.065   0.050
  8.000  3000 120   1.633   0.036   0.013  1000  46   1.949   0.065   0.050
  8.000  3000 120   1.633   0.036   0.013  1000  46   1.949   0.065   0.050
  8.000  3000 120   1.633   0.036   0.013  1000  46   1.949   0.065   0.050
  8.000  3000 120   1.633   0.036   0.013  1000  46   1.949   0.065   0.050
  8.000  3000 120   1.633   0.036   0.013  1000  46   1.949   0.065   0.050
  8.000  3000 120   1.633   0.036   0.013  1000  46   1.949   0.065   0.050
  8.000  3000 120   1.633   0.036   0.013  1000  46   1.949   0.065   0.050
  8.000  3000 120   1.633   0.036   0.013  1000  46   1.949   0.065   0.050
  8.000  3000 120   1.633   0.036   0.013  1000  46   1.949   0.065   0.050
  8.000  3000 120   1.633   0.036   0.013  1000  46   1.949   0.065   0.050
  8.000  3000 120   1.633   0.036   0.013  1000  46   1.949   0.065   0.050
  8.000  3000 120   1.633   0.036   0.013  1000  46   1.949   0.065   0.050
  8.000  3000 120   1.633   0.036   0.013  1000  46   1.949   0.065   0.050
  8.000  3000 120   1.633   0.036   0.013  1000  46   1.949   0.065   0.050
  8.000  3000 120   1.633   0.036   0.013  1000  46   1.949   0.065   0.050
  8.000  3000 120   1.633   0.036   0.013  1000  46   1.949   0.065   0.050
  8.000  3000 120   1.633   0.036   0.013  1000  46   1.949   0.065   0.050
  8.000  3000 120   1.633   0.036   0.013  1000  46   1.949   0.065   0.050
  8.000  3000 120   1.633   0.036   0.013  1000  46   1.949   0.065   0.050
  8.000  3000 120   1.633   0.036   0.013  1000  46   1.949   0.065   0.050
  8.000  3000 120   1.633   0.036   0.013  1000  46   1.949   0.065   0.050
  8.000  3000 120   1.633   0.036   0.013  1000  46   1.949   0.065   0.050
  8.000  3000 120   1.633   0.036   0.013  1000  46   1.949   0.065   0.050
  8.000  3000 120   1.633   0.036   0.013  1000  46   1.949   0.065   0.050
  8.000  3000 120   1.633   0.036   0.013  1000  46   1.949   0.065   0.050
  8.000  3000 120   1.633   0.036   0.013  1000  46   1.949   0.065   0.050
  8.000  3000 120   1.633   0.036   0.013  1000  46   1.949   0.065   0.050
  8.000  3000 120   1.633   0.036   0.013  1000  46   1.949   0.065   0.050
  8.500  3000 120   1.633   0.032   0.012  1000  46   1.949   0.044   0.034
  8.500  3000 120   1.633   0.032   0.012  1000  46   1.949   0.044   0.034
  8.500  3000 120   1.633   0.032   0.012  1000  46   1.949   0.044   0.034
  8.500  3000 120   1.633   0.032   0.012  1000  46   1.949   0.044   0.034
  8.500  3000 120   1.633   0.032   0.012  1000  46   1.949   0.044   0.034
  8.500  3000 120   1.633   0.032   0.012  1000  46   1.949   0.044   0.034
  8.500  3000 120   1.633   0.032   0.012  1000  46   1.949   0.044   0.034
  8.500  3000 120   1.633   0.032   0.012  1000  46   1.949   0.044   0.034
  8.500  3000 120   1.633   0.032   0.012  1000  46   1.949   0.044   0.034
  8.500  3000 120   1.633   0.032   0.012  1000  46   1.949   0.044   0.034
  8.500  3000 120   1.633   0.032   0.012  1000  46   1.949   0.044   0.034
  8.500  3000 120   1.633   0.032   0.012  1000  46   1.949   0.044   0.034
  8.500  3000 120   1.633   0.032   0.012  1000  46   1.949   0.044   0.034
  8.500  3000 120   1.633   0.032   0.012  1000  46   1.949   0.044   0.034
  8.500  3000 120   1.633   0.032   0.012  1000  46   1.949   0.044   0.034
  8.500  3000 120   1.633   0.032   0.012  1000  46   1.949   0.044   0.034
  8.500  3000 120   1.633   0.032   0.012  1000  46   1.949   0.044   0.034
  8.500  3000 120   1.633   0.032   0.012  1000  46   1.949   0.044   0.034
  8.500  3000 120   1.633   0.032   0.012  1000  46   1.949   0.044   0.034
  8.500  3000 120   1.633   0.032   0.012  1000  46   1.949   0.044   0.034
  8.500  3000 120   1.633   0.032   0.012  1000  46   1.949   0.044   0.034
  8.500  3000 120   1.633   0.032   0.012  1000  46   1.949   0.044   0.034
  8.500  3000 120   1.633   0.032   0.012  1000  46   1.949   0.044   0.034
  8.500  3000 120   1.633   0.032   0.012  1000  46   1.949   0.044   0.034
  8.500  3000 120   1.633   0.032   0.012  1000  46   1.949   0.044   0.034
  8.500  3000 120   1.633   0.032   0.012  1000  46   1.949   0.044   0.034
  8.500  3000 120   1.633   0.032   0.012  1000  46   1.949   0.044   0.034
  8.500  3000 120   1.633   0.032   0.012  1000  46   1.949   0.044   0.034
  8.500  3000 120   1.633   0.032   0.012  1000  46   1.949   0.044   0.034
  8.500  3000 120   1.633   0.032   0.012  1000  46   1.949   0.044   0.034
  8.500  3000 120   1.633   0.032   0.012  1000  46   1.949   0.044   0.034
  8.500  3000 120   1.633   0.032   0.012  1000  46   1.949   0.044   0.034
  8.500  3000 120   1.633   0.032   0.012  1000  46   1.949   0.044   0.034
  8.500  3000 120   1.633   0.032   0.012  1000  46   1.949   0.044   0.034
  8.500  3000 120   1.633   0.032   0.012  1000  46   1.949   0.044   0.034
  8.500  3000 120   1.633   0.032   0.012  1000  46   1.949   0.044   0.034
  8.500  3000 120   1.633   0.032   0.012  1000  46   1.949   0.044   0.034
  8.500  3000 120   1.633   0.032   0.012  1000  46   1.949   0.044   0.034
  8.500  3000 120   1.633   0.032   0.012  1000  46   1.949   0.044   0.034
  8.500  3000 120   1.633   0.032   0.012  1000  46   1.949   0.044   0.034
  8.500  3000 120   1.633   0.032   0.012  1000  46   1.949   0.044   0.034
  8.500  3000 120   1.633   0.032   0.012  1000  46   1.949   0.044   0.034
  8.500  3000 120   1.633   0.032   0.012  1000  46   1.949   0.044   0.034
  8.500  3000 120   1.633   0.032   0.012  1000  46   1.949   0.044   0.034
  8.500  3000 120   1.633   0.032   0.012  1000  46   1.949   0.044   0.034
  8.500  3000 120   1.633   0.032   0.012  1000  46   1.949   0.044   0.034
  8.500  3000 120   1.633   0.032   0.012  1000  46   1.949   0.044   0.034
  8.500  3000 120   1.633   0.032   0.012  1000  46   1.949   0.044   0.034
  8.500  3000 120   1.633   0.032   0.012  1000  46   1.949   0.044   0.034
  8.500  3000 120   1.633   0.032   0.012  1000  46   1.949   0.044   0.034
  8.500  3000 120   1.633   0.032   0.012  1000  46   1.949   0.044   0.034
  8.500  3000 120   1.633   0.032   0.012  1000  46   1.949   0.044   0.034
  8.500  3000 120   1.633   0.032   0.012  1000  46   1.949   0.044   0.034
  8.500  3000 120   1.633   0.032   0.012  1000  46   1.949   0.044   0.034
  8.500  3000 120   1.633   0.032   0.012  1000  46   1.949   0.044   0.034
  8.500  3000 120   1.633   0.032   0.012  1000  46   1.949   0.044   0.034
  8.500  3000 120   1.633   0.032   0.012  1000  46   1.949   0.044   0.034
  8.500  3000 120   1.633   0.032   0.012  1000  46   1.949   0.044   0.034
  8.500  3000 120   1.633   0.032   0.012  1000  46   1.949   0.044   0.034
  8.500  3000 120   1.633   0.032   0.012  1000  46   1.949   0.044   0.034
  8.500  3000 120   1.633   0.032   0.012  1000  46   1.949   0.044   0.034
  8.500  3000 120   1.633   0.032   0.012  1000  46   1.949   0.044   0.034
  8.500  3000 120   1.633   0.032   0.012  1000  46   1.949   0.044   0.034
  8.500  3000 120   1.633   0.032   0.012  1000  46   1.949   0.044   0.034
  8.500  3000 120   1.633   0.032   0.012  1000  46   1.949   0.044   0.034
  8.500  3000 120   1.633   0.032   0.012  1000  46   1.949   0.044   0.034
  8.500  3000 120   1.633   0.032   0.012  1000  46   1.949   0.044   0.034
  8.500  3000 120   1.633   0.032   0.012  1000  46   1.949   0.044   0.034
  8.500  3000 120   1.633   0.032   0.012  1000  46   1.949   0.044   0.034
  8.500  3000 120   1.633   0.032   0.012  1000  46   1.949   0.044   0.034
  8.500  3000 120   1.633   0.032   0.012  1000  46   1.949   0.044   0.034
  8.500  3000 120   1.633   0.032   0.012  1000  46   1.949   0.044   0.034
  8.500  3000 120   1.633   0.032   0.012  1000  46   1.949   0.044   0.034
  8.500  3000 120   1.633   0.032   0.012  1000  46   1.949   0.044   0.034
  8.500  3000 120   1.633   0.032   0.012  1000  46   1.949   0.044   0.034
  8.500  3000 120   1.633   0.032   0.012  1000  46   1.949   0.044   0.034
  8.500  3000 120   1.633   0.032   0.012  1000  46   1.949   0.044   0.034
  8.500  3000 120   1.633   0.032   0.012  1000  46   1.949   0.044   0.034
  8.500  3000 120   1.633   0.032   0.012  1000  46   1.949   0.044   0.034
  8.500  3000 120   1.633   0.032   0.012  1000  46   1.949   0.044   0.034
  8.500  3000 120   1.633   0.032   0.012  1000  46   1.949   0.044   0.034
  8.500  3000 120   1.633   0.032   0.012  1000  46   1.949   0.044   0.034
  8.500  3000 120   1.633   0.032   0.012  1000  46   1.949   0.044   0.034
  8.500  3000 120   1.633   0.032   0.012  1000  46   1.949   0.044   0.034
  8.500  3000 120   1.633   0.032   0.012  1000  46   1.949   0.044   0.034
  8.500  3000 120   1.633   0.032   0.012  1000  46   1.949   0.044   0.034
  9.000  3000 120   1.633   0.018   0.007  1000  46   1.949   0.031   0.024
  9.000  3000 120   1.633   0.018   0.007  1000  46   1.949   0.031   0.024
  9.000  3000 120   1.633   0.018   0.007  1000  46   1.949   0.031   0.024
  9.000  3000 120   1.633   0.018   0.007  1000  46   1.949   0.031   0.024
  9.000  3000 120   1.633   0.018   0.007  1000  46   1.949   0.031   0.024
  9.000  3000 120   1.633   0.018   0.007  1000  46   1.949   0.031   0.024
  9.000  3000 120   1.633   0.018   0.007  1000  46   1.949   0.031   0.024
  9.000  3000 120   1.633   0.018   0.007  1000  46   1.949   0.031   0.024
  9.000  3000 120   1.633   0.018   0.007  1000  46   1.949   0.031   0.024
  9.000  3000 120   1.633   0.018   0.007  1000  46   1.949   0.031   0.024
  9.000  3000 120   1.633   0.018   0.007  1000  46   1.949   0.031   0.024
  9.000  3000 120   1.633   0.018   0.007  1000  46   1.949   0.031   0.024
  9.000  3000 120   1.633   0.018   0.007  1000  46   1.949   0.031   0.024
  9.000  3000 120   1.633   0.018   0.007  1000  46   1.949   0.031   0.024
  9.000  3000 120   1.633   0.018   0.007  1000  46   1.949   0.031   0.024
  9.000  3000 120   1.633   0.018   0.007  1000  46   1.949   0.031   0.024
  9.000  3000 120   1.633   0.018   0.007  1000  46   1.949   0.031   0.024
  9.000  3000 120   1.633   0.018   0.007  1000  46   1.949   0.031   0.024
  9.000  3000 120   1.633   0.018   0.007  1000  46   1.949   0.031   0.024
  9.000  3000 120   1.633   0.018   0.007  1000  46   1.949   0.031   0.024
  9.000  3000 120   1.633   0.018   0.007  1000  46   1.949   0.031   0.024
  9.000  3000 120   1.633   0.018   0.007  1000  46   1.949   0.031   0.024
  9.000  3000 120   1.633   0.018   0.007  1000  46   1.949   0.031   0.024
  9.000  3000 120   1.633   0.018   0.007  1000  46   1.949   0.031   0.024
  9.000  3000 120   1.633   0.018   0.007  1000  46   1.949   0.031   0.024
  9.000  3000 120   1.633   0.018   0.007  1000  46   1.949   0.031   0.024
  9.000  3000 120   1.633   0.018   0.007  1000  46   1.949   0.031   0.024
  9.000  3000 120   1.633   0.018   0.007  1000  46   1.949   0.031   0.024
  9.000  3000 120   1.633   0.018   0.007  1000  46   1.949   0.031   0.024
  9.000  3000 120   1.633   0.018   0.007  1000  46   1.949   0.031   0.024
  9.000  3000 120   1.633   0.018   0.007  1000  46   1.949   0.031   0.024
  9.000  3000 120   1.633   0.018   0.007  1000  46   1.949   0.031   0.024
  9.000  3000 120   1.633   0.018   0.007  1000  46   1.949   0.031   0.024
  9.000  3000 120   1.633   0.018   0.007  1000  46   1.949   0.031   0.024
  9.000  3000 120   1.633   0.018   0.007  1000  46   1.949   0.031   0.024
  9.000  3000 120   1.633   0.018   0.007  1000  46   1.949   0.031   0.024
  9.000  3000 120   1.633   0.018   0.007  1000  46   1.949   0.031   0.024
  9.000  3000 120   1.633   0.018   0.007  1000  46   1.949   0.031   0.024
  9.000  3000 120   1.633   0.018   0.007  1000  46   1.949   0.031   0.024
  9.000  3000 120   1.633   0.018   0.007  1000  46   1.949   0.031   0.024
  9.000  3000 120   1.633   0.018   0.007  1000  46   1.949   0.031   0.024
  9.000  3000 120   1.633   0.018   0.007  1000  46   1.949   0.031   0.024
  9.000  3000 120   1.633   0.018   0.007  1000  46   1.949   0.031   0.024
  9.000  3000 120   1.633   0.018   0.007  1000  46   1.949   0.031   0.024
  9.000  3000 120   1.633   0.018   0.007  1000  46   1.949   0.031   0.024
  9.000  3000 120   1.633   0.018   0.007  1000  46   1.949   0.031   0.024
  9.000  3000 120   1.633   0.018   0.007  1000  46   1.949   0.031   0.024
  9.000  3000 120   1.633   0.018   0.007  1000  46   1.949   0.031   0.024
  9.000  3000 120   1.633   0.018   0.007  1000  46   1.949   0.031   0.024
  9.000  3000 120   1.633   0.018   0.007  1000  46   1.949   0.031   0.024
  9.000  3000 120   1.633   0.018   0.007  1000  46   1.949   0.031   0.024
  9.000  3000 120   1.633   0.018   0.007  1000  46   1.949   0.031   0.024
  9.000  3000 120   1.633   0.018   0.007  1000  46   1.949   0.031   0.024
  9.000  3000 120   1.633   0.018   0.007  1000  46   1.949   0.031   0.024
  9.000  3000 120   1.633   0.018   0.007  1000  46   1.949   0.031   0.024
  9.000  3000 120   1.633   0.018   0.007  1000  46   1.949   0.031   0.024
  9.000  3000 120   1.633   0.018   0.007  1000  46   1.949   0.031   0.024
  9.000  3000 120   1.633   0.018   0.007  1000  46   1.949   0.031   0.024
  9.000  3000 120   1.633   0.018   0.007  1000  46   1.949   0.031   0.024
  9.000  3000 120   1.633   0.018   0.007  1000  46   1.949   0.031   0.024
  9.000  3000 120   1.633   0.018   0.007  1000  46   1.949   0.031   0.024
  9.000  3000 120   1.633   0.018   0.007  1000  46   1.949   0.031   0.024
  9.000  3000 120   1.633   0.018   0.007  1000  46   1.949   0.031   0.024
  9.000  3000 120   1.633   0.018   0.007  1000  46   1.949   0.031   0.024
  9.000  3000 120   1.633   0.018   0.007  1000  46   1.949   0.031   0.024
  9.000  3000 120   1.633   0.018   0.007  1000  46   1.949   0.031   0.024
  9.000  3000 120   1.633   0.018   0.007  1000  46   1.949   0.031   0.024
  9.000  3000 120   1.633   0.018   0.007  1000  46   1.949   0.031   0.024
  9.000  3000 120   1.633   0.018   0.007  1000  46   1.949   0.031   0.024
  9.000  3000 120   1.633   0.018   0.007  1000  46   1.949   0.031   0.024
  9.000  3000 120   1.633   0.018   0.007  1000  46   1.949   0.031   0.024
  9.000  3000 120   1.633   0.018   0.007  1000  46   1.949   0.031   0.024
  9.000  3000 120   1.633   0.018   0.007  1000  46   1.949   0.031   0.024
  9.000  3000 120   1.633   0.018   0.007  1000  46   1.949   0.031   0.024
  9.000  3000 120   1.633   0.018   0.007  1000  46   1.949   0.031   0.024
  9.000  3000 120   1.633   0.018   0.007  1000  46   1.949   0.031   0.024
  9.000  3000 120   1.633   0.018   0.007  1000  46   1.949   0.031   0.024
  9.000  3000 120   1.633   0.018   0.007  1000  46   1.949   0.031   0.024
  9.000  3000 120   1.633   0.018   0.007  1000  46   1.949   0.031   0.024
  9.000  3000 120   1.633   0.018   0.007  1000  46   1.949   0.031   0.024
  9.000  3000 120   1.633   0.018   0.007  1000  46   1.949   0.031   0.024
  9.000  3000 120   1.633   0.018   0.007  1000  46   1.949   0.031   0.024
  9.000  3000 120   1.633   0.018   0.007  1000  46   1.949   0.031   0.024
  9.000  3000 120   1.633   0.018   0.007  1000  46   1.949   0.031   0.024
  9.000  3000 120   1.633   0.018   0.007  1000  46   1.949   0.031   0.024
  9.000  3000 120   1.633   0.018   0.007  1000  46   1.949   0.031   0.024
  9.500  3000 120   1.633   0.013   0.005  1000  46   1.949   0.022   0.017
  9.500  3000 120   1.633   0.013   0.005  1000  46   1.949   0.022   0.017
  9.500  3000 120   1.633   0.013   0.005  1000  46   1.949   0.022   0.017
  9.500  3000 120   1.633   0.013   0.005  1000  46   1.949   0.022   0.017
  9.500  3000 120   1.633   0.013   0.005  1000  46   1.949   0.022   0.017
  9.500  3000 120   1.633   0.013   0.005  1000  46   1.949   0.022   0.017
  9.500  3000 120   1.633   0.013   0.005  1000  46   1.949   0.022   0.017
  9.500  3000 120   1.633   0.013   0.005  1000  46   1.949   0.022   0.017
  9.500  3000 120   1.633   0.013   0.005  1000  46   1.949   0.022   0.017
  9.500  3000 120   1.633   0.013   0.005  1000  46   1.949   0.022   0.017
  9.500  3000 120   1.633   0.013   0.005  1000  46   1.949   0.022   0.017
  9.500  3000 120   1.633   0.013   0.005  1000  46   1.949   0.022   0.017
  9.500  3000 120   1.633   0.013   0.005  1000  46   1.949   0.022   0.017
  9.500  3000 120   1.633   0.013   0.005  1000  46   1.949   0.022   0.017
  9.500  3000 120   1.633   0.013   0.005  1000  46   1.949   0.022   0.017
  9.500  3000 120   1.633   0.013   0.005  1000  46   1.949   0.022   0.017
  9.500  3000 120   1.633   0.013   0.005  1000  46   1.949   0.022   0.017
  9.500  3000 120   1.633   0.013   0.005  1000  46   1.949   0.022   0.017
  9.500  3000 120   1.633   0.013   0.005  1000  46   1.949   0.022   0.017
  9.500  3000 120   1.633   0.013   0.005  1000  46   1.949   0.022   0.017
  9.500  3000 120   1.633   0.013   0.005  1000  46   1.949   0.022   0.017
  9.500  3000 120   1.633   0.013   0.005  1000  46   1.949   0.022   0.017
  9.500  3000 120   1.633   0.013   0.005  1000  46   1.949   0.022   0.017
  9.500  3000 120   1.633   0.013   0.005  1000  46   1.949   0.022   0.017
  9.500  3000 120   1.633   0.013   0.005  1000  46   1.949   0.022   0.017
  9.500  3000 120   1.633   0.013   0.005  1000  46   1.949   0.022   0.017
  9.500  3000 120   1.633   0.013   0.005  1000  46   1.949   0.022   0.017
  9.500  3000 120   1.633   0.013   0.005  1000  46   1.949   0.022   0.017
  9.500  3000 120   1.633   0.013   0.005  1000  46   1.949   0.022   0.017
  9.500  3000 120   1.633   0.013   0.005  1000  46   1.949   0.022   0.017
  9.500  3000 120   1.633   0.013   0.005  1000  46   1.949   0.022   0.017
  9.500  3000 120   1.633   0.013   0.005  1000  46   1.949   0.022   0.017
  9.500  3000 120   1.633   0.013   0.005  1000  46   1.949   0.022   0.017
  9.500  3000 120   1.633   0.013   0.005  1000  46   1.949   0.022   0.017
  9.500  3000 120   1.633   0.013   0.005  1000  46   1.949   0.022   0.017
  9.500  3000 120   1.633   0.013   0.005  1000  46   1.949   0.022   0.017
  9.500  3000 120   1.633   0.013   0.005  1000  46   1.949   0.022   0.017
  9.500  3000 120   1.633   0.013   0.005  1000  46   1.949   0.022   0.017
  9.500  3000 120   1.633   0.013   0.005  1000  46   1.949   0.022   0.017
  9.500  3000 120   1.633   0.013   0.005  1000  46   1.949   0.022   0.017
  9.500  3000 120   1.633   0.013   0.005  1000  46   1.949   0.022   0.017
  9.500  3000 120   1.633   0.013   0.005  1000  46   1.949   0.022   0.017
  9.500  3000 120   1.633   0.013   0.005  1000  46   1.949   0.022   0.017
  9.500  3000 120   1.633   0.013   0.005  1000  46   1.949   0.022   0.017
  9.500  3000 120   1.633   0.013   0.005  1000  46   1.949   0.022   0.017
  9.500  3000 120   1.633   0.013   0.005  1000  46   1.949   0.022   0.017
  9.500  3000 120   1.633   0.013   0.005  1000  46   1.949   0.022   0.017
  9.500  3000 120   1.633   0.013   0.005  1000  46   1.949   0.022   0.017
  9.500  3000 120   1.633   0.013   0.005  1000  46   1.949   0.022   0.017
  9.500  3000 120   1.633   0.013   0.005  1000  46   1.949   0.022   0.017
  9.500  3000 120   1.633   0.013   0.005  1000  46   1.949   0.022   0.017
  9.500  3000 120   1.633   0.013   0.005  1000  46   1.949   0.022   0.017
  9.500  3000 120   1.633   0.013   0.005  1000  46   1.949   0.022   0.017
  9.500  3000 120   1.633   0.013   0.005  1000  46   1.949   0.022   0.017
  9.500  3000 120   1.633   0.013   0.005  1000  46   1.949   0.022   0.017
  9.500  3000 120   1.633   0.013   0.005  1000  46   1.949   0.022   0.017
  9.500  3000 120   1.633   0.013   0.005  1000  46   1.949   0.022   0.017
  9.500  3000 120   1.633   0.013   0.005  1000  46   1.949   0.022   0.017
  9.500  3000 120   1.633   0.013   0.005  1000  46   1.949   0.022   0.017
  9.500  3000 120   1.633   0.013   0.005  1000  46   1.949   0.022   0.017
  9.500  3000 120   1.633   0.013   0.005  1000  46   1.949   0.022   0.017
  9.500  3000 120   1.633   0.013   0.005  1000  46   1.949   0.022   0.017
  9.500  3000 120   1.633   0.013   0.005  1000  46   1.949   0.022   0.017
  9.500  3000 120   1.633   0.013   0.005  1000  46   1.949   0.022   0.017
  9.500  3000 120   1.633   0.013   0.005  1000  46   1.949   0.022   0.017
  9.500  3000 120   1.633   0.013   0.005  1000  46   1.949   0.022   0.017
  9.500  3000 120   1.633   0.013   0.005  1000  46   1.949   0.022   0.017
  9.500  3000 120   1.633   0.013   0.005  1000  46   1.949   0.022   0.017
  9.500  3000 120   1.633   0.013   0.005  1000  46   1.949   0.022   0.017
  9.500  3000 120   1.633   0.013   0.005  1000  46   1.949   0.022   0.017
  9.500  3000 120   1.633   0.013   0.005  1000  46   1.949   0.022   0.017
  9.500  3000 120   1.633   0.013   0.005  1000  46   1.949   0.022   0.017
  9.500  3000 120   1.633   0.013   0.005  1000  46   1.949   0.022   0.017
  9.500  3000 120   1.633   0.013   0.005  1000  46   1.949   0.022   0.017
  9.500  3000 120   1.633   0.013   0.005  1000  46   1.949   0.022   0.017
  9.500  3000 120   1.633   0.013   0.005  1000  46   1.949   0.022   0.017
  9.500  3000 120   1.633   0.013   0.005  1000  46   1.949   0.022   0.017
  9.500  3000 120   1.633   0.013   0.005  1000  46   1.949   0.022   0.017
  9.500  3000 120   1.633   0.013   0.005  1000  46   1.949   0.022   0.017
  9.500  3000 120   1.633   0.013   0.005  1000  46   1.949   0.022   0.017
  9.500  3000 120   1.633   0.013   0.005  1000  46   1.949   0.022   0.017
  9.500  3000 120   1.633   0.013   0.005  1000  46   1.949   0.022   0.017
  9.500  3000 120   1.633   0.013   0.005  1000  46   1.949   0.022   0.017
  9.500  3000 120   1.633   0.013   0.005  1000  46   1.949   0.022   0.017
  9.500  3000 120   1.633   0.013   0.005  1000  46   1.949   0.022   0.017
  9.500  3000 120   1.633   0.013   0.005  1000  46   1.949   0.022   0.017
 10.000  3000 120   1.633   0.010   0.004  1000  46   1.949   0.016   0.013
 10.000  3000 120   1.633   0.010   0.004  1000  46   1.949   0.016   0.013
 10.000  3000 120   1.633   0.010   0.004  1000  46   1.949   0.016   0.013
 10.000  3000 120   1.633   0.010   0.004  1000  46   1.949   0.016   0.013
 10.000  3000 120   1.633   0.010   0.004  1000  46   1.949   0.016   0.013
 10.000  3000 120   1.633   0.010   0.004  1000  46   1.949   0.016   0.013
 10.000  3000 120   1.633   0.010   0.004  1000  46   1.949   0.016   0.013
 10.000  3000 120   1.633   0.010   0.004  1000  46   1.949   0.016   0.013
 10.000  3000 120   1.633   0.010   0.004  1000  46   1.949   0.016   0.013
 10.000  3000 120   1.633   0.010   0.004  1000  46   1.949   0.016   0.013
 10.000  3000 120   1.633   0.010   0.004  1000  46   1.949   0.016   0.013
 10.000  3000 120   1.633   0.010   0.004  1000  46   1.949   0.016   0.013
 10.000  3000 120   1.633   0.010   0.004  1000  46   1.949   0.016   0.013
 10.000  3000 120   1.633   0.010   0.004  1000  46   1.949   0.016   0.013
 10.000  3000 120   1.633   0.010   0.004  1000  46   1.949   0.016   0.013
 10.000  3000 120   1.633   0.010   0.004  1000  46   1.949   0.016   0.013
 10.000  3000 120   1.633   0.010   0.004  1000  46   1.949   0.016   0.013
 10.000  3000 120   1.633   0.010   0.004  1000  46   1.949   0.016   0.013
 10.000  3000 120   1.633   0.010   0.004  1000  46   1.949   0.016   0.013
 10.000  3000 120   1.633   0.010   0.004  1000  46   1.949   0.016   0.013
 10.000  3000 120   1.633   0.010   0.004  1000  46   1.949   0.016   0.013
 10.000  3000 120   1.633   0.010   0.004  1000  46   1.949   0.016   0.013
 10.000  3000 120   1.633   0.010   0.004  1000  46   1.949   0.016   0.013
 10.000  3000 120   1.633   0.010   0.004  1000  46   1.949   0.016   0.013
 10.000  3000 120   1.633   0.010   0.004  1000  46   1.949   0.016   0.013
 10.000  3000 120   1.633   0.010   0.004  1000  46   1.949   0.016   0.013
 10.000  3000 120   1.633   0.010   0.004  1000  46   1.949   0.016   0.013
 10.000  3000 120   1.633   0.010   0.004  1000  46   1.949   0.016   0.013
 10.000  3000 120   1.633   0.010   0.004  1000  46   1.949   0.016   0.013
 10.000  3000 120   1.633   0.010   0.004  1000  46   1.949   0.016   0.013
 10.000  3000 120   1.633   0.010   0.004  1000  46   1.949   0.016   0.013
 10.000  3000 120   1.633   0.010   0.004  1000  46   1.949   0.016   0.013
 10.000  3000 120   1.633   0.010   0.004  1000  46   1.949   0.016   0.013
 10.000  3000 120   1.633   0.010   0.004  1000  46   1.949   0.016   0.013
 10.000  3000 120   1.633   0.010   0.004  1000  46   1.949   0.016   0.013
 10.000  3000 120   1.633   0.010   0.004  1000  46   1.949   0.016   0.013
 10.000  3000 120   1.633   0.010   0.004  1000  46   1.949   0.016   0.013
 10.000  3000 120   1.633   0.010   0.004  1000  46   1.949   0.016   0.013
 10.000  3000 120   1.633   0.010   0.004  1000  46   1.949   0.016   0.013
 10.000  3000 120   1.633   0.010   0.004  1000  46   1.949   0.016   0.013
 10.000  3000 120   1.633   0.010   0.004  1000  46   1.949   0.016   0.013
 10.000  3000 120   1.633   0.010   0.004  1000  46   1.949   0.016   0.013
 10.000  3000 120   1.633   0.010   0.004  1000  46   1.949   0.016   0.013
 10.000  3000 120   1.633   0.010   0.004  1000  46   1.949   0.016   0.013
 10.000  3000 120   1.633   0.010   0.004  1000  46   1.949   0.016   0.013
 10.000  3000 120   1.633   0.010   0.004  1000  46   1.949   0.016   0.013
 10.000  3000 120   1.633   0.010   0.004  1000  46   1.949   0.016   0.013
 10.000  3000 120   1.633   0.010   0.004  1000  46   1.949   0.016   0.013
 10.000  3000 120   1.633   0.010   0.004  1000  46   1.949   0.016   0.013
 10.000  3000 120   1.633   0.010   0.004  1000  46   1.949   0.016   0.013
 10.000  3000 120   1.633   0.010   0.004  1000  46   1.949   0.016   0.013
 10.000  3000 120   1.633   0.010   0.004  1000  46   1.949   0.016   0.013
 10.000  3000 120   1.633   0.010   0.004  1000  46   1.949   0.016   0.013
 10.000  3000 120   1.633   0.010   0.004  1000  46   1.949   0.016   0.013
 10.000  3000 120   1.633   0.010   0.004  1000  46   1.949   0.016   0.013
 10.000  3000 120   1.633   0.010   0.004  1000  46   1.949   0.016   0.013
 10.000  3000 120   1.633   0.010   0.004  1000  46   1.949   0.016   0.013
 10.000  3000 120   1.633   0.010   0.004  1000  46   1.949   0.016   0.013
 10.000  3000 120   1.633   0.010   0.004  1000  46   1.949   0.016   0.013
 10.000  3000 120   1.633   0.010   0.004  1000  46   1.949   0.016   0.013
 10.000  3000 120   1.633   0.010   0.004  1000  46   1.949   0.016   0.013
 10.000  3000 120   1.633   0.010   0.004  1000  46   1.949   0.016   0.013
 10.000  3000 120   1.633   0.010   0.004  1000  46   1.949   0.016   0.013
 10.000  3000 120   1.633   0.010   0.004  1000  46   1.949   0.016   0.013
 10.000  3000 120   1.633   0.010   0.004  1000  46   1.949   0.016   0.013
 10.000  3000 120   1.633   0.010   0.004  1000  46   1.949   0.016   0.013
 10.000  3000 120   1.633   0.010   0.004  1000  46   1.949   0.016   0.013
 10.000  3000 120   1.633   0.010   0.004  1000  46   1.949   0.016   0.013
 10.000  3000 120   1.633   0.010   0.004  1000  46   1.949   0.016   0.013
 10.000  3000 120   1.633   0.010   0.004  1000  46   1.949   0.016   0.013
 10.000  3000 120   1.633   0.010   0.004  1000  46   1.949   0.016   0.013
 10.000  3000 120   1.633   0.010   0.004  1000  46   1.949   0.016   0.013
 10.000  3000 120   1.633   0.010   0.004  1000  46   1.949   0.016   0.013
 10.000  3000 120   1.633   0.010   0.004  1000  46   1.949   0.016   0.013
 10.000  3000 120   1.633   0.010   0.004  1000  46   1.949   0.016   0.013
 10.000  3000 120   1.633   0.010   0.004  1000  46   1.949   0.016   0.013
 10.000  3000 120   1.633   0.010   0.004  1000  46   1.949   0.016   0.013
 10.000  3000 120   1.633   0.010   0.004  1000  46   1.949   0.016   0.013
 10.000  3000 120   1.633   0.010   0.004  1000  46   1.949   0.016   0.013
 10.000  3000 120   1.633   0.010   0.004  1000  46   1.949   0.016   0.013
 10.000  3000 120   1.633   0.010   0.004  1000  46   1.949   0.016   0.013
 10.000  3000 120   1.633   0.010   0.004  1000  46   1.949   0.016   0.013
 10.000  3000 120   1.633   0.010   0.004  1000  46   1.949   0.016   0.013
 10.000  3000 120   1.633   0.010   0.004  1000  46   1.949   0.016   0.013
 10.000  3000 120   1.633   0.010   0.004  1000  46   1.949   0.016   0.013
 10.000  3000 120   1.633   0.010   0.004  1000  46   1.949   0.016   0.013
 11.000  3000 120   1.633   0.006   0.002  1000  46   1.949   0.009   0.007
 11.000  3000 120   1.633   0.006   0.002  1000  46   1.949   0.009   0.007
 11.000  3000 120   1.633   0.006   0.002  1000  46   1.949   0.009   0.007
 11.000  3000 120   1.633   0.006   0.002  1000  46   1.949   0.009   0.007
 11.000  3000 120   1.633   0.006   0.002  1000  46   1.949   0.009   0.007
 11.000  3000 120   1.633   0.006   0.002  1000  46   1.949   0.009   0.007
 11.000  3000 120   1.633   0.006   0.002  1000  46   1.949   0.009   0.007
 11.000  3000 120   1.633   0.006   0.002  1000  46   1.949   0.009   0.007
 11.000  3000 120   1.633   0.006   0.002  1000  46   1.949   0.009   0.007
 11.000  3000 120   1.633   0.006   0.002  1000  46   1.949   0.009   0.007
 11.000  3000 120   1.633   0.006   0.002  1000  46   1.949   0.009   0.007
 11.000  3000 120   1.633   0.006   0.002  1000  46   1.949   0.009   0.007
 11.000  3000 120   1.633   0.006   0.002  1000  46   1.949   0.009   0.007
 11.000  3000 120   1.633   0.006   0.002  1000  46   1.949   0.009   0.007
 11.000  3000 120   1.633   0.006   0.002  1000  46   1.949   0.009   0.007
 11.000  3000 120   1.633   0.006   0.002  1000  46   1.949   0.009   0.007
 11.000  3000 120   1.633   0.006   0.002  1000  46   1.949   0.009   0.007
 11.000  3000 120   1.633   0.006   0.002  1000  46   1.949   0.009   0.007
 11.000  3000 120   1.633   0.006   0.002  1000  46   1.949   0.009   0.007
 11.000  3000 120   1.633   0.006   0.002  1000  46   1.949   0.009   0.007
 11.000  3000 120   1.633   0.006   0.002  1000  46   1.949   0.009   0.007
 11.000  3000 120   1.633   0.006   0.002  1000  46   1.949   0.009   0.007
 11.000  3000 120   1.633   0.006   0.002  1000  46   1.949   0.009   0.007
 11.000  3000 120   1.633   0.006   0.002  1000  46   1.949   0.009   0.007
 11.000  3000 120   1.633   0.006   0.002  1000  46   1.949   0.009   0.007
 11.000  3000 120   1.633   0.006   0.002  1000  46   1.949   0.009   0.007
 11.000  3000 120   1.633   0.006   0.002  1000  46   1.949   0.009   0.007
 11.000  3000 120   1.633   0.006   0.002  1000  46   1.949   0.009   0.007
 11.000  3000 120   1.633   0.006   0.002  1000  46   1.949   0.009   0.007
 11.000  3000 120   1.633   0.006   0.002  1000  46   1.949   0.009   0.007
 11.000  3000 120   1.633   0.006   0.002  1000  46   1.949   0.009   0.007
 11.000  3000 120   1.633   0.006   0.002  1000  46   1.949   0.009   0.007
 11.000  3000 120   1.633   0.006   0.002  1000  46   1.949   0.009   0.007
 11.000  3000 120   1.633   0.006   0.002  1000  46   1.949   0.009   0.007
 11.000  3000 120   1.633   0.006   0.002  1000  46   1.949   0.009   0.007
 11.000  3000 120   1.633   0.006   0.002  1000  46   1.949   0.009   0.007
 11.000  3000 120   1.633   0.006   0.002  1000  46   1.949   0.009   0.007
 11.000  3000 120   1.633   0.006   0.002  1000  46   1.949   0.009   0.007
 11.000  3000 120   1.633   0.006   0.002  1000  46   1.949   0.009   0.007
 11.000  3000 120   1.633   0.006   0.002  1000  46   1.949   0.009   0.007
 11.000  3000 120   1.633   0.006   0.002  1000  46   1.949   0.009   0.007
 11.000  3000 120   1.633   0.006   0.002  1000  46   1.949   0.009   0.007
 11.000  3000 120   1.633   0.006   0.002  1000  46   1.949   0.009   0.007
 11.000  3000 120   1.633   0.006   0.002  1000  46   1.949   0.009   0.007
 11.000  3000 120   1.633   0.006   0.002  1000  46   1.949   0.009   0.007
 11.000  3000 120   1.633   0.006   0.002  1000  46   1.949   0.009   0.007
 11.000  3000 120   1.633   0.006   0.002  1000  46   1.949   0.009   0.007
 11.000  3000 120   1.633   0.006   0.002  1000  46   1.949   0.009   0.007
 11.000  3000 120   1.633   0.006   0.002  1000  46   1.949   0.009   0.007
 11.000  3000 120   1.633   0.006   0.002  1000  46   1.949   0.009   0.007
 11.000  3000 120   1.633   0.006   0.002  1000  46   1.949   0.009   0.007
 11.000  3000 120   1.633   0.006   0.002  1000  46   1.949   0.009   0.007
 11.000  3000 120   1.633   0.006   0.002  1000  46   1.949   0.009   0.007
 11.000  3000 120   1.633   0.006   0.002  1000  46   1.949   0.009   0.007
 11.000  3000 120   1.633   0.006   0.002  1000  46   1.949   0.009   0.007
 11.000  3000 120   1.633   0.006   0.002  1000  46   1.949   0.009   0.007
 11.000  3000 120   1.633   0.006   0.002  1000  46   1.949   0.009   0.007
 11.000  3000 120   1.633   0.006   0.002  1000  46   1.949   0.009   0.007
 11.000  3000 120   1.633   0.006   0.002  1000  46   1.949   0.009   0.007
 11.000  3000 120   1.633   0.006   0.002  1000  46   1.949   0.009   0.007
 11.000  3000 120   1.633   0.006   0.002  1000  46   1.949   0.009   0.007
 11.000  3000 120   1.633   0.006   0.002  1000  46   1.949   0.009   0.007
 11.000  3000 120   1.633   0.006   0.002  1000  46   1.949   0.009   0.007
 11.000  3000 120   1.633   0.006   0.002  1000  46   1.949   0.009   0.007
 11.000  3000 120   1.633   0.006   0.002  1000  46   1.949   0.009   0.007
 11.000  3000 120   1.633   0.006   0.002  1000  46   1.949   0.009   0.007
 11.000  3000 120   1.633   0.006   0.002  1000  46   1.949   0.009   0.007
 11.000  3000 120   1.633   0.006   0.002  1000  46   1.949   0.009   0.007
 11.000  3000 120   1.633   0.006   0.002  1000  46   1.949   0.009   0.007
 11.000  3000 120   1.633   0.006   0.002  1000  46   1.949   0.009   0.007
 11.000  3000 120   1.633   0.006   0.002  1000  46   1.949   0.009   0.007
 11.000  3000 120   1.633   0.006   0.002  1000  46   1.949   0.009   0.007
 11.000  3000 120   1.633   0.006   0.002  1000  46   1.949   0.009   0.007
 11.000  3000 120   1.633   0.006   0.002  1000  46   1.949   0.009   0.007
 11.000  3000 120   1.633   0.006   0.002  1000  46   1.949   0.009   0.007
 11.000  3000 120   1.633   0.006   0.002  1000  46   1.949   0.009   0.007
 11.000  3000 120   1.633   0.006   0.002  1000  46   1.949   0.009   0.007
 11.000  3000 120   1.633   0.006   0.002  1000  46   1.949   0.009   0.007
 11.000  3000 120   1.633   0.006   0.002  1000  46   1.949   0.009   0.007
 11.000  3000 120   1.633   0.006   0.002  1000  46   1.949   0.009   0.007
 11.000  3000 120   1.633   0.006   0.002  1000  46   1.949   0.009   0.007
 11.000  3000 120   1.633   0.006   0.002  1000  46   1.949   0.009   0.007
 11.000  3000 120   1.633   0.006   0.002  1000  46   1.949   0.009   0.007
 11.000  3000 120   1.633   0.006   0.002  1000  46   1.949   0.009   0.007
 11.000  3000 120   1.633   0.006   0.002  1000  46   1.949   0.009   0.007
 11.000  3000 120   1.633   0.006   0.002  1000  46   1.949   0.009   0.007
 12.000  3000 120   1.633   0.003   0.001  1000  46   1.949   0.005   0.004
 12.000  3000 120   1.633   0.003   0.001  1000  46   1.949   0.005   0.004
 12.000  3000 120   1.633   0.003   0.001  1000  46   1.949   0.005   0.004
 12.000  3000 120   1.633   0.003   0.001  1000  46   1.949   0.005   0.004
 12.000  3000 120   1.633   0.003   0.001  1000  46   1.949   0.005   0.004
 12.000  3000 120   1.633   0.003   0.001  1000  46   1.949   0.005   0.004
 12.000  3000 120   1.633   0.003   0.001  1000  46   1.949   0.005   0.004
 12.000  3000 120   1.633   0.003   0.001  1000  46   1.949   0.005   0.004
 12.000  3000 120   1.633   0.003   0.001  1000  46   1.949   0.005   0.004
 12.000  3000 120   1.633   0.003   0.001  1000  46   1.949   0.005   0.004
 12.000  3000 120   1.633   0.003   0.001  1000  46   1.949   0.005   0.004
 12.000  3000 120   1.633   0.003   0.001  1000  46   1.949   0.005   0.004
 12.000  3000 120   1.633   0.003   0.001  1000  46   1.949   0.005   0.004
 12.000  3000 120   1.633   0.003   0.001  1000  46   1.949   0.005   0.004
 12.000  3000 120   1.633   0.003   0.001  1000  46   1.949   0.005   0.004
 12.000  3000 120   1.633   0.003   0.001  1000  46   1.949   0.005   0.004
 12.000  3000 120   1.633   0.003   0.001  1000  46   1.949   0.005   0.004
 12.000  3000 120   1.633   0.003   0.001  1000  46   1.949   0.005   0.004
 12.000  3000 120   1.633   0.003   0.001  1000  46   1.949   0.005   0.004
 12.000  3000 120   1.633   0.003   0.001  1000  46   1.949   0.005   0.004
 12.000  3000 120   1.633   0.003   0.001  1000  46   1.949   0.005   0.004
 12.000  3000 120   1.633   0.003   0.001  1000  46   1.949   0.005   0.004
 12.000  3000 120   1.633   0.003   0.001  1000  46   1.949   0.005   0.004
 12.000  3000 120   1.633   0.003   0.001  1000  46   1.949   0.005   0.004
 12.000  3000 120   1.633   0.003   0.001  1000  46   1.949   0.005   0.004
 12.000  3000 120   1.633   0.003   0.001  1000  46   1.949   0.005   0.004
 12.000  3000 120   1.633   0.003   0.001  1000  46   1.949   0.005   0.004
 12.000  3000 120   1.633   0.003   0.001  1000  46   1.949   0.005   0.004
 12.000  3000 120   1.633   0.003   0.001  1000  46   1.949   0.005   0.004
 12.000  3000 120   1.633   0.003   0.001  1000  46   1.949   0.005   0.004
 12.000  3000 120   1.633   0.003   0.001  1000  46   1.949   0.005   0.004
 12.000  3000 120   1.633   0.003   0.001  1000  46   1.949   0.005   0.004
 12.000  3000 120   1.633   0.003   0.001  1000  46   1.949   0.005   0.004
 12.000  3000 120   1.633   0.003   0.001  1000  46   1.949   0.005   0.004
 12.000  3000 120   1.633   0.003   0.001  1000  46   1.949   0.005   0.004
 12.000  3000 120   1.633   0.003   0.001  1000  46   1.949   0.005   0.004
 12.000  3000 120   1.633   0.003   0.001  1000  46   1.949   0.005   0.004
 12.000  3000 120   1.633   0.003   0.001  1000  46   1.949   0.005   0.004
 12.000  3000 120   1.633   0.003   0.001  1000  46   1.949   0.005   0.004
 12.000  3000 120   1.633   0.003   0.001  1000  46   1.949   0.005   0.004
 12.000  3000 120   1.633   0.003   0.001  1000  46   1.949   0.005   0.004
 12.000  3000 120   1.633   0.003   0.001  1000  46   1.949   0.005   0.004
 12.000  3000 120   1.633   0.003   0.001  1000  46   1.949   0.005   0.004
 12.000  3000 120   1.633   0.003   0.001  1000  46   1.949   0.005   0.004
 12.000  3000 120   1.633   0.003   0.001  1000  46   1.949   0.005   0.004
 12.000  3000 120   1.633   0.003   0.001  1000  46   1.949   0.005   0.004
 12.000  3000 120   1.633   0.003   0.001  1000  46   1.949   0.005   0.004
 12.000  3000 120   1.633   0.003   0.001  1000  46   1.949   0.005   0.004
 12.000  3000 120   1.633   0.003   0.001  1000  46   1.949   0.005   0.004
 12.000  3000 120   1.633   0.003   0.001  1000  46   1.949   0.005   0.004
 12.000  3000 120   1.633   0.003   0.001  1000  46   1.949   0.005   0.004
 12.000  3000 120   1.633   0.003   0.001  1000  46   1.949   0.005   0.004
 12.000  3000 120   1.633   0.003   0.001  1000  46   1.949   0.005   0.004
 12.000  3000 120   1.633   0.003   0.001  1000  46   1.949   0.005   0.004
 12.000  3000 120   1.633   0.003   0.001  1000  46   1.949   0.005   0.004
 12.000  3000 120   1.633   0.003   0.001  1000  46   1.949   0.005   0.004
 12.000  3000 120   1.633   0.003   0.001  1000  46   1.949   0.005   0.004
 12.000  3000 120   1.633   0.003   0.001  1000  46   1.949   0.005   0.004
 12.000  3000 120   1.633   0.003   0.001  1000  46   1.949   0.005   0.004
 12.000  3000 120   1.633   0.003   0.001  1000  46   1.949   0.005   0.004
 12.000  3000 120   1.633   0.003   0.001  1000  46   1.949   0.005   0.004
 12.000  3000 120   1.633   0.003   0.001  1000  46   1.949   0.005   0.004
 12.000  3000 120   1.633   0.003   0.001  1000  46   1.949   0.005   0.004
 12.000  3000 120   1.633   0.003   0.001  1000  46   1.949   0.005   0.004
 12.000  3000 120   1.633   0.003   0.001  1000  46   1.949   0.005   0.004
 12.000  3000 120   1.633   0.003   0.001  1000  46   1.949   0.005   0.004
 12.000  3000 120   1.633   0.003   0.001  1000  46   1.949   0.005   0.004
 12.000  3000 120   1.633   0.003   0.001  1000  46   1.949   0.005   0.004
 12.000  3000 120   1.633   0.003   0.001  1000  46   1.949   0.005   0.004
 12.000  3000 120   1.633   0.003   0.001  1000  46   1.949   0.005   0.004
 12.000  3000 120   1.633   0.003   0.001  1000  46   1.949   0.005   0.004
 12.000  3000 120   1.633   0.003   0.001  1000  46   1.949   0.005   0.004
 12.000  3000 120   1.633   0.003   0.001  1000  46   1.949   0.005   0.004
 12.000  3000 120   1.633   0.003   0.001  1000  46   1.949   0.005   0.004
 12.000  3000 120   1.633   0.003   0.001  1000  46   1.949   0.005   0.004
 12.000  3000 120   1.633   0.003   0.001  1000  46   1.949   0.005   0.004
 12.000  3000 120   1.633   0.003   0.001  1000  46   1.949   0.005   0.004
 12.000  3000 120   1.633   0.003   0.001  1000  46   1.949   0.005   0.004
 12.000  3000 120   1.633   0.003   0.001  1000  46   1.949   0.005   0.004
 12.000  3000 120   1.633   0.003   0.001  1000  46   1.949   0.005   0.004
 12.000  3000 120   1.633   0.003   0.001  1000  46   1.949   0.005   0.004
 12.000  3000 120   1.633   0.003   0.001  1000  46   1.949   0.005   0.004
 12.000  3000 120   1.633   0.003   0.001  1000  46   1.949   0.005   0.004
 12.000  3000 120   1.633   0.003   0.001  1000  46   1.949   0.005   0.004
 12.000  3000 120   1.633   0.003   0.001  1000  46   1.949   0.005   0.004
 12.000  3000 120   1.633   0.003   0.001  1000  46   1.949   0.005   0.004
 13.000  3000 120   1.633   0.001   0.000  1000  46   1.949   0.002   0.002
 13.000  3000 120   1.633   0.001   0.000  1000  46   1.949   0.002   0.002
 13.000  3000 120   1.633   0.001   0.000  1000  46   1.949   0.002   0.002
 13.000  3000 120   1.633   0.001   0.000  1000  46   1.949   0.002   0.002
 13.000  3000 120   1.633   0.001   0.000  1000  46   1.949   0.002   0.002
 13.000  3000 120   1.633   0.001   0.000  1000  46   1.949   0.002   0.002
 13.000  3000 120   1.633   0.001   0.000  1000  46   1.949   0.002   0.002
 13.000  3000 120   1.633   0.001   0.000  1000  46   1.949   0.002   0.002
 13.000  3000 120   1.633   0.001   0.000  1000  46   1.949   0.002   0.002
 13.000  3000 120   1.633   0.001   0.000  1000  46   1.949   0.002   0.002
 13.000  3000 120   1.633   0.001   0.000  1000  46   1.949   0.002   0.002
 13.000  3000 120   1.633   0.001   0.000  1000  46   1.949   0.002   0.002
 13.000  3000 120   1.633   0.001   0.000  1000  46   1.949   0.002   0.002
 13.000  3000 120   1.633   0.001   0.000  1000  46   1.949   0.002   0.002
 13.000  3000 120   1.633   0.001   0.000  1000  46   1.949   0.002   0.002
 13.000  3000 120   1.633   0.001   0.000  1000  46   1.949   0.002   0.002
 13.000  3000 120   1.633   0.001   0.000  1000  46   1.949   0.002   0.002
 13.000  3000 120   1.633   0.001   0.000  1000  46   1.949   0.002   0.002
 13.000  3000 120   1.633   0.001   0.000  1000  46   1.949   0.002   0.002
 13.000  3000 120   1.633   0.001   0.000  1000  46   1.949   0.002   0.002
 13.000  3000 120   1.633   0.001   0.000  1000  46   1.949   0.002   0.002
 13.000  3000 120   1.633   0.001   0.000  1000  46   1.949   0.002   0.002
 13.000  3000 120   1.633   0.001   0.000  1000  46   1.949   0.002   0.002
 13.000  3000 120   1.633   0.001   0.000  1000  46   1.949   0.002   0.002
 13.000  3000 120   1.633   0.001   0.000  1000  46   1.949   0.002   0.002
 13.000  3000 120   1.633   0.001   0.000  1000  46   1.949   0.002   0.002
 13.000  3000 120   1.633   0.001   0.000  1000  46   1.949   0.002   0.002
 13.000  3000 120   1.633   0.001   0.000  1000  46   1.949   0.002   0.002
 13.000  3000 120   1.633   0.001   0.000  1000  46   1.949   0.002   0.002
 13.000  3000 120   1.633   0.001   0.000  1000  46   1.949   0.002   0.002
 13.000  3000 120   1.633   0.001   0.000  1000  46   1.949   0.002   0.002
 13.000  3000 120   1.633   0.001   0.000  1000  46   1.949   0.002   0.002
 13.000  3000 120   1.633   0.001   0.000  1000  46   1.949   0.002   0.002
 13.000  3000 120   1.633   0.001   0.000  1000  46   1.949   0.002   0.002
 13.000  3000 120   1.633   0.001   0.000  1000  46   1.949   0.002   0.002
 13.000  3000 120   1.633   0.001   0.000  1000  46   1.949   0.002   0.002
 13.000  3000 120   1.633   0.001   0.000  1000  46   1.949   0.002   0.002
 13.000  3000 120   1.633   0.001   0.000  1000  46   1.949   0.002   0.002
 13.000  3000 120   1.633   0.001   0.000  1000  46   1.949   0.002   0.002
 13.000  3000 120   1.633   0.001   0.000  1000  46   1.949   0.002   0.002
 13.000  3000 120   1.633   0.001   0.000  1000  46   1.949   0.002   0.002
 13.000  3000 120   1.633   0.001   0.000  1000  46   1.949   0.002   0.002
 13.000  3000 120   1.633   0.001   0.000  1000  46   1.949   0.002   0.002
 13.000  3000 120   1.633   0.001   0.000  1000  46   1.949   0.002   0.002
 13.000  3000 120   1.633   0.001   0.000  1000  46   1.949   0.002   0.002
 13.000  3000 120   1.633   0.001   0.000  1000  46   1.949   0.002   0.002
 13.000  3000 120   1.633   0.001   0.000  1000  46   1.949   0.002   0.002
 13.000  3000 120   1.633   0.001   0.000  1000  46   1.949   0.002   0.002
 13.000  3000 120   1.633   0.001   0.000  1000  46   1.949   0.002   0.002
 13.000  3000 120   1.633   0.001   0.000  1000  46   1.949   0.002   0.002
 13.000  3000 120   1.633   0.001   0.000  1000  46   1.949   0.002   0.002
 13.000  3000 120   1.633   0.001   0.000  1000  46   1.949   0.002   0.002
 13.000  3000 120   1.633   0.001   0.000  1000  46   1.949   0.002   0.002
 13.000  3000 120   1.633   0.001   0.000  1000  46   1.949   0.002   0.002
 13.000  3000 120   1.633   0.001   0.000  1000  46   1.949   0.002   0.002
 13.000  3000 120   1.633   0.001   0.000  1000  46   1.949   0.002   0.002
 13.000  3000 120   1.633   0.001   0.000  1000  46   1.949   0.002   0.002
 13.000  3000 120   1.633   0.001   0.000  1000  46   1.949   0.002   0.002
 13.000  3000 120   1.633   0.001   0.000  1000  46   1.949   0.002   0.002
 13.000  3000 120   1.633   0.001   0.000  1000  46   1.949   0.002   0.002
 13.000  3000 120   1.633   0.001   0.000  1000  46   1.949   0.002   0.002
 13.000  3000 120   1.633   0.001   0.000  1000  46   1.949   0.002   0.002
 13.000  3000 120   1.633   0.001   0.000  1000  46   1.949   0.002   0.002
 13.000  3000 120   1.633   0.001   0.000  1000  46   1.949   0.002   0.002
 13.000  3000 120   1.633   0.001   0.000  1000  46   1.949   0.002   0.002
 13.000  3000 120   1.633   0.001   0.000  1000  46   1.949   0.002   0.002
 13.000  3000 120   1.633   0.001   0.000  1000  46   1.949   0.002   0.002
 13.000  3000 120   1.633   0.001   0.000  1000  46   1.949   0.002   0.002
 13.000  3000 120   1.633   0.001   0.000  1000  46   1.949   0.002   0.002
 13.000  3000 120   1.633   0.001   0.000  1000  46   1.949   0.002   0.002
 13.000  3000 120   1.633   0.001   0.000  1000  46   1.949   0.002   0.002
 13.000  3000 120   1.633   0.001   0.000  1000  46   1.949   0.002   0.002
 13.000  3000 120   1.633   0.001   0.000  1000  46   1.949   0.002   0.002
 13.000  3000 120   1.633   0.001   0.000  1000  46   1.949   0.002   0.002
 13.000  3000 120   1.633   0.001   0.000  1000  46   1.949   0.002   0.002
 13.000  3000 120   1.633   0.001   0.000  1000  46   1.949   0.002   0.002
 13.000  3000 120   1.633   0.001   0.000  1000  46   1.949   0.002   0.002
 13.000  3000 120   1.633   0.001   0.000  1000  46   1.949   0.002   0.002
 13.000  3000 120   1.633   0.001   0.000  1000  46   1.949   0.002   0.002
 13.000  3000 120   1.633   0.001   0.000  1000  46   1.949   0.002   0.002
 13.000  3000 120   1.633   0.001   0.000  1000  46   1.949   0.002   0.002
 13.000  3000 120   1.633   0.001   0.000  1000  46   1.949   0.002   0.002
 13.000  3000 120   1.633   0.001   0.000  1000  46   1.949   0.002   0.002
 13.000  3000 120   1.633   0.001   0.000  1000  46   1.949   0.002   0.002
 13.000  3000 120   1.633   0.001   0.000  1000  46   1.949   0.002   0.002
 13.000  3000 120   1.633   0.001   0.000  1000  46   1.949   0.002   0.002
 14.000  3000 120   1.633   0.001   0.000  1000  46   1.949   0.001   0.001
 14.000  3000 120   1.633   0.001   0.000  1000  46   1.949   0.001   0.001
 14.000  3000 120   1.633   0.001   0.000  1000  46   1.949   0.001   0.001
 14.000  3000 120   1.633   0.001   0.000  1000  46   1.949   0.001   0.001
 14.000  3000 120   1.633   0.001   0.000  1000  46   1.949   0.001   0.001
 14.000  3000 120   1.633   0.001   0.000  1000  46   1.949   0.001   0.001
 14.000  3000 120   1.633   0.001   0.000  1000  46   1.949   0.001   0.001
 14.000  3000 120   1.633   0.001   0.000  1000  46   1.949   0.001   0.001
 14.000  3000 120   1.633   0.001   0.000  1000  46   1.949   0.001   0.001
 14.000  3000 120   1.633   0.001   0.000  1000  46   1.949   0.001   0.001
 14.000  3000 120   1.633   0.001   0.000  1000  46   1.949   0.001   0.001
 14.000  3000 120   1.633   0.001   0.000  1000  46   1.949   0.001   0.001
 14.000  3000 120   1.633   0.001   0.000  1000  46   1.949   0.001   0.001
 14.000  3000 120   1.633   0.001   0.000  1000  46   1.949   0.001   0.001
 14.000  3000 120   1.633   0.001   0.000  1000  46   1.949   0.001   0.001
 14.000  3000 120   1.633   0.001   0.000  1000  46   1.949   0.001   0.001
 14.000  3000 120   1.633   0.001   0.000  1000  46   1.949   0.001   0.001
 14.000  3000 120   1.633   0.001   0.000  1000  46   1.949   0.001   0.001
 14.000  3000 120   1.633   0.001   0.000  1000  46   1.949   0.001   0.001
 14.000  3000 120   1.633   0.001   0.000  1000  46   1.949   0.001   0.001
 14.000  3000 120   1.633   0.001   0.000  1000  46   1.949   0.001   0.001
 14.000  3000 120   1.633   0.001   0.000  1000  46   1.949   0.001   0.001
 14.000  3000 120   1.633   0.001   0.000  1000  46   1.949   0.001   0.001
 14.000  3000 120   1.633   0.001   0.000  1000  46   1.949   0.001   0.001
 14.000  3000 120   1.633   0.001   0.000  1000  46   1.949   0.001   0.001
 14.000  3000 120   1.633   0.001   0.000  1000  46   1.949   0.001   0.001
 14.000  3000 120   1.633   0.001   0.000  1000  46   1.949   0.001   0.001
 14.000  3000 120   1.633   0.001   0.000  1000  46   1.949   0.001   0.001
 14.000  3000 120   1.633   0.001   0.000  1000  46   1.949   0.001   0.001
 14.000  3000 120   1.633   0.001   0.000  1000  46   1.949   0.001   0.001
 14.000  3000 120   1.633   0.001   0.000  1000  46   1.949   0.001   0.001
 14.000  3000 120   1.633   0.001   0.000  1000  46   1.949   0.001   0.001
 14.000  3000 120   1.633   0.001   0.000  1000  46   1.949   0.001   0.001
 14.000  3000 120   1.633   0.001   0.000  1000  46   1.949   0.001   0.001
 14.000  3000 120   1.633   0.001   0.000  1000  46   1.949   0.001   0.001
 14.000  3000 120   1.633   0.001   0.000  1000  46   1.949   0.001   0.001
 14.000  3000 120   1.633   0.001   0.000  1000  46   1.949   0.001   0.001
 14.000  3000 120   1.633   0.001   0.000  1000  46   1.949   0.001   0.001
 14.000  3000 120   1.633   0.001   0.000  1000  46   1.949   0.001   0.001
 14.000  3000 120   1.633   0.001   0.000  1000  46   1.949   0.001   0.001
 14.000  3000 120   1.633   0.001   0.000  1000  46   1.949   0.001   0.001
 14.000  3000 120   1.633   0.001   0.000  1000  46   1.949   0.001   0.001
 14.000  3000 120   1.633   0.001   0.000  1000  46   1.949   0.001   0.001
 14.000  3000 120   1.633   0.001   0.000  1000  46   1.949   0.001   0.001
 14.000  3000 120   1.633   0.001   0.000  1000  46   1.949   0.001   0.001
 14.000  3000 120   1.633   0.001   0.000  1000  46   1.949   0.001   0.001
 14.000  3000 120   1.633   0.001   0.000  1000  46   1.949   0.001   0.001
 14.000  3000 120   1.633   0.001   0.000  1000  46   1.949   0.001   0.001
 14.000  3000 120   1.633   0.001   0.000  1000  46   1.949   0.001   0.001
 14.000  3000 120   1.633   0.001   0.000  1000  46   1.949   0.001   0.001
 14.000  3000 120   1.633   0.001   0.000  1000  46   1.949   0.001   0.001
 14.000  3000 120   1.633   0.001   0.000  1000  46   1.949   0.001   0.001
 14.000  3000 120   1.633   0.001   0.000  1000  46   1.949   0.001   0.001
 14.000  3000 120   1.633   0.001   0.000  1000  46   1.949   0.001   0.001
 14.000  3000 120   1.633   0.001   0.000  1000  46   1.949   0.001   0.001
 14.000  3000 120   1.633   0.001   0.000  1000  46   1.949   0.001   0.001
 14.000  3000 120   1.633   0.001   0.000  1000  46   1.949   0.001   0.001
 14.000  3000 120   1.633   0.001   0.000  1000  46   1.949   0.001   0.001
 14.000  3000 120   1.633   0.001   0.000  1000  46   1.949   0.001   0.001
 14.000  3000 120   1.633   0.001   0.000  1000  46   1.949   0.001   0.001
 14.000  3000 120   1.633   0.001   0.000  1000  46   1.949   0.001   0.001
 14.000  3000 120   1.633   0.001   0.000  1000  46   1.949   0.001   0.001
 14.000  3000 120   1.633   0.001   0.000  1000  46   1.949   0.001   0.001
 14.000  3000 120   1.633   0.001   0.000  1000  46   1.949   0.001   0.001
 14.000  3000 120   1.633   0.001   0.000  1000  46   1.949   0.001   0.001
 14.000  3000 120   1.633   0.001   0.000  1000  46   1.949   0.001   0.001
 14.000  3000 120   1.633   0.001   0.000  1000  46   1.949   0.001   0.001
 14.000  3000 120   1.633   0.001   0.000  1000  46   1.949   0.001   0.001
 14.000  3000 120   1.633   0.001   0.000  1000  46   1.949   0.001   0.001
 14.000  3000 120   1.633   0.001   0.000  1000  46   1.949   0.001   0.001
 14.000  3000 120   1.633   0.001   0.000  1000  46   1.949   0.001   0.001
 14.000  3000 120   1.633   0.001   0.000  1000  46   1.949   0.001   0.001
 14.000  3000 120   1.633   0.001   0.000  1000  46   1.949   0.001   0.001
 14.000  3000 120   1.633   0.001   0.000  1000  46   1.949   0.001   0.001
 14.000  3000 120   1.633   0.001   0.000  1000  46   1.949   0.001   0.001
 14.000  3000 120   1.633   0.001   0.000  1000  46   1.949   0.001   0.001
 14.000  3000 120   1.633   0.001   0.000  1000  46   1.949   0.001   0.001
 14.000  3000 120   1.633   0.001   0.000  1000  46   1.949   0.001   0.001
 14.000  3000 120   1.633   0.001   0.000  1000  46   1.949   0.001   0.001
 14.000  3000 120   1.633   0.001   0.000  1000  46   1.949   0.001   0.001
 14.000  3000 120   1.633   0.001   0.000  1000  46   1.949   0.001   0.001
 14.000  3000 120   1.633   0.001   0.000  1000  46   1.949   0.001   0.001
 14.000  3000 120   1.633   0.001   0.000  1000  46   1.949   0.001   0.001
 14.000  3000 120   1.633   0.001   0.000  1000  46   1.949   0.001   0.001
 14.000  3000 120   1.633   0.001   0.000  1000  46   1.949   0.001   0.001
 14.000  3000 120   1.633   0.001   0.000  1000  46   1.949   0.001   0.001
 15.000  3000 120   1.633   0.000   0.000  1000  46   1.949   0.001   0.001
 15.000  3000 120   1.633   0.000   0.000  1000  46   1.949   0.001   0.001
 
 Long range extrapolation:
 itt         Vxxxx           Coeff   1/R Power
   1      0  0  0  0    -2.228E+08       6.270
   2      0  0  2  2    -3.971E+07       6.755
   6      1  0  2  3     7.537E+05       3.989
   9      2  0  0  2    -7.962E+07       7.241
  12      2  0  2  4    -5.154E+06       4.996
  16      3  0  0  3     1.208E+08       7.478
  19      3  0  2  5    -5.769E+06       5.877
  24      3  3  0  3    -2.566E+08       7.789
  29      3  3  2  5     1.243E+07       5.933
  47      4  3  2  6     3.156E+07       6.924
      10 terms extrapolated at long range
 
 Monitor exponential short range extrapolation
 Select terms above TRES =    3.00E+03  at R=   3.000
 itt         Vxxxx           Coeff   Exp fact.
   1      0  0  0  0     6.245E+07       1.657
   2      0  0  2  2     2.925E+07       2.106
   3      0  0  4  4     5.588E+06       2.292
 
 Long range extrapolation:
 itt         Vxxxx           Coeff   1/R Power
   1      0  0  0  0    -2.228E+08       6.270
   4      1  0  0  1     1.752E+07       1.830
   5      1  0  2  1    -3.154E+06       2.198
   6      1  0  2  3     1.163E+07       2.006
   9      2  0  0  2    -5.198E+07       2.173
   2      0  0  2  2    -3.971E+07       6.755
   6      1  0  2  3     7.537E+05       3.989
   9      2  0  0  2    -7.962E+07       7.241
  12      2  0  2  4    -5.154E+06       4.996
  16      3  0  0  3     1.208E+08       7.478
  19      3  0  2  5    -5.769E+06       5.877
  24      3  3  0  3    -2.566E+08       7.789
  12      2  0  2  4    -2.834E+07       2.139
  15      2  0  4  6    -1.287E+07       2.542
  16      3  0  0  3    -3.171E+07       2.025
  18      3  0  2  3     1.369E+07       2.622
  19      3  0  2  5    -1.258E+08       2.701
  23      3  0  4  7    -3.103E+07       2.784
  24      3  3  0  3     5.468E+07       2.018
  29      3  3  2  5     1.243E+07       5.933
  47      4  3  2  6     3.156E+07       6.924
      10 terms extrapolated at long range
 
 Monitor exponential short range extrapolation
  27      3  3  2  3    -2.414E+07       2.630
  29      3  3  2  5     2.051E+08       2.673
  34      3  3  4  7     1.104E+08       2.982
  35      4  0  0  4     1.335E+07       2.526
 Select terms above TRES =    3.00E+03  at R=   3.000
 itt         Vxxxx           Coeff   Exp fact.
   1      0  0  0  0     6.245E+07       1.657
   2      0  0  2  2     2.925E+07       2.106
   3      0  0  4  4     5.588E+06       2.292
   4      1  0  0  1     1.752E+07       1.830
   5      1  0  2  1    -3.154E+06       2.198
   6      1  0  2  3     1.163E+07       2.006
   9      2  0  0  2    -5.198E+07       2.173
  38      4  0  2  6     2.805E+07       2.762
  42      4  3  0  4     1.032E+08       2.472
  45      4  3  2  4    -1.659E+07       2.658
  47      4  3  2  6     3.984E+08       2.964
  49      4  3  4  8     2.393E+08       3.240
  50      5  0  0  5     1.402E+08       2.866
  53      5  0  2  7     4.136E+08       3.165
  56      5  0  4  9     3.037E+08       3.468
  57      5  3  0  5    -1.729E+07       2.783
  62      5  3  2  7    -2.297E+07       2.769
  64      6  0  0  6     8.431E+07       3.110
  66      6  0  2  8     3.812E+08       3.497
  67      6  0  4 10     1.869E+08       3.628
 15.000  3000 120   1.633   0.000   0.000  1000  46   1.949   0.001   0.001
  12      2  0  2  4    -2.834E+07       2.139
  15      2  0  4  6    -1.287E+07       2.542
  16      3  0  0  3    -3.171E+07       2.025
  18      3  0  2  3     1.369E+07       2.622
  19      3  0  2  5    -1.258E+08       2.701
  23      3  0  4  7    -3.103E+07       2.784
  24      3  3  0  3     5.468E+07       2.018
  27      3  3  2  3    -2.414E+07       2.630
  29      3  3  2  5     2.051E+08       2.673
  34      3  3  4  7     1.104E+08       2.982
  35      4  0  0  4     1.335E+07       2.526
  38      4  0  2  6     2.805E+07       2.762
  42      4  3  0  4     1.032E+08       2.472
  45      4  3  2  4    -1.659E+07       2.658
  68      6  3  0  6    -2.702E+08       3.110
  71      6  3  2  8    -1.022E+09       3.424
  72      6  3  4 10    -1.272E+09       3.817
  73      6  6  0  6     3.180E+08       3.154
  77      6  6  2  8     1.099E+09       3.433
  78      6  6  4 10     1.563E+09       3.858
  79      7  0  0  7    -1.814E+08       3.357
  82      7  0  2  9    -8.081E+08       3.684
  83      7  0  4 11    -1.388E+09       4.121
  84      7  3  0  7    -2.386E+08       3.409
  85      7  3  2  9    -1.352E+09       3.799
 15.000  3000 120   1.633   0.000   0.000  1000  46   1.949   0.001   0.001
 15.000  3000 120   1.633   0.000   0.000  1000  46   1.949   0.001   0.001
  47      4  3  2  6     3.984E+08       2.964
  49      4  3  4  8     2.393E+08       3.240
  50      5  0  0  5     1.402E+08       2.866
  53      5  0  2  7     4.136E+08       3.165
  56      5  0  4  9     3.037E+08       3.468
  57      5  3  0  5    -1.729E+07       2.783
  62      5  3  2  7    -2.297E+07       2.769
  64      6  0  0  6     8.431E+07       3.110
  66      6  0  2  8     3.812E+08       3.497
  67      6  0  4 10     1.869E+08       3.628
  68      6  3  0  6    -2.702E+08       3.110
  71      6  3  2  8    -1.022E+09       3.424
  72      6  3  4 10    -1.272E+09       3.817
  73      6  6  0  6     3.180E+08       3.154
  77      6  6  2  8     1.099E+09       3.433
  78      6  6  4 10     1.563E+09       3.858
  79      7  0  0  7    -1.814E+08       3.357
 15.000  3000 120   1.633   0.000   0.000  1000  46   1.949   0.001   0.001
  86      7  3  4 11    -1.401E+09       4.091
  87      7  6  0  7     5.136E+08       3.398
  90      7  6  2  9     2.166E+09       3.692
  91      7  6  4 11     3.586E+09       4.118
  92      8  0  0  8    -3.361E+08       3.633
  93      8  0  2 10    -1.879E+09       3.992
  94      8  0  4 12    -3.070E+09       4.369
  95      8  3  0  8     2.280E+08       3.527
  97      8  3  2 10     1.459E+09       3.917
  98      8  3  4 12     3.818E+09       4.429
  99      8  6  0  8     1.095E+08       3.485
 100      8  6  2 10     1.701E+09       4.126
 101      8  6  4 12     3.271E+09       4.519
 103      9  3  0  9     4.059E+08       3.724
 104      9  3  2 11     4.234E+09       4.224
 105      9  3  4 13     1.235E+10       4.734
 106      9  6  0  9    -5.357E+08       3.851
 107      9  6  2 11    -2.882E+09       4.145
 108      9  6  4 13    -7.636E+09       4.645
 109      9  9  0  9     7.826E+08       3.911
  82      7  0  2  9    -8.081E+08       3.684
  83      7  0  4 11    -1.388E+09       4.121
  84      7  3  0  7    -2.386E+08       3.409
  85      7  3  2  9    -1.352E+09       3.799
  86      7  3  4 11    -1.401E+09       4.091
  87      7  6  0  7     5.136E+08       3.398
  90      7  6  2  9     2.166E+09       3.692
  91      7  6  4 11     3.586E+09       4.118
  92      8  0  0  8    -3.361E+08       3.633
  93      8  0  2 10    -1.879E+09       3.992
  94      8  0  4 12    -3.070E+09       4.369
  95      8  3  0  8     2.280E+08       3.527
  97      8  3  2 10     1.459E+09       3.917
  98      8  3  4 12     3.818E+09       4.429
 111      9  9  2 11     4.486E+09       4.214
 112      9  9  4 13     1.015E+10       4.666
 114     10  0  2 12     4.838E+09       4.494
 115     10  6  0 10    -6.708E+08       4.037
 116     10  6  2 12    -7.851E+09       4.529
 117     10  9  0 10     8.766E+08       4.015
 118     10  9  2 12     8.863E+09       4.464
 119     10  9  4 14     2.913E+10       4.971
 120     11  3  2 13    -1.087E+10       4.773
 
     Dist      Isotropic   Sigma(Aniso)    Ratio
 15.000  3000 120   1.633   0.000   0.000  1000  46   1.949   0.001   0.001
  99      8  6  0  8     1.095E+08       3.485
 100      8  6  2 10     1.701E+09       4.126
 101      8  6  4 12     3.271E+09       4.519
 103      9  3  0  9     4.059E+08       3.724
 104      9  3  2 11     4.234E+09       4.224
 105      9  3  4 13     1.235E+10       4.734
 106      9  6  0  9    -5.357E+08       3.851
 107      9  6  2 11    -2.882E+09       4.145
 108      9  6  4 13    -7.636E+09       4.645
 109      9  9  0  9     7.826E+08       3.911
 111      9  9  2 11     4.486E+09       4.214
 112      9  9  4 13     1.015E+10       4.666
 114     10  0  2 12     4.838E+09       4.494
     2.000     2.270E+06     3.564E+07     15.70
     2.100     1.923E+06     2.485E+07     12.92
     2.200     1.630E+06     1.745E+07     10.71
     2.300     1.381E+06     1.235E+07      8.94
     2.400     1.170E+06     8.803E+06      7.52
     2.500     9.912E+05     6.325E+06      6.38
     2.600     8.398E+05     4.579E+06      5.45
 15.000  3000 120   1.633   0.000   0.000  1000  46   1.949   0.001   0.001
 15.000  3000 120   1.633   0.000   0.000  1000  46   1.949   0.001   0.001
 115     10  6  0 10    -6.708E+08       4.037
 116     10  6  2 12    -7.851E+09       4.529
 117     10  9  0 10     8.766E+08       4.015
 118     10  9  2 12     8.863E+09       4.464
 119     10  9  4 14     2.913E+10       4.971
 120     11  3  2 13    -1.087E+10       4.773
 
     Dist      Isotropic   Sigma(Aniso)    Ratio
     2.000     2.270E+06     3.564E+07     15.70
     2.100     1.923E+06     2.485E+07     12.92
     2.200     1.630E+06     1.745E+07     10.71
     2.300     1.381E+06     1.235E+07      8.94
     2.700     7.115E+05     3.341E+06      4.70
     2.800     6.029E+05     2.456E+06      4.07
     2.900     5.108E+05     1.819E+06      3.56
     3.000     4.328E+05     1.356E+06      3.13
     3.100     3.667E+05     1.019E+06      2.78
     3.200     3.107E+05     7.700E+05      2.48
     3.300     2.632E+05     5.856E+05      2.22
 15.000  3000 120   1.633   0.000   0.000  1000  46   1.949   0.001   0.001
     2.400     1.170E+06     8.803E+06      7.52
     2.500     9.912E+05     6.325E+06      6.38
     2.600     8.398E+05     4.579E+06      5.45
     2.700     7.115E+05     3.341E+06      4.70
     2.800     6.029E+05     2.456E+06      4.07
     2.900     5.108E+05     1.819E+06      3.56
     3.000     4.328E+05     1.356E+06      3.13
     3.100     3.667E+05     1.019E+06      2.78
     3.400     2.230E+05     4.480E+05      2.01
     3.500     1.890E+05     3.446E+05      1.82
 ==> Anisotropic terms may be large at shortest range;
 ==> Blind extrapolation of anisotropic terms is DANGEROUS;
 ==> Set up a more secure proportional extrapolation scheme.
 
 Set up smooth transition domains...
 Anisotropy fraction kept at shorter range     1.000
 Left  domain     3.000  ->      3.500
 Right domain    14.000  ->     15.000
 15.000  3000 120   1.633   0.000   0.000  1000  46   1.949   0.001   0.001
     3.200     3.107E+05     7.700E+05      2.48
     3.300     2.632E+05     5.856E+05      2.22
     3.400     2.230E+05     4.480E+05      2.01
     3.500     1.890E+05     3.446E+05      1.82
 ==> Anisotropic terms may be large at shortest range;
 ==> Blind extrapolation of anisotropic terms is DANGEROUS;
 ==> Set up a more secure proportional extrapolation scheme.
 
 Set up smooth transition domains...
 Anisotropy fraction kept at shorter range     1.000
 Left  domain     3.000  ->      3.500
 Right domain    14.000  ->     15.000
 
 Long range extrapolation:
 itt         Vxxxx           Coeff   1/R Power
   1      0  0  0  0    -2.228E+08       6.270
   2      0  0  2  2    -3.971E+07       6.755
   6      1  0  2  3     7.537E+05       3.989
   9      2  0  0  2    -7.962E+07       7.241
  12      2  0  2  4    -5.154E+06       4.996
 15.000  3000 120   1.633   0.000   0.000  1000  46   1.949   0.001   0.001
 15.000  3000 120   1.633   0.000   0.000  1000  46   1.949   0.001   0.001
 15.000  3000 120   1.633   0.000   0.000  1000  46   1.949   0.001   0.001
  16      3  0  0  3     1.208E+08       7.478
  19      3  0  2  5    -5.769E+06       5.877
  24      3  3  0  3    -2.566E+08       7.789
  29      3  3  2  5     1.243E+07       5.933
  47      4  3  2  6     3.156E+07       6.924
      10 terms extrapolated at long range
 
 Monitor exponential short range extrapolation
 Select terms above TRES =    3.00E+03  at R=   3.000
 itt         Vxxxx           Coeff   Exp fact.
   1      0  0  0  0     6.245E+07       1.657
   2      0  0  2  2     2.925E+07       2.106
   3      0  0  4  4     5.588E+06       2.292
   4      1  0  0  1     1.752E+07       1.830
 15.000  3000 120   1.633   0.000   0.000  1000  46   1.949   0.001   0.001
 15.000  3000 120   1.633   0.000   0.000  1000  46   1.949   0.001   0.001
 15.000  3000 120   1.633   0.000   0.000  1000  46   1.949   0.001   0.001
 
 Long range extrapolation:
 itt         Vxxxx           Coeff   1/R Power
   1      0  0  0  0    -2.228E+08       6.270
   2      0  0  2  2    -3.971E+07       6.755
   6      1  0  2  3     7.537E+05       3.989
   9      2  0  0  2    -7.962E+07       7.241
  12      2  0  2  4    -5.154E+06       4.996
  16      3  0  0  3     1.208E+08       7.478
  19      3  0  2  5    -5.769E+06       5.877
  24      3  3  0  3    -2.566E+08       7.789
  29      3  3  2  5     1.243E+07       5.933
  47      4  3  2  6     3.156E+07       6.924
      10 terms extrapolated at long range
 
 Monitor exponential short range extrapolation
 Select terms above TRES =    3.00E+03  at R=   3.000
 
 Long range extrapolation:
 itt         Vxxxx           Coeff   1/R Power
   1      0  0  0  0    -2.228E+08       6.270
   2      0  0  2  2    -3.971E+07       6.755
   6      1  0  2  3     7.537E+05       3.989
   9      2  0  0  2    -7.962E+07       7.241
  12      2  0  2  4    -5.154E+06       4.996
  16      3  0  0  3     1.208E+08       7.478
  19      3  0  2  5    -5.769E+06       5.877
  24      3  3  0  3    -2.566E+08       7.789
  29      3  3  2  5     1.243E+07       5.933
  47      4  3  2  6     3.156E+07       6.924
      10 terms extrapolated at long range
 
 Monitor exponential short range extrapolation
 Select terms above TRES =    3.00E+03  at R=   3.000
   5      1  0  2  1    -3.154E+06       2.198
   6      1  0  2  3     1.163E+07       2.006
   9      2  0  0  2    -5.198E+07       2.173
  12      2  0  2  4    -2.834E+07       2.139
  15      2  0  4  6    -1.287E+07       2.542
  16      3  0  0  3    -3.171E+07       2.025
  18      3  0  2  3     1.369E+07       2.622
  19      3  0  2  5    -1.258E+08       2.701
  23      3  0  4  7    -3.103E+07       2.784
  24      3  3  0  3     5.468E+07       2.018
  27      3  3  2  3    -2.414E+07       2.630
  29      3  3  2  5     2.051E+08       2.673
  34      3  3  4  7     1.104E+08       2.982
  35      4  0  0  4     1.335E+07       2.526
  38      4  0  2  6     2.805E+07       2.762
  42      4  3  0  4     1.032E+08       2.472
  45      4  3  2  4    -1.659E+07       2.658
  47      4  3  2  6     3.984E+08       2.964
  49      4  3  4  8     2.393E+08       3.240
 15.000  3000 120   1.633   0.000   0.000  1000  46   1.949   0.001   0.001
 
 Long range extrapolation:
 itt         Vxxxx           Coeff   1/R Power
   1      0  0  0  0    -2.228E+08       6.270
   2      0  0  2  2    -3.971E+07       6.755
   6      1  0  2  3     7.537E+05       3.989
   9      2  0  0  2    -7.962E+07       7.241
  12      2  0  2  4    -5.154E+06       4.996
  16      3  0  0  3     1.208E+08       7.478
  19      3  0  2  5    -5.769E+06       5.877
  24      3  3  0  3    -2.566E+08       7.789
  29      3  3  2  5     1.243E+07       5.933
  47      4  3  2  6     3.156E+07       6.924
 itt         Vxxxx           Coeff   Exp fact.
   1      0  0  0  0     6.245E+07       1.657
   2      0  0  2  2     2.925E+07       2.106
   3      0  0  4  4     5.588E+06       2.292
   4      1  0  0  1     1.752E+07       1.830
   5      1  0  2  1    -3.154E+06       2.198
   6      1  0  2  3     1.163E+07       2.006
   9      2  0  0  2    -5.198E+07       2.173
  12      2  0  2  4    -2.834E+07       2.139
  15      2  0  4  6    -1.287E+07       2.542
  16      3  0  0  3    -3.171E+07       2.025
  18      3  0  2  3     1.369E+07       2.622
  19      3  0  2  5    -1.258E+08       2.701
  23      3  0  4  7    -3.103E+07       2.784
  24      3  3  0  3     5.468E+07       2.018
 itt         Vxxxx           Coeff   Exp fact.
   1      0  0  0  0     6.245E+07       1.657
   2      0  0  2  2     2.925E+07       2.106
   3      0  0  4  4     5.588E+06       2.292
   4      1  0  0  1     1.752E+07       1.830
   5      1  0  2  1    -3.154E+06       2.198
   6      1  0  2  3     1.163E+07       2.006
   9      2  0  0  2    -5.198E+07       2.173
  12      2  0  2  4    -2.834E+07       2.139
  15      2  0  4  6    -1.287E+07       2.542
  16      3  0  0  3    -3.171E+07       2.025
  18      3  0  2  3     1.369E+07       2.622
  19      3  0  2  5    -1.258E+08       2.701
  23      3  0  4  7    -3.103E+07       2.784
  50      5  0  0  5     1.402E+08       2.866
  53      5  0  2  7     4.136E+08       3.165
  56      5  0  4  9     3.037E+08       3.468
  57      5  3  0  5    -1.729E+07       2.783
  62      5  3  2  7    -2.297E+07       2.769
  64      6  0  0  6     8.431E+07       3.110
  66      6  0  2  8     3.812E+08       3.497
  67      6  0  4 10     1.869E+08       3.628
  68      6  3  0  6    -2.702E+08       3.110
  71      6  3  2  8    -1.022E+09       3.424
  72      6  3  4 10    -1.272E+09       3.817
  73      6  6  0  6     3.180E+08       3.154
  77      6  6  2  8     1.099E+09       3.433
  78      6  6  4 10     1.563E+09       3.858
  79      7  0  0  7    -1.814E+08       3.357
  82      7  0  2  9    -8.081E+08       3.684
  83      7  0  4 11    -1.388E+09       4.121
 
 Long range extrapolation:
 itt         Vxxxx           Coeff   1/R Power
   1      0  0  0  0    -2.228E+08       6.270
   2      0  0  2  2    -3.971E+07       6.755
   6      1  0  2  3     7.537E+05       3.989
   9      2  0  0  2    -7.962E+07       7.241
  12      2  0  2  4    -5.154E+06       4.996
  16      3  0  0  3     1.208E+08       7.478
  19      3  0  2  5    -5.769E+06       5.877
  24      3  3  0  3    -2.566E+08       7.789
  29      3  3  2  5     1.243E+07       5.933
  47      4  3  2  6     3.156E+07       6.924
 15.000  3000 120   1.633   0.000   0.000  1000  46   1.949   0.001   0.001
      10 terms extrapolated at long range
 
 Monitor exponential short range extrapolation
 Select terms above TRES =    3.00E+03  at R=   3.000
 itt         Vxxxx           Coeff   Exp fact.
   1      0  0  0  0     6.245E+07       1.657
   2      0  0  2  2     2.925E+07       2.106
   3      0  0  4  4     5.588E+06       2.292
   4      1  0  0  1     1.752E+07       1.830
   5      1  0  2  1    -3.154E+06       2.198
   6      1  0  2  3     1.163E+07       2.006
   9      2  0  0  2    -5.198E+07       2.173
  12      2  0  2  4    -2.834E+07       2.139
  15      2  0  4  6    -1.287E+07       2.542
  16      3  0  0  3    -3.171E+07       2.025
 15.000  3000 120   1.633   0.000   0.000  1000  46   1.949   0.001   0.001
  27      3  3  2  3    -2.414E+07       2.630
  29      3  3  2  5     2.051E+08       2.673
  34      3  3  4  7     1.104E+08       2.982
  35      4  0  0  4     1.335E+07       2.526
  38      4  0  2  6     2.805E+07       2.762
  42      4  3  0  4     1.032E+08       2.472
  45      4  3  2  4    -1.659E+07       2.658
  47      4  3  2  6     3.984E+08       2.964
  49      4  3  4  8     2.393E+08       3.240
  50      5  0  0  5     1.402E+08       2.866
  53      5  0  2  7     4.136E+08       3.165
  56      5  0  4  9     3.037E+08       3.468
  57      5  3  0  5    -1.729E+07       2.783
  62      5  3  2  7    -2.297E+07       2.769
  64      6  0  0  6     8.431E+07       3.110
  66      6  0  2  8     3.812E+08       3.497
  67      6  0  4 10     1.869E+08       3.628
  68      6  3  0  6    -2.702E+08       3.110
  71      6  3  2  8    -1.022E+09       3.424
  72      6  3  4 10    -1.272E+09       3.817
  73      6  6  0  6     3.180E+08       3.154
  77      6  6  2  8     1.099E+09       3.433
  78      6  6  4 10     1.563E+09       3.858
  79      7  0  0  7    -1.814E+08       3.357
  82      7  0  2  9    -8.081E+08       3.684
  83      7  0  4 11    -1.388E+09       4.121
  84      7  3  0  7    -2.386E+08       3.409
  85      7  3  2  9    -1.352E+09       3.799
  24      3  3  0  3     5.468E+07       2.018
  27      3  3  2  3    -2.414E+07       2.630
  29      3  3  2  5     2.051E+08       2.673
  34      3  3  4  7     1.104E+08       2.982
  35      4  0  0  4     1.335E+07       2.526
  38      4  0  2  6     2.805E+07       2.762
  42      4  3  0  4     1.032E+08       2.472
  45      4  3  2  4    -1.659E+07       2.658
  47      4  3  2  6     3.984E+08       2.964
  49      4  3  4  8     2.393E+08       3.240
  50      5  0  0  5     1.402E+08       2.866
  53      5  0  2  7     4.136E+08       3.165
  56      5  0  4  9     3.037E+08       3.468
  57      5  3  0  5    -1.729E+07       2.783
  62      5  3  2  7    -2.297E+07       2.769
  64      6  0  0  6     8.431E+07       3.110
  66      6  0  2  8     3.812E+08       3.497
  67      6  0  4 10     1.869E+08       3.628
  68      6  3  0  6    -2.702E+08       3.110
  71      6  3  2  8    -1.022E+09       3.424
  72      6  3  4 10    -1.272E+09       3.817
  73      6  6  0  6     3.180E+08       3.154
  77      6  6  2  8     1.099E+09       3.433
  78      6  6  4 10     1.563E+09       3.858
  79      7  0  0  7    -1.814E+08       3.357
  82      7  0  2  9    -8.081E+08       3.684
  83      7  0  4 11    -1.388E+09       4.121
  84      7  3  0  7    -2.386E+08       3.409
  85      7  3  2  9    -1.352E+09       3.799
  86      7  3  4 11    -1.401E+09       4.091
  87      7  6  0  7     5.136E+08       3.398
  90      7  6  2  9     2.166E+09       3.692
  91      7  6  4 11     3.586E+09       4.118
  92      8  0  0  8    -3.361E+08       3.633
  93      8  0  2 10    -1.879E+09       3.992
  94      8  0  4 12    -3.070E+09       4.369
  95      8  3  0  8     2.280E+08       3.527
  97      8  3  2 10     1.459E+09       3.917
  98      8  3  4 12     3.818E+09       4.429
  99      8  6  0  8     1.095E+08       3.485
 100      8  6  2 10     1.701E+09       4.126
 101      8  6  4 12     3.271E+09       4.519
 103      9  3  0  9     4.059E+08       3.724
 104      9  3  2 11     4.234E+09       4.224
 105      9  3  4 13     1.235E+10       4.734
 106      9  6  0  9    -5.357E+08       3.851
 107      9  6  2 11    -2.882E+09       4.145
 108      9  6  4 13    -7.636E+09       4.645
 109      9  9  0  9     7.826E+08       3.911
 111      9  9  2 11     4.486E+09       4.214
 112      9  9  4 13     1.015E+10       4.666
 114     10  0  2 12     4.838E+09       4.494
 115     10  6  0 10    -6.708E+08       4.037
 116     10  6  2 12    -7.851E+09       4.529
 117     10  9  0 10     8.766E+08       4.015
 118     10  9  2 12     8.863E+09       4.464
 119     10  9  4 14     2.913E+10       4.971
 120     11  3  2 13    -1.087E+10       4.773
 
     Dist      Isotropic   Sigma(Aniso)    Ratio
     2.000     2.270E+06     3.564E+07     15.70
     2.100     1.923E+06     2.485E+07     12.92
     2.200     1.630E+06     1.745E+07     10.71
     2.300     1.381E+06     1.235E+07      8.94
     2.400     1.170E+06     8.803E+06      7.52
     2.500     9.912E+05     6.325E+06      6.38
     2.600     8.398E+05     4.579E+06      5.45
     2.700     7.115E+05     3.341E+06      4.70
     2.800     6.029E+05     2.456E+06      4.07
     2.900     5.108E+05     1.819E+06      3.56
     3.000     4.328E+05     1.356E+06      3.13
     3.100     3.667E+05     1.019E+06      2.78
     3.200     3.107E+05     7.700E+05      2.48
     3.300     2.632E+05     5.856E+05      2.22
     3.400     2.230E+05     4.480E+05      2.01
     3.500     1.890E+05     3.446E+05      1.82
 ==> Anisotropic terms may be large at shortest range;
 ==> Blind extrapolation of anisotropic terms is DANGEROUS;
 ==> Set up a more secure proportional extrapolation scheme.
 
 Set up smooth transition domains...
 Anisotropy fraction kept at shorter range     1.000
 Left  domain     3.000  ->      3.500
 Right domain    14.000  ->     15.000
 15.000  3000 120   1.633   0.000   0.000  1000  46   1.949   0.001   0.001
 15.000  3000 120   1.633   0.000   0.000  1000  46   1.949   0.001   0.001
 
 Long range extrapolation:
 itt         Vxxxx           Coeff   1/R Power
   1      0  0  0  0    -2.228E+08       6.270
   2      0  0  2  2    -3.971E+07       6.755
   6      1  0  2  3     7.537E+05       3.989
   9      2  0  0  2    -7.962E+07       7.241
  12      2  0  2  4    -5.154E+06       4.996
  16      3  0  0  3     1.208E+08       7.478
  19      3  0  2  5    -5.769E+06       5.877
  24      3  3  0  3    -2.566E+08       7.789
  29      3  3  2  5     1.243E+07       5.933
  47      4  3  2  6     3.156E+07       6.924
      10 terms extrapolated at long range
 
 Monitor exponential short range extrapolation
 Select terms above TRES =    3.00E+03  at R=   3.000
 itt         Vxxxx           Coeff   Exp fact.
   1      0  0  0  0     6.245E+07       1.657
   2      0  0  2  2     2.925E+07       2.106
   3      0  0  4  4     5.588E+06       2.292
   4      1  0  0  1     1.752E+07       1.830
   5      1  0  2  1    -3.154E+06       2.198
   6      1  0  2  3     1.163E+07       2.006
   9      2  0  0  2    -5.198E+07       2.173
  12      2  0  2  4    -2.834E+07       2.139
  15      2  0  4  6    -1.287E+07       2.542
  16      3  0  0  3    -3.171E+07       2.025
  18      3  0  2  3     1.369E+07       2.622
  19      3  0  2  5    -1.258E+08       2.701
  23      3  0  4  7    -3.103E+07       2.784
  24      3  3  0  3     5.468E+07       2.018
  27      3  3  2  3    -2.414E+07       2.630
  29      3  3  2  5     2.051E+08       2.673
  34      3  3  4  7     1.104E+08       2.982
  35      4  0  0  4     1.335E+07       2.526
  38      4  0  2  6     2.805E+07       2.762
  42      4  3  0  4     1.032E+08       2.472
  45      4  3  2  4    -1.659E+07       2.658
  47      4  3  2  6     3.984E+08       2.964
  49      4  3  4  8     2.393E+08       3.240
  50      5  0  0  5     1.402E+08       2.866
  53      5  0  2  7     4.136E+08       3.165
  56      5  0  4  9     3.037E+08       3.468
  57      5  3  0  5    -1.729E+07       2.783
  62      5  3  2  7    -2.297E+07       2.769
  64      6  0  0  6     8.431E+07       3.110
  66      6  0  2  8     3.812E+08       3.497
  67      6  0  4 10     1.869E+08       3.628
  68      6  3  0  6    -2.702E+08       3.110
  71      6  3  2  8    -1.022E+09       3.424
  72      6  3  4 10    -1.272E+09       3.817
  73      6  6  0  6     3.180E+08       3.154
  77      6  6  2  8     1.099E+09       3.433
  78      6  6  4 10     1.563E+09       3.858
  79      7  0  0  7    -1.814E+08       3.357
  82      7  0  2  9    -8.081E+08       3.684
  83      7  0  4 11    -1.388E+09       4.121
  84      7  3  0  7    -2.386E+08       3.409
  85      7  3  2  9    -1.352E+09       3.799
  86      7  3  4 11    -1.401E+09       4.091
  87      7  6  0  7     5.136E+08       3.398
  90      7  6  2  9     2.166E+09       3.692
  91      7  6  4 11     3.586E+09       4.118
  92      8  0  0  8    -3.361E+08       3.633
  93      8  0  2 10    -1.879E+09       3.992
  94      8  0  4 12    -3.070E+09       4.369
  95      8  3  0  8     2.280E+08       3.527
  97      8  3  2 10     1.459E+09       3.917
  98      8  3  4 12     3.818E+09       4.429
  99      8  6  0  8     1.095E+08       3.485
 100      8  6  2 10     1.701E+09       4.126
 101      8  6  4 12     3.271E+09       4.519
 103      9  3  0  9     4.059E+08       3.724
 104      9  3  2 11     4.234E+09       4.224
 105      9  3  4 13     1.235E+10       4.734
 106      9  6  0  9    -5.357E+08       3.851
 107      9  6  2 11    -2.882E+09       4.145
 108      9  6  4 13    -7.636E+09       4.645
 109      9  9  0  9     7.826E+08       3.911
 111      9  9  2 11     4.486E+09       4.214
 112      9  9  4 13     1.015E+10       4.666
 114     10  0  2 12     4.838E+09       4.494
 115     10  6  0 10    -6.708E+08       4.037
 116     10  6  2 12    -7.851E+09       4.529
 117     10  9  0 10     8.766E+08       4.015
 118     10  9  2 12     8.863E+09       4.464
 119     10  9  4 14     2.913E+10     15.000  3000 120   1.633   0.000   0.000  1000  46   1.949   0.001   0.001
 
 Long range extrapolation:
 itt         Vxxxx           Coeff   1/R Power
   1      0  0  0  0    -2.228E+08       6.270
   2      0  0  2  2    -3.971E+07       6.755
   6      1  0  2  3     7.537E+05       3.989
   9      2  0  0  2    -7.962E+07       7.241
  12      2  0  2  4    -5.154E+06       4.996
  16      3  0  0  3     1.208E+08       7.478
  19      3  0  2  5    -5.769E+06       5.877
  24      3  3  0  3    -2.566E+08       7.789
  29      3  3  2  5     1.243E+07       5.933
  47      4  3  2  6     3.156E+07       6.924
      10 terms extrapolated at long range
 
 Monitor exponential short range extrapolation
 Select terms above TRES =    3.00E+03  at R=   3.000
 itt         Vxxxx           Coeff   Exp fact.
   1      0  0  0  0     6.245E+07       1.657
   2      0  0  2  2     2.925E+07       2.106
   3      0  0  4  4     5.588E+06       2.292
   4      1  0  0  1     1.752E+07       1.830
   5      1  0  2  1    -3.154E+06       2.198
   6      1  0  2  3     1.163E+07       2.006
   9      2  0  0  2    -5.198E+07       2.173
  12      2  0  2  4    -2.834E+07       2.139
  15      2  0  4  6    -1.287E+07       2.542
  16      3  0  0  3    -3.171E+07       2.025
  18      3  0  2  3     1.369E+07       2.622
  19      3  0  2  5    -1.258E+08       2.701
  23      3  0  4  7    -3.103E+07       2.784
  24      3  3  0  3     5.468E+07       2.018
  27      3  3  2  3    -2.414E+07       2.630
  29      3  3  2  5     2.051E+08       2.673
  34      3  3  4  7     1.104E+08       2.982
  35      4  0  0  4     1.335E+07       2.526
  38      4  0  2  6     2.805E+07       2.762
  42      4  3  0  4     1.032E+08       2.472
  45      4  3  2  4    -1.659E+07       2.658
  47      4  3  2  6     3.984E+08       2.964
  49      4  3  4  8     2.393E+08       3.240
  50      5  0  0  5     1.402E+08       2.866
  53      5  0  2  7     4.136E+08       3.165
  56      5  0  4  9     3.037E+08       3.468
  57      5  3  0  5    -1.729E+07       2.783
  62      5  3  2  7    -2.297E+07       2.769
  64      6  0  0  6     8.431E+07       3.110
  66      6  0  2  8     3.812E+08       3.497
  67      6  0  4 10     1.869E+08       3.628
  68      6  3  0  6    -2.702E+08       3.110
  71      6  3  2  8    -1.022E+09       3.424
  72      6  3  4 10    -1.272E+09       3.817
  73      6  6  0  6     3.180E+08       3.154
  77      6  6  2  8     1.099E+09       3.433
  78      6  6  4 10     1.563E+09       3.858
  79      7  0  0  7    -1.814E+08       3.357
  82      7  0  2  9    -8.081E+08       3.684
  83      7  0  4 11    -1.388E+09       4.121
  84      7  3  0  7    -2.386E+08       3.409
  85      7  3  2  9    -1.352E+09       3.799
  86      7  3  4 11    -1.401E+09       4.091
  87      7  6  0  7     5.136E+08       3.398
  90      7  6  2  9     2.166E+09       3.692
  91      7  6  4 11     3.586E+09       4.118
  92      8  0  0  8    -3.361E+08       3.633
  93      8  0  2 10    -1.879E+09       3.992
  94      8  0  4 12    -3.070E+09       4.369
  95      8  3  0  8     2.280E+08       3.527
  97      8  3  2 10     1.459E+09       3.917
  98      8  3  4 12     3.818E+09       4.429
  99      8  6  0  8     1.095E+08       3.485
 100      8  6  2 10     1.701E+09       4.126
 101      8  6  4 12     3.271E+09       4.519
 103      9  3  0  9     4.059E+08       3.724
 104      9  3  2 11     4.234E+09       4.224
 105      9  3  4 13     1.235E+10       4.734
 106      9  6  0  9    -5.357E+08       3.851
 107      9  6  2 11    -2.882E+09       4.145
 108      9  6  4 13    -7.636E+09       4.645
 109      9  9  0  9     7.826E+08       3.911
 111      9  9  2 11     4.486E+09       4.214
 112      9  9  4 13     1.015E+10       4.666
 114     10  0  2 12     4.838E+09       4.494
 115     10  6  0 10    -6.708E+08       4.037
 116     10  6  2 12    -7.851E+09       4.529
 117     10  9  0 10     8.766E+08       4.015
 118     10  9  2 12     8.863E+09       4.464
 119     10  9  4 14     2.913E+10      84      7  3  0  7    -2.386E+08       3.409
  85      7  3  2  9    -1.352E+09       3.799
  86      7  3  4 11    -1.401E+09       4.091
  87      7  6  0  7     5.136E+08       3.398
  90      7  6  2  9     2.166E+09       3.692
  91      7  6  4 11     3.586E+09       4.118
  92      8  0  0  8    -3.361E+08       3.633
  93      8  0  2 10    -1.879E+09       3.992
  94      8  0  4 12    -3.070E+09       4.369
  95      8  3  0  8     2.280E+08       3.527
  97      8  3  2 10     1.459E+09       3.917
  98      8  3  4 12     3.818E+09       4.429
  99      8  6  0  8     1.095E+08       3.485
 100      8  6  2 10     1.701E+09       4.126
 101      8  6  4 12     3.271E+09       4.519
 103      9  3  0  9     4.059E+08       3.724
 104      9  3  2 11     4.234E+09       4.224
 105      9  3  4 13     1.235E+10       4.734
 106      9  6  0  9    -5.357E+08       3.851
 107      9  6  2 11    -2.882E+09       4.145
 108      9  6  4 13    -7.636E+09       4.645
 109      9  9  0  9     7.826E+08       3.911
 111      9  9  2 11     4.486E+09       4.214
 112      9  9  4 13     1.015E+10       4.666
 114     10  0  2 12     4.838E+09       4.494
 115     10  6  0 10    -6.708E+08       4.037
 116     10  6  2 12    -7.851E+09       4.529
 117     10  9  0 10     8.766E+08       4.015
 118     10  9  2 12     8.863E+09       4.464
 119     10  9  4 14     2.913E+10       4.971
 120     11  3  2 13    -1.087E+10       4.773
 
     Dist      Isotropic   Sigma(Aniso)    Ratio
     2.000     2.270E+06     3.564E+07     15.70
     2.100     1.923E+06     2.485E+07     12.92
     2.200     1.630E+06     1.745E+07     10.71
     2.300     1.381E+06     1.235E+07      8.94
     2.400     1.170E+06     8.803E+06      7.52
     2.500     9.912E+05     6.325E+06      6.38
     2.600     8.398E+05     4.579E+06      5.45
     2.700     7.115E+05     3.341E+06      4.70
     2.800     6.029E+05     2.456E+06      4.07
     2.900     5.108E+05     1.819E+06      3.56
     3.000     4.328E+05     1.356E+06      3.13
     3.100     3.667E+05     1.019E+06      2.78
     3.200     3.107E+05     7.700E+05      2.48
     3.300     2.632E+05     5.856E+05      2.22
     3.400     2.230E+05     4.480E+05      2.01
     3.500     1.890E+05     3.446E+05      1.82
 ==> Anisotropic terms may be large at shortest range;
 ==> Blind extrapolation of anisotropic terms is DANGEROUS;
 ==> Set up a more secure proportional extrapolation scheme.
 
 Set up smooth transition domains...
 Anisotropy fraction kept at shorter range     1.000
 Left  domain     3.000  ->      3.500
 Right domain    14.000  ->     15.000
 15.000  3000 120   1.633   0.000   0.000  1000  46   1.949   0.001   0.001
 
 Long range extrapolation:
 itt         Vxxxx           Coeff   1/R Power
   1      0  0  0  0    -2.228E+08       6.270
   2      0  0  2  2    -3.971E+07       6.755
   6      1  0  2  3     7.537E+05       3.989
   9      2  0  0  2    -7.962E+07       7.241
  12      2  0  2  4    -5.154E+06       4.996
  16      3  0  0  3     1.208E+08       7.478
  19      3  0  2  5    -5.769E+06       5.877
  24      3  3  0  3    -2.566E+08       7.789
  29      3  3  2  5     1.243E+07       5.933
  47      4  3  2  6     3.156E+07       6.924
      10 terms extrapolated at long range
 
 Monitor exponential short range extrapolation
 Select terms above TRES =    3.00E+03  at R=   3.000
 itt         Vxxxx           Coeff   Exp fact.
   1      0  0  0  0     6.245E+07       1.657
   2      0  0  2  2     2.925E+07       2.106
   3      0  0  4  4     5.588E+06       2.292
   4      1  0  0  1     1.752E+07       1.830
   5      1  0  2  1    -3.154E+06       2.198
   6      1  0  2  3     1.163E+07       2.006
   9      2  0  0  2    -5.198E+07       2.173
  12      2  0  2  4    -2.834E+07       2.139
  15      2  0  4  6    -1.287E+07       2.542
  16      3  0  0  3    -3.171E+07       2.025
  18      3  0  2  3     1.369E+07       2.622
  19      3  0  2  5    -1.258E+08       2.701
  23      3  0  4  7    -3.103E+07       2.784
  24      3  3  0  3     5.468E+07       2.018
  27      3  3  2  3    -2.414E+07       2.630
  29      3  3  2  5     2.051E+08       2.673
  34      3  3  4  7     1.104E+08       2.982
  35      4  0  0  4     1.335E+07       2.526
  38      4  0  2  6     2.805E+07       2.762
  42      4  3  0  4     1.032E+08       2.472
  45      4  3  2  4    -1.659E+07       2.658
  47      4  3  2  6     3.984E+08       2.964
  49      4  3  4  8     2.393E+08       3.240
  50      5  0  0  5     1.402E+08       2.866
  53      5  0  2  7     4.136E+08       3.165
  56      5  0  4  9     3.037E+08       3.468
  57      5  3  0  5    -1.729E+07       2.783
  62      5  3  2  7    -2.297E+07       2.769
  64      6  0  0  6     8.431E+07       3.110
  66      6  0  2  8     3.812E+08       3.497
  67      6  0  4 10     1.869E+08       3.628
  68      6  3  0  6    -2.702E+08       3.110
  71      6  3  2  8    -1.022E+09       3.424
  72      6  3  4 10    -1.272E+09       3.817
  73      6  6  0  6     3.180E+08       3.154
  77      6  6  2  8     1.099E+09       3.433
  78      6  6  4 10     1.563E+09       3.858
  79      7  0  0  7    -1.814E+08       3.357
  82      7  0  2  9    -8.081E+08       3.684
  83      7  0  4 11    -1.388E+09       4.121
  84      7  3  0  7    -2.386E+08       3.409
  85      7  3  2  9    -1.352E+09       3.799
  86      7  3  4 11    -1.401E+09       4.091
  87      7  6  0  7     5.136E+08       3.398
  90      7  6  2  9     2.166E+09       3.692
  91      7  6  4 11     3.586E+09       4.118
  92      8  0  0  8    -3.361E+08       3.633
  93      8  0  2 10    -1.879E+09       3.992
  94      8  0  4 12    -3.070E+09       4.369
  95      8  3  0  8     2.280E+08       3.527
  97      8  3  2 10     1.459E+09       3.917
  98      8  3  4 12     3.818E+09       4.429
  99      8  6  0  8     1.095E+08       3.485
 100      8  6  2 10     1.701E+09       4.126
 101      8  6  4 12     3.271E+09       4.519
 103      9  3  0  9     4.059E+08       3.724
 104      9  3  2 11     4.234E+09       4.224
 105      9  3  4 13     1.235E+10       4.734
 106      9  6  0  9    -5.357E+08       3.851
 107      9  6  2 11    -2.882E+09       4.145
 108      9  6  4 13    -7.636E+09       4.645
 109      9  9  0  9     7.826E+08       3.911
 111      9  9  2 11     4.486E+09       4.214
 112      9  9  4 13     1.015E+10       4.666
 114     10  0  2 12     4.838E+09       4.494
 115     10  6  0 10    -6.708E+08       4.037
 116     10  6  2 12    -7.851E+09       4.529
 117     10  9  0 10     8.766E+08       4.015
 118     10  9  2 12     8.863E+09       4.464
 119     10  9  4 14     2.913E+10     
 Long range extrapolation:
 itt         Vxxxx           Coeff   1/R Power
   1      0  0  0  0    -2.228E+08       6.270
   2      0  0  2  2    -3.971E+07       6.755
   6      1  0  2  3     7.537E+05       3.989
   9      2  0  0  2    -7.962E+07       7.241
  12      2  0  2  4    -5.154E+06       4.996
  16      3  0  0  3     1.208E+08       7.478
  19      3  0  2  5    -5.769E+06       5.877
  24      3  3  0  3    -2.566E+08       7.789
  29      3  3  2  5     1.243E+07       5.933
  47      4  3  2  6     3.156E+07       6.924
      10 terms extrapolated at long range
 
 Monitor exponential short range extrapolation
 Select terms above TRES =    3.00E+03  at R=   3.000
 itt         Vxxxx           Coeff   Exp fact.
   1      0  0  0  0     6.245E+07       1.657
   2      0  0  2  2     2.925E+07       2.106
   3      0  0  4  4     5.588E+06       2.292
   4      1  0  0  1     1.752E+07       1.830
   5      1  0  2  1    -3.154E+06       2.198
   6      1  0  2  3     1.163E+07       2.006
   9      2  0  0  2    -5.198E+07       2.173
  12      2  0  2  4    -2.834E+07       2.139
  15      2  0  4  6    -1.287E+07       2.542
  16      3  0  0  3    -3.171E+07       2.025
  18      3  0  2  3     1.369E+07       2.622
  19      3  0  2  5    -1.258E+08       2.701
  23      3  0  4  7    -3.103E+07       2.784
  24      3  3  0  3     5.468E+07       2.018
  27      3  3  2  3    -2.414E+07       2.630
  29      3  3  2  5     2.051E+08       2.673
  34      3  3  4  7     1.104E+08       2.982
  35      4  0  0  4     1.335E+07       2.526
  38      4  0  2  6     2.805E+07       2.762
  42      4  3  0  4     1.032E+08       2.472
  45      4  3  2  4    -1.659E+07       2.658
  47      4  3  2  6     3.984E+08       2.964
  49      4  3  4  8     2.393E+08       3.240
  50      5  0  0  5     1.402E+08       2.866
  53      5  0  2  7     4.136E+08       3.165
  56      5  0  4  9     3.037E+08       3.468
  57      5  3  0  5    -1.729E+07       2.783
  62      5  3  2  7    -2.297E+07       2.769
  64      6  0  0  6     8.431E+07       3.110
  66      6  0  2  8     3.812E+08       3.497
  67      6  0  4 10     1.869E+08       3.628
  68      6  3  0  6    -2.702E+08       3.110
  71      6  3  2  8    -1.022E+09       3.424
  72      6  3  4 10    -1.272E+09       3.817
  73      6  6  0  6     3.180E+08       3.154
  77      6  6  2  8     1.099E+09       3.433
  78      6  6  4 10     1.563E+09       3.858
  79      7  0  0  7    -1.814E+08       3.357
  82      7  0  2  9    -8.081E+08       3.684
  83      7  0  4 11    -1.388E+09       4.121
  84      7  3  0  7    -2.386E+08       3.409
  85      7  3  2  9    -1.352E+09       3.799
  86      7  3  4 11    -1.401E+09       4.091
  87      7  6  0  7     5.136E+08       3.398
  90      7  6  2  9     2.166E+09       3.692
  91      7  6  4 11     3.586E+09       4.118
  92      8  0  0  8    -3.361E+08       3.633
  93      8  0  2 10    -1.879E+09       3.992
  94      8  0  4 12    -3.070E+09       4.369
  95      8  3  0  8     2.280E+08       3.527
  97      8  3  2 10     1.459E+09       3.917
  98      8  3  4 12     3.818E+09       4.429
  99      8  6  0  8     1.095E+08       3.485
 100      8  6  2 10     1.701E+09       4.126
 101      8  6  4 12     3.271E+09       4.519
 103      9  3  0  9     4.059E+08       3.724
 104      9  3  2 11     4.234E+09       4.224
 105      9  3  4 13     1.235E+10       4.734
 106      9  6  0  9    -5.357E+08       3.851
 107      9  6  2 11    -2.882E+09       4.145
 108      9  6  4 13    -7.636E+09       4.645
 109      9  9  0  9     7.826E+08       3.911
 111      9  9  2 11     4.486E+09       4.214
 112      9  9  4 13     1.015E+10       4.666
 114     10  0  2 12     4.838E+09       4.494
 115     10  6  0 10    -6.708E+08       4.037
 116     10  6  2 12    -7.851E+09       4.529
 117     10  9  0 10     8.766E+08       4.015
 118     10  9  2 12     8.863E+09       4.464
 119     10  9  4 14     2.913E+10       4.971
 120     11  3  2 13    -1.087E+10       4.773
 
     Dist      Iso      10 terms extrapolated at long range
 
 Monitor exponential short range extrapolation
 Select terms above TRES =    3.00E+03  at R=   3.000
 itt         Vxxxx           Coeff   Exp fact.
   1      0  0  0  0     6.245E+07       1.657
   2      0  0  2  2     2.925E+07       2.106
   3      0  0  4  4     5.588E+06       2.292
   4      1  0  0  1     1.752E+07       1.830
   5      1  0  2  1    -3.154E+06       2.198
   6      1  0  2  3     1.163E+07       2.006
   9      2  0  0  2    -5.198E+07       2.173
  12      2  0  2  4    -2.834E+07       2.139
  15      2  0  4  6    -1.287E+07       2.542
  16      3  0  0  3    -3.171E+07       2.025
  18      3  0  2  3     1.369E+07       2.622
  19      3  0  2  5    -1.258E+08       2.701
  23      3  0  4  7    -3.103E+07       2.784
  24      3  3  0  3     5.468E+07       2.018
  27      3  3  2  3    -2.414E+07       2.630
  29      3  3  2  5     2.051E+08       2.673
  34      3  3  4  7     1.104E+08       2.982
  35      4  0  0  4     1.335E+07       2.526
  38      4  0  2  6     2.805E+07       2.762
  42      4  3  0  4     1.032E+08       2.472
  45      4  3  2  4    -1.659E+07       2.658
  47      4  3  2  6     3.984E+08       2.964
  49      4  3  4  8     2.393E+08       3.240
  50      5  0  0  5     1.402E+08       2.866
  53      5  0  2  7     4.136E+08       3.165
  56      5  0  4  9     3.037E+08       3.468
  57      5  3  0  5    -1.729E+07       2.783
  62      5  3  2  7    -2.297E+07       2.769
  64      6  0  0  6     8.431E+07       3.110
  66      6  0  2  8     3.812E+08       3.497
  67      6  0  4 10     1.869E+08       3.628
  68      6  3  0  6    -2.702E+08       3.110
  71      6  3  2  8    -1.022E+09       3.424
  72      6  3  4 10    -1.272E+09       3.817
  73      6  6  0  6     3.180E+08       3.154
  77      6  6  2  8     1.099E+09       3.433
  78      6  6  4 10     1.563E+09       3.858
  79      7  0  0  7    -1.814E+08       3.357
  82      7  0  2  9    -8.081E+08       3.684
  83      7  0  4 11    -1.388E+09       4.121
  84      7  3  0  7    -2.386E+08       3.409
  85      7  3  2  9    -1.352E+09       3.799
  86      7  3  4 11    -1.401E+09       4.091
  87      7  6  0  7     5.136E+08       3.398
  90      7  6  2  9     2.166E+09       3.692
  91      7  6  4 11     3.586E+09       4.118
  92      8  0  0  8    -3.361E+08       3.633
  93      8  0  2 10    -1.879E+09       3.992
  94      8  0  4 12    -3.070E+09       4.369
  95      8  3  0  8     2.280E+08       3.527
  97      8  3  2 10     1.459E+09       3.917
  98      8  3  4 12     3.818E+09       4.429
  99      8  6  0  8     1.095E+08       3.485
 100      8  6  2 10     1.701E+09       4.126
 101      8  6  4 12     3.271E+09       4.519
 103      9  3  0  9     4.059E+08       3.724
 104      9  3  2 11     4.234E+09       4.224
 105      9  3  4 13     1.235E+10       4.734
 106      9  6  0  9    -5.357E+08       3.851
 107      9  6  2 11    -2.882E+09       4.145
 108      9  6  4 13    -7.636E+09       4.645
 109      9  9  0  9     7.826E+08       3.911
 111      9  9  2 11     4.486E+09       4.214
 112      9  9  4 13     1.015E+10       4.666
 114     10  0  2 12     4.838E+09       4.494
 115     10  6  0 10    -6.708E+08       4.037
 116     10  6  2 12    -7.851E+09       4.529
 117     10  9  0 10     8.766E+08       4.015
 118     10  9  2 12     8.863E+09       4.464
 119     10  9  4 14     2.913E+10       4.971
 120     11  3  2 13    -1.087E+10       4.773
 
     Dist      Isotropic   Sigma(Aniso)    Ratio
     2.000     2.270E+06     3.564E+07     15.70
     2.100     1.923E+06     2.485E+07     12.92
     2.200     1.630E+06     1.745E+07     10.71
     2.300     1.381E+06     1.235E+07      8.94
     2.400     1.170E+06     8.803E+06      7.52
     2.500     9.912E+05     6.325E+06      6.38
     2.600     8.398E+05     4.579E+06      5.45
     2.700     7.115E+05     3.341E+06      4.70
     2.800     6.029E+05     2.456E+06      4.07
     2.900     5.108E+05     1.819E+06      3.56
     3.000     4.328E+05  
 Long range extrapolation:
 itt         Vxxxx           Coeff   1/R Power
   1      0  0  0  0    -2.228E+08       6.270
   2      0  0  2  2    -3.971E+07       6.755
   6      1  0  2  3     7.537E+05       3.989
   9      2  0  0  2    -7.962E+07       7.241
  12      2  0  2  4    -5.154E+06       4.996
  16      3  0  0  3     1.208E+08       7.478
  19      3  0  2  5    -5.769E+06       5.877
  24      3  3  0  3    -2.566E+08       7.789
  29      3  3  2  5     1.243E+07       5.933
  47      4  3  2  6     3.156E+07       6.924
      10 terms extrapolated at long range
 
 Monitor exponential short range extrapolation
 Select terms above TRES =    3.00E+03  at R=   3.000
 itt         Vxxxx           Coeff   Exp fact.
   1      0  0  0  0     6.245E+07       1.657
   2      0  0  2  2     2.925E+07       2.106
   3      0  0  4  4     5.588E+06       2.292
   4      1  0  0  1     1.752E+07       1.830
   5      1  0  2  1    -3.154E+06       2.198
   6      1  0  2  3     1.163E+07       2.006
   9      2  0  0  2    -5.198E+07       2.173
  12      2  0  2  4    -2.834E+07       2.139
  15      2  0  4  6    -1.287E+07       2.542
  16      3  0  0  3    -3.171E+07       2.025
  18      3  0  2  3     1.369E+07       2.622
  19      3  0  2  5    -1.258E+08       2.701
  23      3  0  4  7    -3.103E+07       2.784
  24      3  3  0  3     5.468E+07       2.018
  27      3  3  2  3    -2.414E+07       2.630
  29      3  3  2  5     2.051E+08       2.673
  34      3  3  4  7     1.104E+08       2.982
  35      4  0  0  4     1.335E+07       2.526
  38      4  0  2  6     2.805E+07       2.762
  42      4  3  0  4     1.032E+08       2.472
  45      4  3  2  4    -1.659E+07       2.658
  47      4  3  2  6     3.984E+08       2.964
  49      4  3  4  8     2.393E+08       3.240
  50      5  0  0  5     1.402E+08       2.866
  53      5  0  2  7     4.136E+08       3.165
  56      5  0  4  9     3.037E+08       3.468
  57      5  3  0  5    -1.729E+07       2.783
  62      5  3  2  7    -2.297E+07       2.769
  64      6  0  0  6     8.431E+07       3.110
  66      6  0  2  8     3.812E+08       3.497
  67      6  0  4 10     1.869E+08       3.628
  68      6  3  0  6    -2.702E+08       3.110
  71      6  3  2  8    -1.022E+09       3.424
  72      6  3  4 10    -1.272E+09       3.817
  73      6  6  0  6     3.180E+08       3.154
  77      6  6  2  8     1.099E+09       3.433
  78      6  6  4 10     1.563E+09       3.858
  79      7  0  0  7    -1.814E+08       3.357
  82      7  0  2  9    -8.081E+08       3.684
  83      7  0  4 11    -1.388E+09       4.121
  84      7  3  0  7    -2.386E+08       3.409
  85      7  3  2  9    -1.352E+09       3.799
  86      7  3  4 11    -1.401E+09       4.091
  87      7  6  0  7     5.136E+08       3.398
  90      7  6  2  9     2.166E+09       3.692
  91      7  6  4 11     3.586E+09       4.118
  92      8  0  0  8    -3.361E+08       3.633
  93      8  0  2 10    -1.879E+09       3.992
  94      8  0  4 12    -3.070E+09       4.369
  95      8  3  0  8     2.280E+08       3.527
  97      8  3  2 10     1.459E+09       3.917
  98      8  3  4 12     3.818E+09       4.429
  99      8  6  0  8     1.095E+08       3.485
 100      8  6  2 10     1.701E+09       4.126
 101      8  6  4 12     3.271E+09       4.519
 103      9  3  0  9     4.059E+08       3.724
 104      9  3  2 11     4.234E+09       4.224
 105      9  3  4 13     1.235E+10       4.734
 106      9  6  0  9    -5.357E+08       3.851
 107      9  6  2 11    -2.882E+09       4.145
 108      9  6  4 13    -7.636E+09       4.645
 109      9  9  0  9     7.826E+08       3.911
 111      9  9  2 11     4.486E+09       4.214
 112      9  9  4 13     1.015E+10       4.666
 114     10  0  2 12     4.838E+09       4.494
 115     10  6  0 10    -6.708E+08       4.037
 116     10  6  2 12    -7.851E+09       4.529
 117     10  9  0 10     8.766E+08       4.015
 118     10  9  2 12     8.863E+09       4.464
 119     10  9  4 14     2.913E+10       4.971
 120     11  3  2 13    -1.087E+10       4.773
 
     Dist      Iso 15.000  3000 120   1.633   0.000   0.000  1000  46   1.949   0.001   0.001
 
 Long range extrapolation:
 itt         Vxxxx           Coeff   1/R Power
   1      0  0  0  0    -2.228E+08       6.270
   2      0  0  2  2    -3.971E+07       6.755
   6      1  0  2  3     7.537E+05       3.989
   9      2  0  0  2    -7.962E+07       7.241
  12      2  0  2  4    -5.154E+06       4.996
  16      3  0  0  3     1.208E+08       7.478
  19      3  0  2  5    -5.769E+06       5.877
  24      3  3  0  3    -2.566E+08       7.789
  29      3  3  2  5     1.243E+07       5.933
  47      4  3  2  6     3.156E+07       6.924
      10 terms extrapolated at long range
 
 Monitor exponential short range extrapolation
 Select terms above TRES =    3.00E+03  at R=   3.000
 itt         Vxxxx           Coeff   Exp fact.
   1      0  0  0  0     6.245E+07       1.657
   2      0  0  2  2     2.925E+07       2.106
   3      0  0  4  4     5.588E+06       2.292
   4      1  0  0  1     1.752E+07       1.830
   5      1  0  2  1    -3.154E+06       2.198
   6      1  0  2  3     1.163E+07       2.006
   9      2  0  0  2    -5.198E+07       2.173
  12      2  0  2  4    -2.834E+07       2.139
  15      2  0  4  6    -1.287E+07       2.542
  16      3  0  0  3    -3.171E+07       2.025
  18      3  0  2  3     1.369E+07       2.622
  19      3  0  2  5    -1.258E+08       2.701
  23      3  0  4  7    -3.103E+07       2.784
  24      3  3  0  3     5.468E+07       2.018
  27      3  3  2  3    -2.414E+07       2.630
  29      3  3  2  5     2.051E+08       2.673
  34      3  3  4  7     1.104E+08       2.982
  35      4  0  0  4     1.335E+07       2.526
  38      4  0  2  6     2.805E+07       2.762
  42      4  3  0  4     1.032E+08       2.472
  45      4  3  2  4    -1.659E+07       2.658
  47      4  3  2  6     3.984E+08       2.964
  49      4  3  4  8     2.393E+08       3.240
  50      5  0  0  5     1.402E+08       2.866
  53      5  0  2  7     4.136E+08       3.165
  56      5  0  4  9     3.037E+08       3.468
  57      5  3  0  5    -1.729E+07       2.783
  62      5  3  2  7    -2.297E+07       2.769
  64      6  0  0  6     8.431E+07       3.110
  66      6  0  2  8     3.812E+08       3.497
  67      6  0  4 10     1.869E+08       3.628
  68      6  3  0  6    -2.702E+08       3.110
  71      6  3  2  8    -1.022E+09       3.424
  72      6  3  4 10    -1.272E+09       3.817
  73      6  6  0  6     3.180E+08       3.154
  77      6  6  2  8     1.099E+09       3.433
  78      6  6  4 10     1.563E+09       3.858
  79      7  0  0  7    -1.814E+08       3.357
  82      7  0  2  9    -8.081E+08       3.684
  83      7  0  4 11    -1.388E+09       4.121
  84      7  3  0  7    -2.386E+08       3.409
  85      7  3  2  9    -1.352E+09       3.799
  86      7  3  4 11    -1.401E+09       4.091
  87      7  6  0  7     5.136E+08       3.398
  90      7  6  2  9     2.166E+09       3.692
  91      7  6  4 11     3.586E+09       4.118
  92      8  0  0  8    -3.361E+08       3.633
  93      8  0  2 10    -1.879E+09       3.992
  94      8  0  4 12    -3.070E+09       4.369
  95      8  3  0  8     2.280E+08       3.527
  97      8  3  2 10     1.459E+09       3.917
  98      8  3  4 12     3.818E+09       4.429
  99      8  6  0  8     1.095E+08       3.485
 100      8  6  2 10     1.701E+09       4.126
 101      8  6  4 12     3.271E+09       4.519
 103      9  3  0  9     4.059E+08       3.724
 104      9  3  2 11     4.234E+09       4.224
 105      9  3  4 13     1.235E+10       4.734
 106      9  6  0  9    -5.357E+08       3.851
 107      9  6  2 11    -2.882E+09       4.145
 108      9  6  4 13    -7.636E+09       4.645
 109      9  9  0  9     7.826E+08       3.911
 111      9  9  2 11     4.486E+09       4.214
 112      9  9  4 13     1.015E+10       4.666
 114     10  0  2 12     4.838E+09       4.494
 115     10  6  0 10    -6.708E+08       4.037
 116     10  6  2 12    -7.851E+09       4.529
 117     10  9  0 10     8.766E+08       4.015
 118     10  9  2 12     8.863E+09       4.464
 119     10  9  4 14     2.913E+10      18      3  0  2  3     1.369E+07       2.622
  19      3  0  2  5    -1.258E+08       2.701
  23      3  0  4  7    -3.103E+07       2.784
  24      3  3  0  3     5.468E+07       2.018
  27      3  3  2  3    -2.414E+07       2.630
  29      3  3  2  5     2.051E+08       2.673
  34      3  3  4  7     1.104E+08       2.982
  35      4  0  0  4     1.335E+07       2.526
  38      4  0  2  6     2.805E+07       2.762
  42      4  3  0  4     1.032E+08       2.472
  45      4  3  2  4    -1.659E+07       2.658
  47      4  3  2  6     3.984E+08       2.964
  49      4  3  4  8     2.393E+08       3.240
  50      5  0  0  5     1.402E+08       2.866
  53      5  0  2  7     4.136E+08       3.165
  56      5  0  4  9     3.037E+08       3.468
  57      5  3  0  5    -1.729E+07       2.783
  62      5  3  2  7    -2.297E+07       2.769
  64      6  0  0  6     8.431E+07       3.110
  66      6  0  2  8     3.812E+08       3.497
  67      6  0  4 10     1.869E+08       3.628
  68      6  3  0  6    -2.702E+08       3.110
  71      6  3  2  8    -1.022E+09       3.424
  72      6  3  4 10    -1.272E+09       3.817
  73      6  6  0  6     3.180E+08       3.154
  77      6  6  2  8     1.099E+09       3.433
  78      6  6  4 10     1.563E+09       3.858
  79      7  0  0  7    -1.814E+08       3.357
  82      7  0  2  9    -8.081E+08       3.684
  83      7  0  4 11    -1.388E+09       4.121
  84      7  3  0  7    -2.386E+08       3.409
  85      7  3  2  9    -1.352E+09       3.799
  86      7  3  4 11    -1.401E+09       4.091
  87      7  6  0  7     5.136E+08       3.398
  90      7  6  2  9     2.166E+09       3.692
  91      7  6  4 11     3.586E+09       4.118
  92      8  0  0  8    -3.361E+08       3.633
  93      8  0  2 10    -1.879E+09       3.992
  94      8  0  4 12    -3.070E+09       4.369
  95      8  3  0  8     2.280E+08       3.527
  97      8  3  2 10     1.459E+09       3.917
  98      8  3  4 12     3.818E+09       4.429
  99      8  6  0  8     1.095E+08       3.485
 100      8  6  2 10     1.701E+09       4.126
 101      8  6  4 12     3.271E+09       4.519
 103      9  3  0  9     4.059E+08       3.724
 104      9  3  2 11     4.234E+09       4.224
 105      9  3  4 13     1.235E+10       4.734
 106      9  6  0  9    -5.357E+08       3.851
 107      9  6  2 11    -2.882E+09       4.145
 108      9  6  4 13    -7.636E+09       4.645
 109      9  9  0  9     7.826E+08       3.911
 111      9  9  2 11     4.486E+09       4.214
 112      9  9  4 13     1.015E+10       4.666
 114     10  0  2 12     4.838E+09       4.494
 115     10  6  0 10    -6.708E+08       4.037
 116     10  6  2 12    -7.851E+09       4.529
 117     10  9  0 10     8.766E+08       4.015
 118     10  9  2 12     8.863E+09       4.464
 119     10  9  4 14     2.913E+10       4.971
 120     11  3  2 13    -1.087E+10       4.773
 
     Dist      Isotropic   Sigma(Aniso)    Ratio
     2.000     2.270E+06     3.564E+07     15.70
     2.100     1.923E+06     2.485E+07     12.92
     2.200     1.630E+06     1.745E+07     10.71
     2.300     1.381E+06     1.235E+07      8.94
     2.400     1.170E+06     8.803E+06      7.52
     2.500     9.912E+05     6.325E+06      6.38
     2.600     8.398E+05     4.579E+06      5.45
     2.700     7.115E+05     3.341E+06      4.70
     2.800     6.029E+05     2.456E+06      4.07
     2.900     5.108E+05     1.819E+06      3.56
     3.000     4.328E+05     1.356E+06      3.13
     3.100     3.667E+05     1.019E+06      2.78
     3.200     3.107E+05     7.700E+05      2.48
     3.300     2.632E+05     5.856E+05      2.22
     3.400     2.230E+05     4.480E+05      2.01
     3.500     1.890E+05     3.446E+05      1.82
 ==> Anisotropic terms may be large at shortest range;
 ==> Blind extrapolation of anisotropic terms is DANGEROUS;
 ==> Set up a more secure proportional extrapolation scheme.
 
 Set up smooth transition domains...
 Anisotropy fraction kept at shorter range     1.000
 Left  domain     3.000  ->      3.500
 Right domain    14.000  ->     15.000
 15.000  3000 120   1.633   0.000   0.000  1000  46   1.949   0.001   0.001
 
 Long range extrapolation:
 itt         Vxxxx           Coeff   1/R Power
   1      0  0  0  0    -2.228E+08       6.270
   2      0  0  2  2    -3.971E+07       6.755
   6      1  0  2  3     7.537E+05       3.989
   9      2  0  0  2    -7.962E+07       7.241
  12      2  0  2  4    -5.154E+06       4.996
  16      3  0  0  3     1.208E+08       7.478
  19      3  0  2  5    -5.769E+06       5.877
  24      3  3  0  3    -2.566E+08       7.789
  29      3  3  2  5     1.243E+07       5.933
  47      4  3  2  6     3.156E+07       6.924
      10 terms extrapolated at long range
 
 Monitor exponential short range extrapolation
 Select terms above TRES =    3.00E+03  at R=   3.000
 itt         Vxxxx           Coeff   Exp fact.
   1      0  0  0  0     6.245E+07       1.657
   2      0  0  2  2     2.925E+07       2.106
   3      0  0  4  4     5.588E+06       2.292
   4      1  0  0  1     1.752E+07       1.830
   5      1  0  2  1    -3.154E+06       2.198
   6      1  0  2  3     1.163E+07       2.006
   9      2  0  0  2    -5.198E+07       2.173
  12      2  0  2  4    -2.834E+07       2.139
  15      2  0  4  6    -1.287E+07       2.542
  16      3  0  0  3    -3.171E+07       2.025
  18      3  0  2  3     1.369E+07       2.622
  19      3  0  2  5    -1.258E+08       2.701
  23      3  0  4  7    -3.103E+07       2.784
  24      3  3  0  3     5.468E+07       2.018
  27      3  3  2  3    -2.414E+07       2.630
  29      3  3  2  5     2.051E+08       2.673
  34      3  3  4  7     1.104E+08       2.982
  35      4  0  0  4     1.335E+07       2.526
  38      4  0  2  6     2.805E+07       2.762
  42      4  3  0  4     1.032E+08       2.472
  45      4  3  2  4    -1.659E+07       2.658
  47      4  3  2  6     3.984E+08       2.964
  49      4  3  4  8     2.393E+08       3.240
  50      5  0  0  5     1.402E+08       2.866
  53      5  0  2  7     4.136E+08       3.165
  56      5  0  4  9     3.037E+08       3.468
  57      5  3  0  5    -1.729E+07       2.783
  62      5  3  2  7    -2.297E+07       2.769
  64      6  0  0  6     8.431E+07       3.110
  66      6  0  2  8     3.812E+08       3.497
  67      6  0  4 10     1.869E+08       3.628
  68      6  3  0  6    -2.702E+08       3.110
  71      6  3  2  8    -1.022E+09       3.424
  72      6  3  4 10    -1.272E+09       3.817
  73      6  6  0  6     3.180E+08       3.154
  77      6  6  2  8     1.099E+09       3.433
  78      6  6  4 10     1.563E+09       3.858
  79      7  0  0  7    -1.814E+08       3.357
  82      7  0  2  9    -8.081E+08       3.684
  83      7  0  4 11    -1.388E+09       4.121
  84      7  3  0  7    -2.386E+08       3.409
  85      7  3  2  9    -1.352E+09       3.799
  86      7  3  4 11    -1.401E+09       4.091
  87      7  6  0  7     5.136E+08       3.398
  90      7  6  2  9     2.166E+09       3.692
  91      7  6  4 11     3.586E+09       4.118
  92      8  0  0  8    -3.361E+08       3.633
  93      8  0  2 10    -1.879E+09       3.992
  94      8  0  4 12    -3.070E+09       4.369
  95      8  3  0  8     2.280E+08       3.527
  97      8  3  2 10     1.459E+09       3.917
  98      8  3  4 12     3.818E+09       4.429
  99      8  6  0  8     1.095E+08       3.485
 100      8  6  2 10     1.701E+09       4.126
 101      8  6  4 12     3.271E+09       4.519
 103      9  3  0  9     4.059E+08       3.724
 104      9  3  2 11     4.234E+09       4.224
 105      9  3  4 13     1.235E+10       4.734
 106      9  6  0  9    -5.357E+08       3.851
 107      9  6  2 11    -2.882E+09       4.145
 108      9  6  4 13    -7.636E+09       4.645
 109      9  9  0  9     7.826E+08       3.911
 111      9  9  2 11     4.486E+09       4.214
 112      9  9  4 13     1.015E+10       4.666
 114     10  0  2 12     4.838E+09       4.494
 115     10  6  0 10    -6.708E+08       4.037
 116     10  6  2 12    -7.851E+09       4.529
 117     10  9  0 10     8.766E+08       4.015
 118     10  9  2 12     8.863E+09       4.464
 119     10  9  4 14     2.913E+10     
 Long range extrapolation:
 itt         Vxxxx           Coeff   1/R Power
   1      0  0  0  0    -2.228E+08       6.270
   2      0  0  2  2    -3.971E+07       6.755
   6      1  0  2  3     7.537E+05       3.989
   9      2  0  0  2    -7.962E+07       7.241
  12      2  0  2  4    -5.154E+06       4.996
  16      3  0  0  3     1.208E+08       7.478
  19      3  0  2  5    -5.769E+06       5.877
  24      3  3  0  3    -2.566E+08       7.789
  29      3  3  2  5     1.243E+07       5.933
  47      4  3  2  6     3.156E+07       6.924
      10 terms extrapolated at long range
 
 Monitor exponential short range extrapolation
 Select terms above TRES =    3.00E+03  at R=   3.000
 itt         Vxxxx           Coeff   Exp fact.
   1      0  0  0  0     6.245E+07       1.657
   2      0  0  2  2     2.925E+07       2.106
   3      0  0  4  4     5.588E+06       2.292
   4      1  0  0  1     1.752E+07       1.830
   5      1  0  2  1    -3.154E+06       2.198
   6      1  0  2  3     1.163E+07       2.006
   9      2  0  0  2    -5.198E+07       2.173
  12      2  0  2  4    -2.834E+07       2.139
  15      2  0  4  6    -1.287E+07       2.542
  16      3  0  0  3    -3.171E+07       2.025
  18      3  0  2  3     1.369E+07       2.622
  19      3  0  2  5    -1.258E+08       2.701
  23      3  0  4  7    -3.103E+07       2.784
  24      3  3  0  3     5.468E+07       2.018
  27      3  3  2  3    -2.414E+07       2.630
  29      3  3  2  5     2.051E+08       2.673
  34      3  3  4  7     1.104E+08       2.982
  35      4  0  0  4     1.335E+07       2.526
  38      4  0  2  6     2.805E+07       2.762
  42      4  3  0  4     1.032E+08       2.472
  45      4  3  2  4    -1.659E+07       2.658
  47      4  3  2  6     3.984E+08       2.964
  49      4  3  4  8     2.393E+08       3.240
  50      5  0  0  5     1.402E+08       2.866
  53      5  0  2  7     4.136E+08       3.165
  56      5  0  4  9     3.037E+08       3.468
  57      5  3  0  5    -1.729E+07       2.783
  62      5  3  2  7    -2.297E+07       2.769
  64      6  0  0  6     8.431E+07       3.110
  66      6  0  2  8     3.812E+08       3.497
  67      6  0  4 10     1.869E+08       3.628
  68      6  3  0  6    -2.702E+08       3.110
  71      6  3  2  8    -1.022E+09       3.424
  72      6  3  4 10    -1.272E+09       3.817
  73      6  6  0  6     3.180E+08       3.154
  77      6  6  2  8     1.099E+09       3.433
  78      6  6  4 10     1.563E+09       3.858
  79      7  0  0  7    -1.814E+08       3.357
  82      7  0  2  9    -8.081E+08       3.684
  83      7  0  4 11    -1.388E+09       4.121
  84      7  3  0  7    -2.386E+08       3.409
  85      7  3  2  9    -1.352E+09       3.799
  86      7  3  4 11    -1.401E+09       4.091
  87      7  6  0  7     5.136E+08       3.398
  90      7  6  2  9     2.166E+09       3.692
  91      7  6  4 11     3.586E+09       4.118
  92      8  0  0  8    -3.361E+08       3.633
  93      8  0  2 10    -1.879E+09       3.992
  94      8  0  4 12    -3.070E+09       4.369
  95      8  3  0  8     2.280E+08       3.527
  97      8  3  2 10     1.459E+09       3.917
  98      8  3  4 12     3.818E+09       4.429
  99      8  6  0  8     1.095E+08       3.485
 100      8  6  2 10     1.701E+09       4.126
 101      8  6  4 12     3.271E+09       4.519
 103      9  3  0  9     4.059E+08       3.724
 104      9  3  2 11     4.234E+09       4.224
 105      9  3  4 13     1.235E+10       4.734
 106      9  6  0  9    -5.357E+08       3.851
 107      9  6  2 11    -2.882E+09       4.145
 108      9  6  4 13    -7.636E+09       4.645
 109      9  9  0  9     7.826E+08       3.911
 111      9  9  2 11     4.486E+09       4.214
 112      9  9  4 13     1.015E+10       4.666
 114     10  0  2 12     4.838E+09       4.494
 115     10  6  0 10    -6.708E+08       4.037
 116     10  6  2 12    -7.851E+09       4.529
 117     10  9  0 10     8.766E+08       4.015
 118     10  9  2 12     8.863E+09       4.464
 119     10  9  4 14     2.913E+10       4.971
 120     11  3  2 13    -1.087E+10       4.773
 
     Dist      Iso  86      7  3  4 11    -1.401E+09       4.091
  87      7  6  0  7     5.136E+08       3.398
  90      7  6  2  9     2.166E+09       3.692
  91      7  6  4 11     3.586E+09       4.118
  92      8  0  0  8    -3.361E+08       3.633
  93      8  0  2 10    -1.879E+09       3.992
  94      8  0  4 12    -3.070E+09       4.369
  95      8  3  0  8     2.280E+08       3.527
  97      8  3  2 10     1.459E+09       3.917
  98      8  3  4 12     3.818E+09       4.429
  99      8  6  0  8     1.095E+08       3.485
 100      8  6  2 10     1.701E+09       4.126
 101      8  6  4 12     3.271E+09       4.519
 103      9  3  0  9     4.059E+08       3.724
 104      9  3  2 11     4.234E+09       4.224
 105      9  3  4 13     1.235E+10       4.734
 106      9  6  0  9    -5.357E+08       3.851
 107      9  6  2 11    -2.882E+09       4.145
 108      9  6  4 13    -7.636E+09       4.645
 109      9  9  0  9     7.826E+08       3.911
 111      9  9  2 11     4.486E+09       4.214
 112      9  9  4 13     1.015E+10       4.666
 114     10  0  2 12     4.838E+09       4.494
 115     10  6  0 10    -6.708E+08       4.037
 116     10  6  2 12    -7.851E+09       4.529
 117     10  9  0 10     8.766E+08       4.015
 118     10  9  2 12     8.863E+09       4.464
 119     10  9  4 14     2.913E+10       4.971
 120     11  3  2 13    -1.087E+10       4.773
 
     Dist      Isotropic   Sigma(Aniso)    Ratio
     2.000     2.270E+06     3.564E+07     15.70
     2.100     1.923E+06     2.485E+07     12.92
     2.200     1.630E+06     1.745E+07     10.71
     2.300     1.381E+06     1.235E+07      8.94
     2.400     1.170E+06     8.803E+06      7.52
     2.500     9.912E+05     6.325E+06      6.38
     2.600     8.398E+05     4.579E+06      5.45
     2.700     7.115E+05     3.341E+06      4.70
     2.800     6.029E+05     2.456E+06      4.07
     2.900     5.108E+05     1.819E+06      3.56
     3.000     4.328E+05     1.356E+06      3.13
     3.100     3.667E+05     1.019E+06      2.78
     3.200     3.107E+05     7.700E+05      2.48
     3.300     2.632E+05     5.856E+05      2.22
     3.400     2.230E+05     4.480E+05      2.01
     3.500     1.890E+05     3.446E+05      1.82
 ==> Anisotropic terms may be large at shortest range;
 ==> Blind extrapolation of anisotropic terms is DANGEROUS;
 ==> Set up a more secure proportional extrapolation scheme.
 
 Set up smooth transition domains...
 Anisotropy fraction kept at shorter range     1.000
 Left  domain     3.000  ->      3.500
 Right domain    14.000  ->     15.000
 
 Initialization done.
 
 NLAM         120
 
 Long range extrapolation:
 itt         Vxxxx           Coeff   1/R Power
   1      0  0  0  0    -2.228E+08       6.270
   2      0  0  2  2    -3.971E+07       6.755
   6      1  0  2  3     7.537E+05       3.989
   9      2  0  0  2    -7.962E+07       7.241
  12      2  0  2  4    -5.154E+06       4.996
  16      3  0  0  3     1.208E+08       7.478
  19      3  0  2  5    -5.769E+06       5.877
  24      3  3  0  3    -2.566E+08       7.789
  29      3  3  2  5     1.243E+07       5.933
  47      4  3  2  6     3.156E+07       6.924
      10 terms extrapolated at long range
 
 Monitor exponential short range extrapolation
 Select terms above TRES =    3.00E+03  at R=   3.000
 itt         Vxxxx           Coeff   Exp fact.
   1      0  0  0  0     6.245E+07       1.657
   2      0  0  2  2     2.925E+07       2.106
   3      0  0  4  4     5.588E+06       2.292
   4      1  0  0  1     1.752E+07       1.830
   5      1  0  2  1    -3.154E+06       2.198
   6      1  0  2  3     1.163E+07       2.006
   9      2  0  0  2    -5.198E+07       2.173
  12      2  0  2  4    -2.834E+07       2.139
  15      2  0  4  6    -1.287E+07       2.542
  16      3  0  0  3    -3.171E+07       2.025
  18      3  0  2  3     1.369E+07       2.622
  19      3  0  2  5    -1.258E+08       2.701
  23      3  0  4  7    -3.103E+07       2.784
  24      3  3  0  3     5.468E+07       2.018
  27      3  3  2  3    -2.414E+07       2.630
  29      3  3  2  5     2.051E+08       2.673
  34      3  3  4  7     1.104E+08       2.982
  35      4  0  0  4     1.335E+07       2.526
  38      4  0  2  6     2.805E+07       2.762
  42      4  3  0  4     1.032E+08       2.472
  45      4  3  2  4    -1.659E+07       2.658
  47      4  3  2  6     3.984E+08       2.964
  49      4  3  4  8     2.393E+08       3.240
  50      5  0  0  5     1.402E+08       2.866
  53      5  0  2  7     4.136E+08       3.165
  56      5  0  4  9     3.037E+08       3.468
  57      5  3  0  5    -1.729E+07       2.783
  62      5  3  2  7    -2.297E+07       2.769
  64      6  0  0  6     8.431E+07       3.110
  66      6  0  2  8     3.812E+08       3.497
  67      6  0  4 10     1.869E+08       3.628
  68      6  3  0  6    -2.702E+08       3.110
  71      6  3  2  8    -1.022E+09       3.424
  72      6  3  4 10    -1.272E+09       3.817
  73      6  6  0  6     3.180E+08       3.154
  77      6  6  2  8     1.099E+09       3.433
  78      6  6  4 10     1.563E+09       3.858
  79      7  0  0  7    -1.814E+08       3.357
  82      7  0  2  9    -8.081E+08       3.684
  83      7  0  4 11    -1.388E+09       4.121
  84      7  3  0  7    -2.386E+08       3.409
  85      7  3  2  9    -1.352E+09       3.799
  86      7  3  4 11    -1.401E+09       4.091
  87      7  6  0  7     5.136E+08       3.398
  90      7  6  2  9     2.166E+09       3.692
  91      7  6  4 11     3.586E+09       4.118
  92      8  0  0  8    -3.361E+08       3.633
  93      8  0  2 10    -1.879E+09       3.992
  94      8  0  4 12    -3.070E+09       4.369
  95      8  3  0  8     2.280E+08       3.527
  97      8  3  2 10     1.459E+09       3.917
  98      8  3  4 12     3.818E+09       4.429
  99      8  6  0  8     1.095E+08       3.485
 100      8  6  2 10     1.701E+09       4.126
 101      8  6  4 12     3.271E+09       4.519
 103      9  3  0  9     4.059E+08       3.724
 104      9  3  2 11     4.234E+09       4.224
 105      9  3  4 13     1.235E+10       4.734
 106      9  6  0  9    -5.357E+08       3.851
 107      9  6  2 11    -2.882E+09       4.145
 108      9  6  4 13    -7.636E+09       4.645
 109      9  9  0  9     7.826E+08       3.911
 111      9  9  2 11     4.486E+09       4.214
 112      9  9  4 13     1.015E+10       4.666
 114     10  0  2 12     4.838E+09       4.494
 115     10  6  0 10    -6.708E+08       4.037
 116     10  6  2 12    -7.851E+09       4.529
 117     10  9  0 10     8.766E+08       4.015
 118     10  9  2 12     8.863E+09       4.464
 119     10  9  4 14     2.913E+10       4.971
 120     11  3  2 13    -1.087E+10       4.773
 
     Dist      Iso 15.000  3000 120   1.633   0.000   0.000  1000  46   1.949   0.001   0.001
 
 Long range extrapolation:
 itt         Vxxxx           Coeff   1/R Power
   1      0  0  0  0    -2.228E+08       6.270
   2      0  0  2  2    -3.971E+07       6.755
   6      1  0  2  3     7.537E+05       3.989
   9      2  0  0  2    -7.962E+07       7.241
  12      2  0  2  4    -5.154E+06       4.996
  16      3  0  0  3     1.208E+08       7.478
  19      3  0  2  5    -5.769E+06       5.877
  24      3  3  0  3    -2.566E+08       7.789
  29      3  3  2  5     1.243E+07       5.933
  47      4  3  2  6     3.156E+07       6.924
      10 terms extrapolated at long range
 
 Monitor exponential short range extrapolation
 Select terms above TRES =    3.00E+03  at R=   3.000
 itt         Vxxxx           Coeff   Exp fact.
   1      0  0  0  0     6.245E+07       1.657
   2      0  0  2  2     2.925E+07       2.106
   3      0  0  4  4     5.588E+06       2.292
   4      1  0  0  1     1.752E+07       1.830
   5      1  0  2  1    -3.154E+06       2.198
   6      1  0  2  3     1.163E+07       2.006
   9      2  0  0  2    -5.198E+07       2.173
  12      2  0  2  4    -2.834E+07       2.139
  15      2  0  4  6    -1.287E+07       2.542
  16      3  0  0  3    -3.171E+07       2.025
  18      3  0  2  3     1.369E+07       2.622
  19      3  0  2  5    -1.258E+08       2.701
  23      3  0  4  7    -3.103E+07       2.784
  24      3  3  0  3     5.468E+07       2.018
  27      3  3  2  3    -2.414E+07       2.630
  29      3  3  2  5     2.051E+08       2.673
  34      3  3  4  7     1.104E+08       2.982
  35      4  0  0  4     1.335E+07       2.526
  38      4  0  2  6     2.805E+07       2.762
  42      4  3  0  4     1.032E+08       2.472
  45      4  3  2  4    -1.659E+07       2.658
  47      4  3  2  6     3.984E+08       2.964
  49      4  3  4  8     2.393E+08       3.240
  50      5  0  0  5     1.402E+08       2.866
  53      5  0  2  7     4.136E+08       3.165
  56      5  0  4  9     3.037E+08       3.468
  57      5  3  0  5    -1.729E+07       2.783
  62      5  3  2  7    -2.297E+07       2.769
  64      6  0  0  6     8.431E+07       3.110
  66      6  0  2  8     3.812E+08       3.497
  67      6  0  4 10     1.869E+08       3.628
  68      6  3  0  6    -2.702E+08       3.110
  71      6  3  2  8    -1.022E+09       3.424
  72      6  3  4 10    -1.272E+09       3.817
  73      6  6  0  6     3.180E+08       3.154
  77      6  6  2  8     1.099E+09       3.433
  78      6  6  4 10     1.563E+09       3.858
  79      7  0  0  7    -1.814E+08       3.357
  82      7  0  2  9    -8.081E+08       3.684
  83      7  0  4 11    -1.388E+09       4.121
  84      7  3  0  7    -2.386E+08       3.409
  85      7  3  2  9    -1.352E+09       3.799
  86      7  3  4 11    -1.401E+09       4.091
  87      7  6  0  7     5.136E+08       3.398
  90      7  6  2  9     2.166E+09       3.692
  91      7  6  4 11     3.586E+09       4.118
  92      8  0  0  8    -3.361E+08       3.633
  93      8  0  2 10    -1.879E+09       3.992
  94      8  0  4 12    -3.070E+09       4.369
  95      8  3  0  8     2.280E+08       3.527
  97      8  3  2 10     1.459E+09       3.917
  98      8  3  4 12     3.818E+09       4.429
  99      8  6  0  8     1.095E+08       3.485
 100      8  6  2 10     1.701E+09       4.126
 101      8  6  4 12     3.271E+09       4.519
 103      9  3  0  9     4.059E+08       3.724
 104      9  3  2 11     4.234E+09       4.224
 105      9  3  4 13     1.235E+10       4.734
 106      9  6  0  9    -5.357E+08       3.851
 107      9  6  2 11    -2.882E+09       4.145
 108      9  6  4 13    -7.636E+09       4.645
 109      9  9  0  9     7.826E+08       3.911
 111      9  9  2 11     4.486E+09       4.214
 112      9  9  4 13     1.015E+10       4.666
 114     10  0  2 12     4.838E+09       4.494
 115     10  6  0 10    -6.708E+08       4.037
 116     10  6  2 12    -7.851E+09       4.529
 117     10  9  0 10     8.766E+08       4.015
 118     10  9  2 12     8.863E+09       4.464
 119     10  9  4 14     2.913E+10     
 Long range extrapolation:
 itt         Vxxxx           Coeff   1/R Power
   1      0  0  0  0    -2.228E+08       6.270
   2      0  0  2  2    -3.971E+07       6.755
   6      1  0  2  3     7.537E+05       3.989
   9      2  0  0  2    -7.962E+07       7.241
  12      2  0  2  4    -5.154E+06       4.996
  16      3  0  0  3     1.208E+08       7.478
  19      3  0  2  5    -5.769E+06       5.877
  24      3  3  0  3    -2.566E+08       7.789
  29      3  3  2  5     1.243E+07       5.933
  47      4  3  2  6     3.156E+07       6.924
      10 terms extrapolated at long range
 
 Monitor exponential short range extrapolation
 Select terms above TRES =    3.00E+03  at R=   3.000
 itt         Vxxxx           Coeff   Exp fact.
   1      0  0  0  0     6.245E+07       1.657
   2      0  0  2  2     2.925E+07       2.106
   3      0  0  4  4     5.588E+06       2.292
   4      1  0  0  1     1.752E+07       1.830
   5      1  0  2  1    -3.154E+06       2.198
   6      1  0  2  3     1.163E+07       2.006
   9      2  0  0  2    -5.198E+07       2.173
  12      2  0  2  4    -2.834E+07       2.139
  15      2  0  4  6    -1.287E+07       2.542
  16      3  0  0  3    -3.171E+07       2.025
  18      3  0  2  3     1.369E+07       2.622
  19      3  0  2  5    -1.258E+08       2.701
  23      3  0  4  7    -3.103E+07       2.784
  24      3  3  0  3     5.468E+07       2.018
  27      3  3  2  3    -2.414E+07       2.630
  29      3  3  2  5     2.051E+08       2.673
  34      3  3  4  7     1.104E+08       2.982
  35      4  0  0  4     1.335E+07       2.526
  38      4  0  2  6     2.805E+07       2.762
  42      4  3  0  4     1.032E+08       2.472
  45      4  3  2  4    -1.659E+07       2.658
  47      4  3  2  6     3.984E+08       2.964
  49      4  3  4  8     2.393E+08       3.240
  50      5  0  0  5     1.402E+08       2.866
  53      5  0  2  7     4.136E+08       3.165
  56      5  0  4  9     3.037E+08       3.468
  57      5  3  0  5    -1.729E+07       2.783
  62      5  3  2  7    -2.297E+07       2.769
  64      6  0  0  6     8.431E+07       3.110
  66      6  0  2  8     3.812E+08       3.497
  67      6  0  4 10     1.869E+08       3.628
  68      6  3  0  6    -2.702E+08       3.110
  71      6  3  2  8    -1.022E+09       3.424
  72      6  3  4 10    -1.272E+09       3.817
  73      6  6  0  6     3.180E+08       3.154
  77      6  6  2  8     1.099E+09       3.433
  78      6  6  4 10     1.563E+09       3.858
  79      7  0  0  7    -1.814E+08       3.357
  82      7  0  2  9    -8.081E+08       3.684
  83      7  0  4 11    -1.388E+09       4.121
  84      7  3  0  7    -2.386E+08       3.409
  85      7  3  2  9    -1.352E+09       3.799
  86      7  3  4 11    -1.401E+09       4.091
  87      7  6  0  7     5.136E+08       3.398
  90      7  6  2  9     2.166E+09       3.692
  91      7  6  4 11     3.586E+09       4.118
  92      8  0  0  8    -3.361E+08       3.633
  93      8  0  2 10    -1.879E+09       3.992
  94      8  0  4 12    -3.070E+09       4.369
  95      8  3  0  8     2.280E+08       3.527
  97      8  3  2 10     1.459E+09       3.917
  98      8  3  4 12     3.818E+09       4.429
  99      8  6  0  8     1.095E+08       3.485
 100      8  6  2 10     1.701E+09       4.126
 101      8  6  4 12     3.271E+09       4.519
 103      9  3  0  9     4.059E+08       3.724
 104      9  3  2 11     4.234E+09       4.224
 105      9  3  4 13     1.235E+10       4.734
 106      9  6  0  9    -5.357E+08       3.851
 107      9  6  2 11    -2.882E+09       4.145
 108      9  6  4 13    -7.636E+09       4.645
 109      9  9  0  9     7.826E+08       3.911
 111      9  9  2 11     4.486E+09       4.214
 112      9  9  4 13     1.015E+10       4.666
 114     10  0  2 12     4.838E+09       4.494
 115     10  6  0 10    -6.708E+08       4.037
 116     10  6  2 12    -7.851E+09       4.529
 117     10  9  0 10     8.766E+08       4.015
 118     10  9  2 12     8.863E+09       4.464
 119     10  9  4 14     2.913E+10       4.971
 120     11  3  2 13    -1.087E+10       4.773
 
     Dist      Iso 15.000  3000 120   1.633   0.000   0.000  1000  46   1.949   0.001   0.001
 
 Long range extrapolation:
 itt         Vxxxx           Coeff   1/R Power
   1      0  0  0  0    -2.228E+08       6.270
   2      0  0  2  2    -3.971E+07       6.755
   6      1  0  2  3     7.537E+05       3.989
   9      2  0  0  2    -7.962E+07       7.241
  12      2  0  2  4    -5.154E+06       4.996
  16      3  0  0  3     1.208E+08       7.478
  19      3  0  2  5    -5.769E+06       5.877
  24      3  3  0  3    -2.566E+08       7.789
  29      3  3  2  5     1.243E+07       5.933
  47      4  3  2  6     3.156E+07       6.924
      10 terms extrapolated at long range
 
 Monitor exponential short range extrapolation
 Select terms above TRES =    3.00E+03  at R=   3.000
 itt         Vxxxx           Coeff   Exp fact.
   1      0  0  0  0     6.245E+07       1.657
   2      0  0  2  2     2.925E+07       2.106
   3      0  0  4  4     5.588E+06       2.292
   4      1  0  0  1     1.752E+07       1.830
   5      1  0  2  1    -3.154E+06       2.198
   6      1  0  2  3     1.163E+07       2.006
   9      2  0  0  2    -5.198E+07       2.173
  12      2  0  2  4    -2.834E+07       2.139
  15      2  0  4  6    -1.287E+07       2.542
  16      3  0  0  3    -3.171E+07       2.025
  18      3  0  2  3     1.369E+07       2.622
  19      3  0  2  5    -1.258E+08       2.701
  23      3  0  4  7    -3.103E+07       2.784
  24      3  3  0  3     5.468E+07       2.018
  27      3  3  2  3    -2.414E+07       2.630
  29      3  3  2  5     2.051E+08       2.673
  34      3  3  4  7     1.104E+08       2.982
  35      4  0  0  4     1.335E+07       2.526
  38      4  0  2  6     2.805E+07       2.762
  42      4  3  0  4     1.032E+08       2.472
  45      4  3  2  4    -1.659E+07       2.658
  47      4  3  2  6     3.984E+08       2.964
  49      4  3  4  8     2.393E+08       3.240
  50      5  0  0  5     1.402E+08       2.866
  53      5  0  2  7     4.136E+08       3.165
  56      5  0  4  9     3.037E+08       3.468
  57      5  3  0  5    -1.729E+07       2.783
  62      5  3  2  7    -2.297E+07       2.769
  64      6  0  0  6     8.431E+07       3.110
  66      6  0  2  8     3.812E+08       3.497
  67      6  0  4 10     1.869E+08       3.628
  68      6  3  0  6    -2.702E+08       3.110
  71      6  3  2  8    -1.022E+09       3.424
  72      6  3  4 10    -1.272E+09       3.817
  73      6  6  0  6     3.180E+08       3.154
  77      6  6  2  8     1.099E+09       3.433
  78      6  6  4 10     1.563E+09       3.858
  79      7  0  0  7    -1.814E+08       3.357
  82      7  0  2  9    -8.081E+08       3.684
  83      7  0  4 11    -1.388E+09       4.121
  84      7  3  0  7    -2.386E+08       3.409
  85      7  3  2  9    -1.352E+09       3.799
  86      7  3  4 11    -1.401E+09       4.091
  87      7  6  0  7     5.136E+08       3.398
  90      7  6  2  9     2.166E+09       3.692
  91      7  6  4 11     3.586E+09       4.118
  92      8  0  0  8    -3.361E+08       3.633
  93      8  0  2 10    -1.879E+09       3.992
  94      8  0  4 12    -3.070E+09       4.369
  95      8  3  0  8     2.280E+08       3.527
  97      8  3  2 10     1.459E+09       3.917
  98      8  3  4 12     3.818E+09       4.429
  99      8  6  0  8     1.095E+08       3.485
 100      8  6  2 10     1.701E+09       4.126
 101      8  6  4 12     3.271E+09       4.519
 103      9  3  0  9     4.059E+08       3.724
 104      9  3  2 11     4.234E+09       4.224
 105      9  3  4 13     1.235E+10       4.734
 106      9  6  0  9    -5.357E+08       3.851
 107      9  6  2 11    -2.882E+09       4.145
 108      9  6  4 13    -7.636E+09       4.645
 109      9  9  0  9     7.826E+08       3.911
 111      9  9  2 11     4.486E+09       4.214
 112      9  9  4 13     1.015E+10       4.666
 114     10  0  2 12     4.838E+09       4.494
 115     10  6  0 10    -6.708E+08       4.037
 116     10  6  2 12    -7.851E+09       4.529
 117     10  9  0 10     8.766E+08       4.015
 118     10  9  2 12     8.863E+09       4.464
 119     10  9  4 14     2.913E+10     
 Long range extrapolation:
 itt         Vxxxx           Coeff   1/R Power
   1      0  0  0  0    -2.228E+08       6.270
   2      0  0  2  2    -3.971E+07       6.755
   6      1  0  2  3     7.537E+05       3.989
   9      2  0  0  2    -7.962E+07       7.241
  12      2  0  2  4    -5.154E+06       4.996
  16      3  0  0  3     1.208E+08       7.478
  19      3  0  2  5    -5.769E+06       5.877
  24      3  3  0  3    -2.566E+08       7.789
  29      3  3  2  5     1.243E+07       5.933
  47      4  3  2  6     3.156E+07       6.924
      10 terms extrapolated at long range
 
 Monitor exponential short range extrapolation
 Select terms above TRES =    3.00E+03  at R=   3.000
 itt         Vxxxx           Coeff   Exp fact.
   1      0  0  0  0     6.245E+07       1.657
   2      0  0  2  2     2.925E+07       2.106
   3      0  0  4  4     5.588E+06       2.292
   4      1  0  0  1     1.752E+07       1.830
   5      1  0  2  1    -3.154E+06       2.198
   6      1  0  2  3     1.163E+07       2.006
   9      2  0  0  2    -5.198E+07       2.173
  12      2  0  2  4    -2.834E+07       2.139
  15      2  0  4  6    -1.287E+07       2.542
  16      3  0  0  3    -3.171E+07       2.025
  18      3  0  2  3     1.369E+07       2.622
  19      3  0  2  5    -1.258E+08       2.701
  23      3  0  4  7    -3.103E+07       2.784
  24      3  3  0  3     5.468E+07       2.018
  27      3  3  2  3    -2.414E+07       2.630
  29      3  3  2  5     2.051E+08       2.673
  34      3  3  4  7     1.104E+08       2.982
  35      4  0  0  4     1.335E+07       2.526
  38      4  0  2  6     2.805E+07       2.762
  42      4  3  0  4     1.032E+08       2.472
  45      4  3  2  4    -1.659E+07       2.658
  47      4  3  2  6     3.984E+08       2.964
  49      4  3  4  8     2.393E+08       3.240
  50      5  0  0  5     1.402E+08       2.866
  53      5  0  2  7     4.136E+08       3.165
  56      5  0  4  9     3.037E+08       3.468
  57      5  3  0  5    -1.729E+07       2.783
  62      5  3  2  7    -2.297E+07       2.769
  64      6  0  0  6     8.431E+07       3.110
  66      6  0  2  8     3.812E+08       3.497
  67      6  0  4 10     1.869E+08       3.628
  68      6  3  0  6    -2.702E+08       3.110
  71      6  3  2  8    -1.022E+09       3.424
  72      6  3  4 10    -1.272E+09       3.817
  73      6  6  0  6     3.180E+08       3.154
  77      6  6  2  8     1.099E+09       3.433
  78      6  6  4 10     1.563E+09       3.858
  79      7  0  0  7    -1.814E+08       3.357
  82      7  0  2  9    -8.081E+08       3.684
  83      7  0  4 11    -1.388E+09       4.121
  84      7  3  0  7    -2.386E+08       3.409
  85      7  3  2  9    -1.352E+09       3.799
  86      7  3  4 11    -1.401E+09       4.091
  87      7  6  0  7     5.136E+08       3.398
  90      7  6  2  9     2.166E+09       3.692
  91      7  6  4 11     3.586E+09       4.118
  92      8  0  0  8    -3.361E+08       3.633
  93      8  0  2 10    -1.879E+09       3.992
  94      8  0  4 12    -3.070E+09       4.369
  95      8  3  0  8     2.280E+08       3.527
  97      8  3  2 10     1.459E+09       3.917
  98      8  3  4 12     3.818E+09       4.429
  99      8  6  0  8     1.095E+08       3.485
 100      8  6  2 10     1.701E+09       4.126
 101      8  6  4 12     3.271E+09       4.519
 103      9  3  0  9     4.059E+08       3.724
 104      9  3  2 11     4.234E+09       4.224
 105      9  3  4 13     1.235E+10       4.734
 106      9  6  0  9    -5.357E+08       3.851
 107      9  6  2 11    -2.882E+09       4.145
 108      9  6  4 13    -7.636E+09       4.645
 109      9  9  0  9     7.826E+08       3.911
 111      9  9  2 11     4.486E+09       4.214
 112      9  9  4 13     1.015E+10       4.666
 114     10  0  2 12     4.838E+09       4.494
 115     10  6  0 10    -6.708E+08       4.037
 116     10  6  2 12    -7.851E+09       4.529
 117     10  9  0 10     8.766E+08       4.015
 118     10  9  2 12     8.863E+09       4.464
 119     10  9  4 14     2.913E+10       4.971
 120     11  3  2 13    -1.087E+10       4.773
 
     Dist      Iso 
 Long range extrapolation:
 itt         Vxxxx           Coeff   1/R Power
   1      0  0  0  0    -2.228E+08       6.270
   2      0  0  2  2    -3.971E+07       6.755
   6      1  0  2  3     7.537E+05       3.989
   9      2  0  0  2    -7.962E+07       7.241
  12      2  0  2  4    -5.154E+06       4.996
  16      3  0  0  3     1.208E+08       7.478
  19      3  0  2  5    -5.769E+06       5.877
  24      3  3  0  3    -2.566E+08       7.789
  29      3  3  2  5     1.243E+07       5.933
  47      4  3  2  6     3.156E+07       6.924
      10 terms extrapolated at long range
 
 Monitor exponential short range extrapolation
 Select terms above TRES =    3.00E+03  at R=   3.000
 itt         Vxxxx           Coeff   Exp fact.
   1      0  0  0  0     6.245E+07       1.657
   2      0  0  2  2     2.925E+07       2.106
   3      0  0  4  4     5.588E+06       2.292
   4      1  0  0  1     1.752E+07       1.830
   5      1  0  2  1    -3.154E+06       2.198
   6      1  0  2  3     1.163E+07       2.006
   9      2  0  0  2    -5.198E+07       2.173
  12      2  0  2  4    -2.834E+07       2.139
  15      2  0  4  6    -1.287E+07       2.542
  16      3  0  0  3    -3.171E+07       2.025
  18      3  0  2  3     1.369E+07       2.622
  19      3  0  2  5    -1.258E+08       2.701
  23      3  0  4  7    -3.103E+07       2.784
  24      3  3  0  3     5.468E+07       2.018
  27      3  3  2  3    -2.414E+07       2.630
  29      3  3  2  5     2.051E+08       2.673
  34      3  3  4  7     1.104E+08       2.982
  35      4  0  0  4     1.335E+07       2.526
  38      4  0  2  6     2.805E+07       2.762
  42      4  3  0  4     1.032E+08       2.472
  45      4  3  2  4    -1.659E+07       2.658
  47      4  3  2  6     3.984E+08       2.964
  49      4  3  4  8     2.393E+08       3.240
  50      5  0  0  5     1.402E+08       2.866
  53      5  0  2  7     4.136E+08       3.165
  56      5  0  4  9     3.037E+08       3.468
  57      5  3  0  5    -1.729E+07       2.783
  62      5  3  2  7    -2.297E+07       2.769
  64      6  0  0  6     8.431E+07       3.110
  66      6  0  2  8     3.812E+08       3.497
  67      6  0  4 10     1.869E+08       3.628
  68      6  3  0  6    -2.702E+08       3.110
  71      6  3  2  8    -1.022E+09       3.424
  72      6  3  4 10    -1.272E+09       3.817
  73      6  6  0  6     3.180E+08       3.154
  77      6  6  2  8     1.099E+09       3.433
  78      6  6  4 10     1.563E+09       3.858
  79      7  0  0  7    -1.814E+08       3.357
  82      7  0  2  9    -8.081E+08       3.684
  83      7  0  4 11    -1.388E+09       4.121
  84      7  3  0  7    -2.386E+08       3.409
  85      7  3  2  9    -1.352E+09       3.799
  86      7  3  4 11    -1.401E+09       4.091
  87      7  6  0  7     5.136E+08       3.398
  90      7  6  2  9     2.166E+09       3.692
  91      7  6  4 11     3.586E+09       4.118
  92      8  0  0  8    -3.361E+08       3.633
  93      8  0  2 10    -1.879E+09       3.992
  94      8  0  4 12    -3.070E+09       4.369
  95      8  3  0  8     2.280E+08       3.527
  97      8  3  2 10     1.459E+09       3.917
  98      8  3  4 12     3.818E+09       4.429
  99      8  6  0  8     1.095E+08       3.485
 100      8  6  2 10     1.701E+09       4.126
 101      8  6  4 12     3.271E+09       4.519
 103      9  3  0  9     4.059E+08       3.724
 104      9  3  2 11     4.234E+09       4.224
 105      9  3  4 13     1.235E+10       4.734
 106      9  6  0  9    -5.357E+08       3.851
 107      9  6  2 11    -2.882E+09       4.145
 108      9  6  4 13    -7.636E+09       4.645
 109      9  9  0  9     7.826E+08       3.911
 111      9  9  2 11     4.486E+09       4.214
 112      9  9  4 13     1.015E+10       4.666
 114     10  0  2 12     4.838E+09       4.494
 115     10  6  0 10    -6.708E+08       4.037
 116     10  6  2 12    -7.851E+09       4.529
 117     10  9  0 10     8.766E+08       4.015
 118     10  9  2 12     8.863E+09       4.464
 119     10  9  4 14     2.913E+10       4.971
 120     11  3  2 13    -1.087E+10       4.773
 
     Dist      Iso 15.000  3000 120   1.633   0.000   0.000  1000  46   1.949   0.001   0.001
 
 Long range extrapolation:
 itt         Vxxxx           Coeff   1/R Power
   1      0  0  0  0    -2.228E+08       6.270
   2      0  0  2  2    -3.971E+07       6.755
   6      1  0  2  3     7.537E+05       3.989
   9      2  0  0  2    -7.962E+07       7.241
  12      2  0  2  4    -5.154E+06       4.996
  16      3  0  0  3     1.208E+08       7.478
  19      3  0  2  5    -5.769E+06       5.877
  24      3  3  0  3    -2.566E+08       7.789
  29      3  3  2  5     1.243E+07       5.933
  47      4  3  2  6     3.156E+07       6.924
      10 terms extrapolated at long range
 
 Monitor exponential short range extrapolation
 Select terms above TRES =    3.00E+03  at R=   3.000
 itt         Vxxxx           Coeff   Exp fact.
   1      0  0  0  0     6.245E+07       1.657
   2      0  0  2  2     2.925E+07       2.106
   3      0  0  4  4     5.588E+06       2.292
   4      1  0  0  1     1.752E+07       1.830
   5      1  0  2  1    -3.154E+06       2.198
   6      1  0  2  3     1.163E+07       2.006
   9      2  0  0  2    -5.198E+07       2.173
  12      2  0  2  4    -2.834E+07       2.139
  15      2  0  4  6    -1.287E+07       2.542
  16      3  0  0  3    -3.171E+07       2.025
  18      3  0  2  3     1.369E+07       2.622
  19      3  0  2  5    -1.258E+08       2.701
  23      3  0  4  7    -3.103E+07       2.784
  24      3  3  0  3     5.468E+07       2.018
  27      3  3  2  3    -2.414E+07       2.630
  29      3  3  2  5     2.051E+08       2.673
  34      3  3  4  7     1.104E+08       2.982
  35      4  0  0  4     1.335E+07       2.526
  38      4  0  2  6     2.805E+07       2.762
  42      4  3  0  4     1.032E+08       2.472
  45      4  3  2  4    -1.659E+07       2.658
  47      4  3  2  6     3.984E+08       2.964
  49      4  3  4  8     2.393E+08       3.240
  50      5  0  0  5     1.402E+08       2.866
  53      5  0  2  7     4.136E+08       3.165
  56      5  0  4  9     3.037E+08       3.468
  57      5  3  0  5    -1.729E+07       2.783
  62      5  3  2  7    -2.297E+07       2.769
  64      6  0  0  6     8.431E+07       3.110
  66      6  0  2  8     3.812E+08       3.497
  67      6  0  4 10     1.869E+08       3.628
  68      6  3  0  6    -2.702E+08       3.110
  71      6  3  2  8    -1.022E+09       3.424
  72      6  3  4 10    -1.272E+09       3.817
  73      6  6  0  6     3.180E+08       3.154
  77      6  6  2  8     1.099E+09       3.433
  78      6  6  4 10     1.563E+09       3.858
  79      7  0  0  7    -1.814E+08       3.357
  82      7  0  2  9    -8.081E+08       3.684
  83      7  0  4 11    -1.388E+09       4.121
  84      7  3  0  7    -2.386E+08       3.409
  85      7  3  2  9    -1.352E+09       3.799
  86      7  3  4 11    -1.401E+09       4.091
  87      7  6  0  7     5.136E+08       3.398
  90      7  6  2  9     2.166E+09       3.692
  91      7  6  4 11     3.586E+09       4.118
  92      8  0  0  8    -3.361E+08       3.633
  93      8  0  2 10    -1.879E+09       3.992
  94      8  0  4 12    -3.070E+09       4.369
  95      8  3  0  8     2.280E+08       3.527
  97      8  3  2 10     1.459E+09       3.917
  98      8  3  4 12     3.818E+09       4.429
  99      8  6  0  8     1.095E+08       3.485
 100      8  6  2 10     1.701E+09       4.126
 101      8  6  4 12     3.271E+09       4.519
 103      9  3  0  9     4.059E+08       3.724
 104      9  3  2 11     4.234E+09       4.224
 105      9  3  4 13     1.235E+10       4.734
 106      9  6  0  9    -5.357E+08       3.851
 107      9  6  2 11    -2.882E+09       4.145
 108      9  6  4 13    -7.636E+09       4.645
 109      9  9  0  9     7.826E+08       3.911
 111      9  9  2 11     4.486E+09       4.214
 112      9  9  4 13     1.015E+10       4.666
 114     10  0  2 12     4.838E+09       4.494
 115     10  6  0 10    -6.708E+08       4.037
 116     10  6  2 12    -7.851E+09       4.529
 117     10  9  0 10     8.766E+08       4.015
 118     10  9  2 12     8.863E+09       4.464
 119     10  9  4 14     2.913E+10     
 Long range extrapolation:
 itt         Vxxxx           Coeff   1/R Power
   1      0  0  0  0    -2.228E+08       6.270
   2      0  0  2  2    -3.971E+07       6.755
   6      1  0  2  3     7.537E+05       3.989
   9      2  0  0  2    -7.962E+07       7.241
  12      2  0  2  4    -5.154E+06       4.996
  16      3  0  0  3     1.208E+08       7.478
  19      3  0  2  5    -5.769E+06       5.877
  24      3  3  0  3    -2.566E+08       7.789
  29      3  3  2  5     1.243E+07       5.933
  47      4  3  2  6     3.156E+07       6.924
      10 terms extrapolated at long range
 
 Monitor exponential short range extrapolation
 Select terms above TRES =    3.00E+03  at R=   3.000
 itt         Vxxxx           Coeff   Exp fact.
   1      0  0  0  0     6.245E+07       1.657
   2      0  0  2  2     2.925E+07       2.106
   3      0  0  4  4     5.588E+06       2.292
   4      1  0  0  1     1.752E+07       1.830
   5      1  0  2  1    -3.154E+06       2.198
   6      1  0  2  3     1.163E+07       2.006
   9      2  0  0  2    -5.198E+07       2.173
  12      2  0  2  4    -2.834E+07       2.139
  15      2  0  4  6    -1.287E+07       2.542
  16      3  0  0  3    -3.171E+07       2.025
  18      3  0  2  3     1.369E+07       2.622
  19      3  0  2  5    -1.258E+08       2.701
  23      3  0  4  7    -3.103E+07       2.784
  24      3  3  0  3     5.468E+07       2.018
  27      3  3  2  3    -2.414E+07       2.630
  29      3  3  2  5     2.051E+08       2.673
  34      3  3  4  7     1.104E+08       2.982
  35      4  0  0  4     1.335E+07       2.526
  38      4  0  2  6     2.805E+07       2.762
  42      4  3  0  4     1.032E+08       2.472
  45      4  3  2  4    -1.659E+07       2.658
  47      4  3  2  6     3.984E+08       2.964
  49      4  3  4  8     2.393E+08       3.240
  50      5  0  0  5     1.402E+08       2.866
  53      5  0  2  7     4.136E+08       3.165
  56      5  0  4  9     3.037E+08       3.468
  57      5  3  0  5    -1.729E+07       2.783
  62      5  3  2  7    -2.297E+07       2.769
  64      6  0  0  6     8.431E+07       3.110
  66      6  0  2  8     3.812E+08       3.497
  67      6  0  4 10     1.869E+08       3.628
  68      6  3  0  6    -2.702E+08       3.110
  71      6  3  2  8    -1.022E+09       3.424
  72      6  3  4 10    -1.272E+09       3.817
  73      6  6  0  6     3.180E+08       3.154
  77      6  6  2  8     1.099E+09       3.433
  78      6  6  4 10     1.563E+09       3.858
  79      7  0  0  7    -1.814E+08       3.357
  82      7  0  2  9    -8.081E+08       3.684
  83      7  0  4 11    -1.388E+09       4.121
  84      7  3  0  7    -2.386E+08       3.409
  85      7  3  2  9    -1.352E+09       3.799
  86      7  3  4 11    -1.401E+09       4.091
  87      7  6  0  7     5.136E+08       3.398
  90      7  6  2  9     2.166E+09       3.692
  91      7  6  4 11     3.586E+09       4.118
  92      8  0  0  8    -3.361E+08       3.633
  93      8  0  2 10    -1.879E+09       3.992
  94      8  0  4 12    -3.070E+09       4.369
  95      8  3  0  8     2.280E+08       3.527
  97      8  3  2 10     1.459E+09       3.917
  98      8  3  4 12     3.818E+09       4.429
  99      8  6  0  8     1.095E+08       3.485
 100      8  6  2 10     1.701E+09       4.126
 101      8  6  4 12     3.271E+09       4.519
 103      9  3  0  9     4.059E+08       3.724
 104      9  3  2 11     4.234E+09       4.224
 105      9  3  4 13     1.235E+10       4.734
 106      9  6  0  9    -5.357E+08       3.851
 107      9  6  2 11    -2.882E+09       4.145
 108      9  6  4 13    -7.636E+09       4.645
 109      9  9  0  9     7.826E+08       3.911
 111      9  9  2 11     4.486E+09       4.214
 112      9  9  4 13     1.015E+10       4.666
 114     10  0  2 12     4.838E+09       4.494
 115     10  6  0 10    -6.708E+08       4.037
 116     10  6  2 12    -7.851E+09       4.529
 117     10  9  0 10     8.766E+08       4.015
 118     10  9  2 12     8.863E+09       4.464
 119     10  9  4 14     2.913E+10       4.971
 120     11  3  2 13    -1.087E+10       4.773
 
     Dist      Iso 
 Long range extrapolation:
 itt         Vxxxx           Coeff   1/R Power
   1      0  0  0  0    -2.228E+08       6.270
   2      0  0  2  2    -3.971E+07       6.755
   6      1  0  2  3     7.537E+05       3.989
   9      2  0  0  2    -7.962E+07       7.241
  12      2  0  2  4    -5.154E+06       4.996
  16      3  0  0  3     1.208E+08       7.478
  19      3  0  2  5    -5.769E+06       5.877
  24      3  3  0  3    -2.566E+08       7.789
  29      3  3  2  5     1.243E+07       5.933
  47      4  3  2  6     3.156E+07       6.924
      10 terms extrapolated at long range
 
 Monitor exponential short range extrapolation
 Select terms above TRES =    3.00E+03  at R=   3.000
 itt         Vxxxx           Coeff   Exp fact.
   1      0  0  0  0     6.245E+07       1.657
   2      0  0  2  2     2.925E+07       2.106
   3      0  0  4  4     5.588E+06       2.292
   4      1  0  0  1     1.752E+07       1.830
   5      1  0  2  1    -3.154E+06       2.198
   6      1  0  2  3     1.163E+07       2.006
   9      2  0  0  2    -5.198E+07       2.173
  12      2  0  2  4    -2.834E+07       2.139
  15      2  0  4  6    -1.287E+07       2.542
  16      3  0  0  3    -3.171E+07       2.025
  18      3  0  2  3     1.369E+07       2.622
  19      3  0  2  5    -1.258E+08       2.701
  23      3  0  4  7    -3.103E+07       2.784
  24      3  3  0  3     5.468E+07       2.018
  27      3  3  2  3    -2.414E+07       2.630
  29      3  3  2  5     2.051E+08       2.673
  34      3  3  4  7     1.104E+08       2.982
  35      4  0  0  4     1.335E+07       2.526
  38      4  0  2  6     2.805E+07       2.762
  42      4  3  0  4     1.032E+08       2.472
  45      4  3  2  4    -1.659E+07       2.658
  47      4  3  2  6     3.984E+08       2.964
  49      4  3  4  8     2.393E+08       3.240
  50      5  0  0  5     1.402E+08       2.866
  53      5  0  2  7     4.136E+08       3.165
  56      5  0  4  9     3.037E+08       3.468
  57      5  3  0  5    -1.729E+07       2.783
  62      5  3  2  7    -2.297E+07       2.769
  64      6  0  0  6     8.431E+07       3.110
  66      6  0  2  8     3.812E+08       3.497
  67      6  0  4 10     1.869E+08       3.628
  68      6  3  0  6    -2.702E+08       3.110
  71      6  3  2  8    -1.022E+09       3.424
  72      6  3  4 10    -1.272E+09       3.817
  73      6  6  0  6     3.180E+08       3.154
  77      6  6  2  8     1.099E+09       3.433
  78      6  6  4 10     1.563E+09       3.858
  79      7  0  0  7    -1.814E+08       3.357
  82      7  0  2  9    -8.081E+08       3.684
  83      7  0  4 11    -1.388E+09       4.121
  84      7  3  0  7    -2.386E+08       3.409
  85      7  3  2  9    -1.352E+09       3.799
  86      7  3  4 11    -1.401E+09       4.091
  87      7  6  0  7     5.136E+08       3.398
  90      7  6  2  9     2.166E+09       3.692
  91      7  6  4 11     3.586E+09       4.118
  92      8  0  0  8    -3.361E+08       3.633
  93      8  0  2 10    -1.879E+09       3.992
  94      8  0  4 12    -3.070E+09       4.369
  95      8  3  0  8     2.280E+08       3.527
  97      8  3  2 10     1.459E+09       3.917
  98      8  3  4 12     3.818E+09       4.429
  99      8  6  0  8     1.095E+08       3.485
 100      8  6  2 10     1.701E+09       4.126
 101      8  6  4 12     3.271E+09       4.519
 103      9  3  0  9     4.059E+08       3.724
 104      9  3  2 11     4.234E+09       4.224
 105      9  3  4 13     1.235E+10       4.734
 106      9  6  0  9    -5.357E+08       3.851
 107      9  6  2 11    -2.882E+09       4.145
 108      9  6  4 13    -7.636E+09       4.645
 109      9  9  0  9     7.826E+08       3.911
 111      9  9  2 11     4.486E+09       4.214
 112      9  9  4 13     1.015E+10       4.666
 114     10  0  2 12     4.838E+09       4.494
 115     10  6  0 10    -6.708E+08       4.037
 116     10  6  2 12    -7.851E+09       4.529
 117     10  9  0 10     8.766E+08       4.015
 118     10  9  2 12     8.863E+09       4.464
 119     10  9  4 14     2.913E+10       4.971
 120     11  3  2 13    -1.087E+10       4.773
 
     Dist      Iso 
 Long range extrapolation:
 itt         Vxxxx           Coeff   1/R Power
   1      0  0  0  0    -2.228E+08       6.270
   2      0  0  2  2    -3.971E+07       6.755
   6      1  0  2  3     7.537E+05       3.989
   9      2  0  0  2    -7.962E+07       7.241
  12      2  0  2  4    -5.154E+06       4.996
  16      3  0  0  3     1.208E+08       7.478
  19      3  0  2  5    -5.769E+06       5.877
  24      3  3  0  3    -2.566E+08       7.789
  29      3  3  2  5     1.243E+07       5.933
  47      4  3  2  6     3.156E+07       6.924
      10 terms extrapolated at long range
 
 Monitor exponential short range extrapolation
 Select terms above TRES =    3.00E+03  at R=   3.000
 itt         Vxxxx           Coeff   Exp fact.
   1      0  0  0  0     6.245E+07       1.657
   2      0  0  2  2     2.925E+07       2.106
   3      0  0  4  4     5.588E+06       2.292
   4      1  0  0  1     1.752E+07       1.830
   5      1  0  2  1    -3.154E+06       2.198
   6      1  0  2  3     1.163E+07       2.006
   9      2  0  0  2    -5.198E+07       2.173
  12      2  0  2  4    -2.834E+07       2.139
  15      2  0  4  6    -1.287E+07       2.542
  16      3  0  0  3    -3.171E+07       2.025
  18      3  0  2  3     1.369E+07       2.622
  19      3  0  2  5    -1.258E+08       2.701
  23      3  0  4  7    -3.103E+07       2.784
  24      3  3  0  3     5.468E+07       2.018
  27      3  3  2  3    -2.414E+07       2.630
  29      3  3  2  5     2.051E+08       2.673
  34      3  3  4  7     1.104E+08       2.982
  35      4  0  0  4     1.335E+07       2.526
  38      4  0  2  6     2.805E+07       2.762
  42      4  3  0  4     1.032E+08       2.472
  45      4  3  2  4    -1.659E+07       2.658
  47      4  3  2  6     3.984E+08       2.964
  49      4  3  4  8     2.393E+08       3.240
  50      5  0  0  5     1.402E+08       2.866
  53      5  0  2  7     4.136E+08       3.165
  56      5  0  4  9     3.037E+08       3.468
  57      5  3  0  5    -1.729E+07       2.783
  62      5  3  2  7    -2.297E+07       2.769
  64      6  0  0  6     8.431E+07       3.110
  66      6  0  2  8     3.812E+08       3.497
  67      6  0  4 10     1.869E+08       3.628
  68      6  3  0  6    -2.702E+08       3.110
  71      6  3  2  8    -1.022E+09       3.424
  72      6  3  4 10    -1.272E+09       3.817
  73      6  6  0  6     3.180E+08       3.154
  77      6  6  2  8     1.099E+09       3.433
  78      6  6  4 10     1.563E+09       3.858
  79      7  0  0  7    -1.814E+08       3.357
  82      7  0  2  9    -8.081E+08       3.684
  83      7  0  4 11    -1.388E+09       4.121
  84      7  3  0  7    -2.386E+08       3.409
  85      7  3  2  9    -1.352E+09       3.799
  86      7  3  4 11    -1.401E+09       4.091
  87      7  6  0  7     5.136E+08       3.398
  90      7  6  2  9     2.166E+09       3.692
  91      7  6  4 11     3.586E+09       4.118
  92      8  0  0  8    -3.361E+08       3.633
  93      8  0  2 10    -1.879E+09       3.992
  94      8  0  4 12    -3.070E+09       4.369
  95      8  3  0  8     2.280E+08       3.527
  97      8  3  2 10     1.459E+09       3.917
  98      8  3  4 12     3.818E+09       4.429
  99      8  6  0  8     1.095E+08       3.485
 100      8  6  2 10     1.701E+09       4.126
 101      8  6  4 12     3.271E+09       4.519
 103      9  3  0  9     4.059E+08       3.724
 104      9  3  2 11     4.234E+09       4.224
 105      9  3  4 13     1.235E+10       4.734
 106      9  6  0  9    -5.357E+08       3.851
 107      9  6  2 11    -2.882E+09       4.145
 108      9  6  4 13    -7.636E+09       4.645
 109      9  9  0  9     7.826E+08       3.911
 111      9  9  2 11     4.486E+09       4.214
 112      9  9  4 13     1.015E+10       4.666
 114     10  0  2 12     4.838E+09       4.494
 115     10  6  0 10    -6.708E+08       4.037
 116     10  6  2 12    -7.851E+09       4.529
 117     10  9  0 10     8.766E+08       4.015
 118     10  9  2 12     8.863E+09       4.464
 119     10  9  4 14     2.913E+10       4.971
 120     11  3  2 13    -1.087E+10       4.773
 
     Dist      Iso 
 Long range extrapolation:
 itt         Vxxxx           Coeff   1/R Power
   1      0  0  0  0    -2.228E+08       6.270
   2      0  0  2  2    -3.971E+07       6.755
   6      1  0  2  3     7.537E+05       3.989
   9      2  0  0  2    -7.962E+07       7.241
  12      2  0  2  4    -5.154E+06       4.996
  16      3  0  0  3     1.208E+08       7.478
  19      3  0  2  5    -5.769E+06       5.877
  24      3  3  0  3    -2.566E+08       7.789
  29      3  3  2  5     1.243E+07       5.933
  47      4  3  2  6     3.156E+07       6.924
      10 terms extrapolated at long range
 
 Monitor exponential short range extrapolation
 Select terms above TRES =    3.00E+03  at R=   3.000
 itt         Vxxxx           Coeff   Exp fact.
   1      0  0  0  0     6.245E+07       1.657
   2      0  0  2  2     2.925E+07       2.106
   3      0  0  4  4     5.588E+06       2.292
   4      1  0  0  1     1.752E+07       1.830
   5      1  0  2  1    -3.154E+06       2.198
   6      1  0  2  3     1.163E+07       2.006
   9      2  0  0  2    -5.198E+07       2.173
  12      2  0  2  4    -2.834E+07       2.139
  15      2  0  4  6    -1.287E+07       2.542
  16      3  0  0  3    -3.171E+07       2.025
  18      3  0  2  3     1.369E+07       2.622
  19      3  0  2  5    -1.258E+08       2.701
  23      3  0  4  7    -3.103E+07       2.784
  24      3  3  0  3     5.468E+07       2.018
  27      3  3  2  3    -2.414E+07       2.630
  29      3  3  2  5     2.051E+08       2.673
  34      3  3  4  7     1.104E+08       2.982
  35      4  0  0  4     1.335E+07       2.526
  38      4  0  2  6     2.805E+07       2.762
  42      4  3  0  4     1.032E+08       2.472
  45      4  3  2  4    -1.659E+07       2.658
  47      4  3  2  6     3.984E+08       2.964
  49      4  3  4  8     2.393E+08       3.240
  50      5  0  0  5     1.402E+08       2.866
  53      5  0  2  7     4.136E+08       3.165
  56      5  0  4  9     3.037E+08       3.468
  57      5  3  0  5    -1.729E+07       2.783
  62      5  3  2  7    -2.297E+07       2.769
  64      6  0  0  6     8.431E+07       3.110
  66      6  0  2  8     3.812E+08       3.497
  67      6  0  4 10     1.869E+08       3.628
  68      6  3  0  6    -2.702E+08       3.110
  71      6  3  2  8    -1.022E+09       3.424
  72      6  3  4 10    -1.272E+09       3.817
  73      6  6  0  6     3.180E+08       3.154
  77      6  6  2  8     1.099E+09       3.433
  78      6  6  4 10     1.563E+09       3.858
  79      7  0  0  7    -1.814E+08       3.357
  82      7  0  2  9    -8.081E+08       3.684
  83      7  0  4 11    -1.388E+09       4.121
  84      7  3  0  7    -2.386E+08       3.409
  85      7  3  2  9    -1.352E+09       3.799
  86      7  3  4 11    -1.401E+09       4.091
  87      7  6  0  7     5.136E+08       3.398
  90      7  6  2  9     2.166E+09       3.692
  91      7  6  4 11     3.586E+09       4.118
  92      8  0  0  8    -3.361E+08       3.633
  93      8  0  2 10    -1.879E+09       3.992
  94      8  0  4 12    -3.070E+09       4.369
  95      8  3  0  8     2.280E+08       3.527
  97      8  3  2 10     1.459E+09       3.917
  98      8  3  4 12     3.818E+09       4.429
  99      8  6  0  8     1.095E+08       3.485
 100      8  6  2 10     1.701E+09       4.126
 101      8  6  4 12     3.271E+09       4.519
 103      9  3  0  9     4.059E+08       3.724
 104      9  3  2 11     4.234E+09       4.224
 105      9  3  4 13     1.235E+10       4.734
 106      9  6  0  9    -5.357E+08       3.851
 107      9  6  2 11    -2.882E+09       4.145
 108      9  6  4 13    -7.636E+09       4.645
 109      9  9  0  9     7.826E+08       3.911
 111      9  9  2 11     4.486E+09       4.214
 112      9  9  4 13     1.015E+10       4.666
 114     10  0  2 12     4.838E+09       4.494
 115     10  6  0 10    -6.708E+08       4.037
 116     10  6  2 12    -7.851E+09       4.529
 117     10  9  0 10     8.766E+08       4.015
 118     10  9  2 12     8.863E+09       4.464
 119     10  9  4 14     2.913E+10       4.971
 120     11  3  2 13    -1.087E+10       4.773
 
     Dist      Iso 
 Long range extrapolation:
 itt         Vxxxx           Coeff   1/R Power
   1      0  0  0  0    -2.228E+08       6.270
   2      0  0  2  2    -3.971E+07       6.755
   6      1  0  2  3     7.537E+05       3.989
   9      2  0  0  2    -7.962E+07       7.241
  12      2  0  2  4    -5.154E+06       4.996
  16      3  0  0  3     1.208E+08       7.478
  19      3  0  2  5    -5.769E+06       5.877
  24      3  3  0  3    -2.566E+08       7.789
  29      3  3  2  5     1.243E+07       5.933
  47      4  3  2  6     3.156E+07       6.924
      10 terms extrapolated at long range
 
 Monitor exponential short range extrapolation
 Select terms above TRES =    3.00E+03  at R=   3.000
 itt         Vxxxx           Coeff   Exp fact.
   1      0  0  0  0     6.245E+07       1.657
   2      0  0  2  2     2.925E+07       2.106
   3      0  0  4  4     5.588E+06       2.292
   4      1  0  0  1     1.752E+07       1.830
   5      1  0  2  1    -3.154E+06       2.198
   6      1  0  2  3     1.163E+07       2.006
   9      2  0  0  2    -5.198E+07       2.173
  12      2  0  2  4    -2.834E+07       2.139
  15      2  0  4  6    -1.287E+07       2.542
  16      3  0  0  3    -3.171E+07       2.025
  18      3  0  2  3     1.369E+07       2.622
  19      3  0  2  5    -1.258E+08       2.701
  23      3  0  4  7    -3.103E+07       2.784
  24      3  3  0  3     5.468E+07       2.018
  27      3  3  2  3    -2.414E+07       2.630
  29      3  3  2  5     2.051E+08       2.673
  34      3  3  4  7     1.104E+08       2.982
  35      4  0  0  4     1.335E+07       2.526
  38      4  0  2  6     2.805E+07       2.762
  42      4  3  0  4     1.032E+08       2.472
  45      4  3  2  4    -1.659E+07       2.658
  47      4  3  2  6     3.984E+08       2.964
  49      4  3  4  8     2.393E+08       3.240
  50      5  0  0  5     1.402E+08       2.866
  53      5  0  2  7     4.136E+08       3.165
  56      5  0  4  9     3.037E+08       3.468
  57      5  3  0  5    -1.729E+07       2.783
  62      5  3  2  7    -2.297E+07       2.769
  64      6  0  0  6     8.431E+07       3.110
  66      6  0  2  8     3.812E+08       3.497
  67      6  0  4 10     1.869E+08       3.628
  68      6  3  0  6    -2.702E+08       3.110
  71      6  3  2  8    -1.022E+09       3.424
  72      6  3  4 10    -1.272E+09       3.817
  73      6  6  0  6     3.180E+08       3.154
  77      6  6  2  8     1.099E+09       3.433
  78      6  6  4 10     1.563E+09       3.858
  79      7  0  0  7    -1.814E+08       3.357
  82      7  0  2  9    -8.081E+08       3.684
  83      7  0  4 11    -1.388E+09       4.121
  84      7  3  0  7    -2.386E+08       3.409
  85      7  3  2  9    -1.352E+09       3.799
  86      7  3  4 11    -1.401E+09       4.091
  87      7  6  0  7     5.136E+08       3.398
  90      7  6  2  9     2.166E+09       3.692
  91      7  6  4 11     3.586E+09       4.118
  92      8  0  0  8    -3.361E+08       3.633
  93      8  0  2 10    -1.879E+09       3.992
  94      8  0  4 12    -3.070E+09       4.369
  95      8  3  0  8     2.280E+08       3.527
  97      8  3  2 10     1.459E+09       3.917
  98      8  3  4 12     3.818E+09       4.429
  99      8  6  0  8     1.095E+08       3.485
 100      8  6  2 10     1.701E+09       4.126
 101      8  6  4 12     3.271E+09       4.519
 103      9  3  0  9     4.059E+08       3.724
 104      9  3  2 11     4.234E+09       4.224
 105      9  3  4 13     1.235E+10       4.734
 106      9  6  0  9    -5.357E+08       3.851
 107      9  6  2 11    -2.882E+09       4.145
 108      9  6  4 13    -7.636E+09       4.645
 109      9  9  0  9     7.826E+08       3.911
 111      9  9  2 11     4.486E+09       4.214
 112      9  9  4 13     1.015E+10       4.666
 114     10  0  2 12     4.838E+09       4.494
 115     10  6  0 10    -6.708E+08       4.037
 116     10  6  2 12    -7.851E+09       4.529
 117     10  9  0 10     8.766E+08       4.015
 118     10  9  2 12     8.863E+09       4.464
 119     10  9  4 14     2.913E+10       4.971
 120     11  3  2 13    -1.087E+10       4.773
 
     Dist      Iso 
 Initialization done.
 
 NLAM         120
 
 Long range extrapolation:
 itt         Vxxxx           Coeff   1/R Power
   1      0  0  0  0    -2.228E+08       6.270
   2      0  0  2  2    -3.971E+07       6.755
   6      1  0  2  3     7.537E+05       3.989
   9      2  0  0  2    -7.962E+07       7.241
  12      2  0  2  4    -5.154E+06       4.996
  16      3  0  0  3     1.208E+08       7.478
  19      3  0  2  5    -5.769E+06       5.877
  24      3  3  0  3    -2.566E+08       7.789
  29      3  3  2  5     1.243E+07       5.933
  47      4  3  2  6     3.156E+07       6.924
      10 terms extrapolated at long range
 
 Monitor exponential short range extrapolation
 Select terms above TRES =    3.00E+03  at R=   3.000
 itt         Vxxxx           Coeff   Exp fact.
   1      0  0  0  0     6.245E+07       1.657
   2      0  0  2  2     2.925E+07       2.106
   3      0  0  4  4     5.588E+06       2.292
   4      1  0  0  1     1.752E+07       1.830
   5      1  0  2  1    -3.154E+06       2.198
   6      1  0  2  3     1.163E+07       2.006
   9      2  0  0  2    -5.198E+07       2.173
  12      2  0  2  4    -2.834E+07       2.139
  15      2  0  4  6    -1.287E+07       2.542
  16      3  0  0  3    -3.171E+07       2.025
  18      3  0  2  3     1.369E+07       2.622
  19      3  0  2  5    -1.258E+08       2.701
  23      3  0  4  7    -3.103E+07       2.784
  24      3  3  0  3     5.468E+07       2.018
  27      3  3  2  3    -2.414E+07       2.630
  29      3  3  2  5     2.051E+08       2.673
  34      3  3  4  7     1.104E+08       2.982
  35      4  0  0  4     1.335E+07       2.526
  38      4  0  2  6     2.805E+07       2.762
  42      4  3  0  4     1.032E+08       2.472
  45      4  3  2  4    -1.659E+07       2.658
  47      4  3  2  6     3.984E+08       2.964
  49      4  3  4  8     2.393E+08       3.240
  50      5  0  0  5     1.402E+08       2.866
  53      5  0  2  7     4.136E+08       3.165
  56      5  0  4  9     3.037E+08       3.468
  57      5  3  0  5    -1.729E+07       2.783
  62      5  3  2  7    -2.297E+07       2.769
  64      6  0  0  6     8.431E+07       3.110
  66      6  0  2  8     3.812E+08       3.497
  67      6  0  4 10     1.869E+08       3.628
  68      6  3  0  6    -2.702E+08       3.110
  71      6  3  2  8    -1.022E+09       3.424
  72      6  3  4 10    -1.272E+09       3.817
  73      6  6  0  6     3.180E+08       3.154
  77      6  6  2  8     1.099E+09       3.433
  78      6  6  4 10     1.563E+09       3.858
  79      7  0  0  7    -1.814E+08       3.357
  82      7  0  2  9    -8.081E+08       3.684
  83      7  0  4 11    -1.388E+09       4.121
  84      7  3  0  7    -2.386E+08       3.409
  85      7  3  2  9    -1.352E+09       3.799
  86      7  3  4 11    -1.401E+09       4.091
  87      7  6  0  7     5.136E+08       3.398
  90      7  6  2  9     2.166E+09       3.692
  91      7  6  4 11     3.586E+09       4.118
  92      8  0  0  8    -3.361E+08       3.633
  93      8  0  2 10    -1.879E+09       3.992
  94      8  0  4 12    -3.070E+09       4.369
  95      8  3  0  8     2.280E+08       3.527
  97      8  3  2 10     1.459E+09       3.917
  98      8  3  4 12     3.818E+09       4.429
  99      8  6  0  8     1.095E+08       3.485
 100      8  6  2 10     1.701E+09       4.126
 101      8  6  4 12     3.271E+09       4.519
 103      9  3  0  9     4.059E+08       3.724
 104      9  3  2 11     4.234E+09       4.224
 105      9  3  4 13     1.235E+10       4.734
 106      9  6  0  9    -5.357E+08       3.851
 107      9  6  2 11    -2.882E+09       4.145
 108      9  6  4 13    -7.636E+09       4.645
 109      9  9  0  9     7.826E+08       3.911
 111      9  9  2 11     4.486E+09       4.214
 112      9  9  4 13     1.015E+10       4.666
 114     10  0  2 12     4.838E+09       4.494
 115     10  6  0 10    -6.708E+08       4.037
 116     10  6  2 12    -7.851E+09       4.529
 117     10  9  0 10     8.766E+08       4.015
 118     10  9  2 12     8.863E+09       4.464
 119     10  9  4 14     2.913E+10       4.971
 120     11  3  2 13    -1.087E+10       4.773
 
     Dist      Iso 
 Long range extrapolation:
 itt         Vxxxx           Coeff   1/R Power
   1      0  0  0  0    -2.228E+08       6.270
   2      0  0  2  2    -3.971E+07       6.755
   6      1  0  2  3     7.537E+05       3.989
   9      2  0  0  2    -7.962E+07       7.241
  12      2  0  2  4    -5.154E+06       4.996
  16      3  0  0  3     1.208E+08       7.478
  19      3  0  2  5    -5.769E+06       5.877
  24      3  3  0  3    -2.566E+08       7.789
  29      3  3  2  5     1.243E+07       5.933
  47      4  3  2  6     3.156E+07       6.924
      10 terms extrapolated at long range
 
 Monitor exponential short range extrapolation
 Select terms above TRES =    3.00E+03  at R=   3.000
 itt         Vxxxx           Coeff   Exp fact.
   1      0  0  0  0     6.245E+07       1.657
   2      0  0  2  2     2.925E+07       2.106
   3      0  0  4  4     5.588E+06       2.292
   4      1  0  0  1     1.752E+07       1.830
   5      1  0  2  1    -3.154E+06       2.198
   6      1  0  2  3     1.163E+07       2.006
   9      2  0  0  2    -5.198E+07       2.173
  12      2  0  2  4    -2.834E+07       2.139
  15      2  0  4  6    -1.287E+07       2.542
  16      3  0  0  3    -3.171E+07       2.025
  18      3  0  2  3     1.369E+07       2.622
  19      3  0  2  5    -1.258E+08       2.701
  23      3  0  4  7    -3.103E+07       2.784
  24      3  3  0  3     5.468E+07       2.018
  27      3  3  2  3    -2.414E+07       2.630
  29      3  3  2  5     2.051E+08       2.673
  34      3  3  4  7     1.104E+08       2.982
  35      4  0  0  4     1.335E+07       2.526
  38      4  0  2  6     2.805E+07       2.762
  42      4  3  0  4     1.032E+08       2.472
  45      4  3  2  4    -1.659E+07       2.658
  47      4  3  2  6     3.984E+08       2.964
  49      4  3  4  8     2.393E+08       3.240
  50      5  0  0  5     1.402E+08       2.866
  53      5  0  2  7     4.136E+08       3.165
  56      5  0  4  9     3.037E+08       3.468
  57      5  3  0  5    -1.729E+07       2.783
  62      5  3  2  7    -2.297E+07       2.769
  64      6  0  0  6     8.431E+07       3.110
  66      6  0  2  8     3.812E+08       3.497
  67      6  0  4 10     1.869E+08       3.628
  68      6  3  0  6    -2.702E+08       3.110
  71      6  3  2  8    -1.022E+09       3.424
  72      6  3  4 10    -1.272E+09       3.817
  73      6  6  0  6     3.180E+08       3.154
  77      6  6  2  8     1.099E+09       3.433
  78      6  6  4 10     1.563E+09       3.858
  79      7  0  0  7    -1.814E+08       3.357
  82      7  0  2  9    -8.081E+08       3.684
  83      7  0  4 11    -1.388E+09       4.121
  84      7  3  0  7    -2.386E+08       3.409
  85      7  3  2  9    -1.352E+09       3.799
  86      7  3  4 11    -1.401E+09       4.091
  87      7  6  0  7     5.136E+08       3.398
  90      7  6  2  9     2.166E+09       3.692
  91      7  6  4 11     3.586E+09       4.118
  92      8  0  0  8    -3.361E+08       3.633
  93      8  0  2 10    -1.879E+09       3.992
  94      8  0  4 12    -3.070E+09       4.369
  95      8  3  0  8     2.280E+08       3.527
  97      8  3  2 10     1.459E+09       3.917
  98      8  3  4 12     3.818E+09       4.429
  99      8  6  0  8     1.095E+08       3.485
 100      8  6  2 10     1.701E+09       4.126
 101      8  6  4 12     3.271E+09       4.519
 103      9  3  0  9     4.059E+08       3.724
 104      9  3  2 11     4.234E+09       4.224
 105      9  3  4 13     1.235E+10       4.734
 106      9  6  0  9    -5.357E+08       3.851
 107      9  6  2 11    -2.882E+09       4.145
 108      9  6  4 13    -7.636E+09       4.645
 109      9  9  0  9     7.826E+08       3.911
 111      9  9  2 11     4.486E+09       4.214
 112      9  9  4 13     1.015E+10       4.666
 114     10  0  2 12     4.838E+09       4.494
 115     10  6  0 10    -6.708E+08       4.037
 116     10  6  2 12    -7.851E+09       4.529
 117     10  9  0 10     8.766E+08       4.015
 118     10  9  2 12     8.863E+09       4.464
 119     10  9  4 14     2.913E+10       4.971
 120     11  3  2 13    -1.087E+10       4.773
 
     Dist      Iso 
 Initialization done.
 
 NLAM         120
   4.971
 120     11  3  2 13    -1.087E+10       4.773
 
     Dist      Isotropic   Sigma(Aniso)    Ratio
     2.000     2.270E+06     3.564E+07     15.70
     2.100     1.923E+06     2.485E+07     12.92
     2.200     1.630E+06     1.745E+07     10.71
     2.300     1.381E+06     1.235E+07      8.94
     2.400     1.170E+06     8.803E+06      7.52
     2.500     9.912E+05     6.325E+06      6.38
     2.600     8.398E+05     4.579E+06      5.45
     2.700     7.115E+05     3.341E+06      4.70
     2.800     6.029E+05     2.456E+06      4.07
     2.900     5.108E+05     1.819E+06      3.56
     3.000     4.328E+05     1.356E+06      3.13
     3.100     3.667E+05     1.019E+06      2.78
     3.200     3.107E+05     7.700E+05      2.48
     3.300     2.632E+05     5.856E+05      2.22
     3.400     2.230E+05     4.480E+05      2.01
     3.500     1.890E+05     3.446E+05      1.82
 ==> Anisotropic terms may be large at shortest range;
 ==> Blind extrapolation of anisotropic terms is DANGEROUS;
 ==> Set up a more secure proportional extrapolation scheme.
 
 Set up smooth transition domains...
 Anisotropy fraction kept at shorter range     1.000
 Left  domain     3.000  ->      3.500
 Right domain    14.000  ->     15.000
   4.971
 120     11  3  2 13    -1.087E+10       4.773
 
     Dist      Isotropic   Sigma(Aniso)    Ratio
     2.000     2.270E+06     3.564E+07     15.70
     2.100     1.923E+06     2.485E+07     12.92
     2.200     1.630E+06     1.745E+07     10.71
     2.300     1.381E+06     1.235E+07      8.94
     2.400     1.170E+06     8.803E+06      7.52
     2.500     9.912E+05     6.325E+06      6.38
     2.600     8.398E+05     4.579E+06      5.45
     2.700     7.115E+05     3.341E+06      4.70
     2.800     6.029E+05     2.456E+06      4.07
     2.900     5.108E+05     1.819E+06      3.56
     3.000     4.328E+05     1.356E+06      3.13
     3.100     3.667E+05     1.019E+06      2.78
     3.200     3.107E+05     7.700E+05      2.48
     3.300     2.632E+05     5.856E+05      2.22
     3.400     2.230E+05     4.480E+05      2.01
     3.500     1.890E+05     3.446E+05      1.82
 ==> Anisotropic terms may be large at shortest range;
 ==> Blind extrapolation of anisotropic terms is DANGEROUS;
 ==> Set up a more secure proportional extrapolation scheme.
 
 Set up smooth transition domains...
 Anisotropy fraction kept at shorter range     1.000
 Left  domain     3.000  ->      3.500
 Right domain    14.000  ->     15.000
   4.971
 120     11  3  2 13    -1.087E+10       4.773
 
     Dist      Isotropic   Sigma(Aniso)    Ratio
     2.000     2.270E+06     3.564E+07     15.70
     2.100     1.923E+06     2.485E+07     12.92
     2.200     1.630E+06     1.745E+07     10.71
     2.300     1.381E+06     1.235E+07      8.94
     2.400     1.170E+06     8.803E+06      7.52
     2.500     9.912E+05     6.325E+06      6.38
     2.600     8.398E+05     4.579E+06      5.45
     2.700     7.115E+05     3.341E+06      4.70
     2.800     6.029E+05     2.456E+06      4.07
     2.900     5.108E+05     1.819E+06      3.56
     3.000     4.328E+05     1.356E+06      3.13
     3.100     3.667E+05     1.019E+06      2.78
     3.200     3.107E+05     7.700E+05      2.48
     3.300     2.632E+05     5.856E+05      2.22
     3.400     2.230E+05     4.480E+05      2.01
     3.500     1.890E+05     3.446E+05      1.82
 ==> Anisotropic terms may be large at shortest range;
 ==> Blind extrapolation of anisotropic terms is DANGEROUS;
 ==> Set up a more secure proportional extrapolation scheme.
 
 Set up smooth transition domains...
 Anisotropy fraction kept at shorter range     1.000
 Left  domain     3.000  ->      3.500
 Right domain    14.000  ->     15.000
 15.000  3000 120   1.633   0.000   0.000  1000  46   1.949   0.001   0.001
 
 Long range extrapolation:
 itt         Vxxxx           Coeff   1/R Power
   1      0  0  0  0    -2.228E+08       6.270
   2      0  0  2  2    -3.971E+07       6.755
   6      1  0  2  3     7.537E+05       3.989
   9      2  0  0  2    -7.962E+07       7.241
  12      2  0  2  4    -5.154E+06       4.996
  16      3  0  0  3     1.208E+08       7.478
  19      3  0  2  5    -5.769E+06       5.877
  24      3  3  0  3    -2.566E+08       7.789
  29      3  3  2  5     1.243E+07       5.933
  47      4  3  2  6     3.156E+07       6.924
      10 terms extrapolated at long range
 
 Monitor exponential short range extrapolation
 Select terms above TRES =    3.00E+03  at R=   3.000
 itt         Vxxxx           Coeff   Exp fact.
   1      0  0  0  0     6.245E+07       1.657
   2      0  0  2  2     2.925E+07       2.106
   3      0  0  4  4     5.588E+06       2.292
   4      1  0  0  1     1.752E+07       1.830
   5      1  0  2  1    -3.154E+06       2.198
   6      1  0  2  3     1.163E+07       2.006
   9      2  0  0  2    -5.198E+07       2.173
  12      2  0  2  4    -2.834E+07       2.139
  15      2  0  4  6    -1.287E+07       2.542
  16      3  0  0  3    -3.171E+07       2.025
  18      3  0  2  3     1.369E+07       2.622
  19      3  0  2  5    -1.258E+08       2.701
  23      3  0  4  7    -3.103E+07       2.784
  24      3  3  0  3     5.468E+07       2.018
  27      3  3  2  3    -2.414E+07       2.630
  29      3  3  2  5     2.051E+08       2.673
  34      3  3  4  7     1.104E+08       2.982
  35      4  0  0  4     1.335E+07       2.526
 15.000  3000 120   1.633   0.000   0.000  1000  46   1.949   0.001   0.001
 
 Long range extrapolation:
 itt         Vxxxx           Coeff   1/R Power
   1      0  0  0  0    -2.228E+08       6.270
   2      0  0  2  2    -3.971E+07       6.755
tropic   Sigma(Aniso)    Ratio
     2.000     2.270E+06     3.564E+07     15.70
     2.100     1.923E+06     2.485E+07     12.92
     2.200     1.630E+06     1.745E+07     10.71
     2.300     1.381E+06     1.235E+07      8.94
     2.400     1.170E+06     8.803E+06      7.52
     2.500     9.912E+05     6.325E+06      6.38
     2.600     8.398E+05     4.579E+06      5.45
     2.700     7.115E+05     3.341E+06      4.70
     2.800     6.029E+05     2.456E+06      4.07
     2.900     5.108E+05     1.819E+06      3.56
     3.000     4.328E+05     1.356E+06      3.13
     3.100     3.667E+05     1.019E+06      2.78
     3.200     3.107E+05     7.700E+05      2.48
     3.300     2.632E+05     5.856E+05      2.22
     3.400     2.230E+05     4.480E+05      2.01
     3.500     1.890E+05     3.446E+05      1.82
 ==> Anisotropic terms may be large at shortest range;
 ==> Blind extrapolation of anisotropic terms is DANGEROUS;
 ==> Set up a more secure proportional extrapolation scheme.
 
 Set up smooth transition domains...
 Anisotropy fraction kept at shorter range     1.000
 Left  domain     3.000  ->      3.500
 Right domain    14.000  ->     15.000
 
 Initialization done.
 
 NLAM         120
 15.000  3000 120   1.633   0.000   0.000  1000  46   1.949   0.001   0.001
 
 Long range extrapolation:
 itt         Vxxxx           Coeff   1/R Power
   1      0  0  0  0    -2.228E+08       6.270
   2      0  0  2  2    -3.971E+07       6.755
   6      1  0  2  3     7.537E+05       3.989
   9      2  0  0  2    -7.962E+07       7.241
  12      2  0  2  4    -5.154E+06       4.996
  16      3  0  0  3     1.208E+08       7.478
  19      3  0  2  5    -5.769E+06       5.877
  24      3  3  0  3    -2.566E+08       7.789
  29      3  3  2  5     1.243E+07       5.933
  47      4  3  2  6     3.156E+07       6.924
      10 terms extrapolated at long range
 
 Monitor exponential short range extrapolation
 Select terms above TRES =    3.00E+03  at R=   3.000
 itt         Vxxxx           Coeff   Exp fact.
   1      0  0  0  0     6.245E+07       1.657
   2      0  0  2  2     2.925E+07       2.106
   3      0  0  4  4     5.588E+06       2.292
   4      1  0  0  1     1.752E+07       1.830
   5      1  0  2  1    -3.154E+06       2.198
   6      1  0  2  3     1.163E+07       2.006
   9      2  0  0  2    -5.198E+07       2.173
  12      2  0  2  4    -2.834E+07       2.139
  15      2  0  4  6    -1.287E+07       2.542
  16      3  0  0  3    -3.171E+07       2.025
  18      3  0  2  3     1.369E+07       2.622
  19      3  0  2  5    -1.258E+08       2.701
  23      3  0  4  7    -3.103E+07       2.784
  24      3  3  0  3     5.468E+07       2.018
  27      3  3  2  3    -2.414E+07       2.630
  29      3  3  2  5     2.051E+08       2.673
  34      3  3  4  7     1.104E+08       2.982
  35      4  0  0  4     1.335E+07       2.526
  38      4  0  2  6     2.805E+07       2.762
  42      4  3  0  4     1.032E+08       2.472
  45      4  3  2  4    -1.659E+07       2.658
  47      4  3  2  6     3.984E+08       2.964
  49      4  3  4  8     2.393E+08       3.240
  50      5  0  0  5     1.402E+08       2.866
  53      5  0  2  7     4.136E+08       3.165
  56      5  0  4  9     3.037E+08       3.468
  57      5  3  0  5    -1.729E+07       2.783
 
 Initialization done.
 
 NLAM         120
    1.356E+06      3.13
     3.100     3.667E+05     1.019E+06      2.78
     3.200     3.107E+05     7.700E+05      2.48
     3.300     2.632E+05     5.856E+05      2.22
     3.400     2.230E+05     4.480E+05      2.01
     3.500     1.890E+05     3.446E+05      1.82
 ==> Anisotropic terms may be large at shortest range;
 ==> Blind extrapolation of anisotropic terms is DANGEROUS;
 ==> Set up a more secure proportional extrapolation scheme.
 
 Set up smooth transition domains...
 Anisotropy fraction kept at shorter range     1.000
 Left  domain     3.000  ->      3.500
 Right domain    14.000  ->     15.000
 
 Initialization done.
 
 NLAM         120
 15.000  3000 120   1.633   0.000   0.000  1000  46   1.949   0.001   0.001
 
 Long range extrapolation:
 itt         Vxxxx           Coeff   1/R Power
   1      0  0  0  0    -2.228E+08       6.270
   2      0  0  2  2    -3.971E+07       6.755
   6      1  0  2  3     7.537E+05       3.989
   9      2  0  0  2    -7.962E+07       7.241
  12      2  0  2  4    -5.154E+06       4.996
  16      3  0  0  3     1.208E+08       7.478
  19      3  0  2  5    -5.769E+06       5.877
  24      3  3  0  3    -2.566E+08       7.789
  29      3  3  2  5     1.243E+07       5.933
  47      4  3  2  6     3.156E+07       6.924
      10 terms extrapolated at long range
 
 Monitor exponential short range extrapolation
 Select terms above TRES =    3.00E+03  at R=   3.000
 itt         Vxxxx           Coeff   Exp fact.
   1      0  0  0  0     6.245E+07       1.657
   2      0  0  2  2     2.925E+07       2.106
   3      0  0  4  4     5.588E+06       2.292
   4      1  0  0  1     1.752E+07       1.830
   5      1  0  2  1    -3.154E+06       2.198
   6      1  0  2  3     1.163E+07       2.006
   9      2  0  0  2    -5.198E+07       2.173
  12      2  0  2  4    -2.834E+07       2.139
  15      2  0  4  6    -1.287E+07       2.542
  16      3  0  0  3    -3.171E+07       2.025
  18      3  0  2  3     1.369E+07       2.622
  19      3  0  2  5    -1.258E+08       2.701
  23      3  0  4  7    -3.103E+07       2.784
  24      3  3  0  3     5.468E+07       2.018
  27      3  3  2  3    -2.414E+07       2.630
  29      3  3  2  5     2.051E+08       2.673
  34      3  3  4  7     1.104E+08       2.982
  35      4  0  0  4     1.335E+07       2.526
  38      4  0  2  6     2.805E+07       2.762
  42      4  3  0  4     1.032E+08       2.472
  45      4  3  2  4    -1.659E+07       2.658
  47      4  3  2  6     3.984E+08       2.964
  49      4  3  4  8     2.393E+08       3.240
  50      5  0  0  5     1.402E+08       2.866
  53      5  0  2  7     4.136E+08       3.165
  56      5  0  4  9     3.037E+08       3.468
  57      5  3  0  5    -1.729E+07       2.783
  62      5  3  2  7    -2.297E+07       2.769
  64      6  0  0  6     8.431E+07       3.110
  66      6  0  2  8     3.812E+08       3.497
  67      6  0  4 10     1.869E+08       3.628
  68      6  3  0  6    -2.702E+08       3.110
  71      6  3  2  8    -1.022E+09       3.424
  72      6  3  4 10    -1.272E+09       3.817
  73      6  6  0  6     3.180E+08       3.154
  77      6  6  2  8     1.099E+09       3.433
  78      6  6  4 10     1.563E+09       3.858
  79      7  0  0  7    -1.814E+08       3.357
  82      7  0  2  9    -8.081E+08       3.684
  83      7  0  4 11    -1.388E+09       4.121
  84      7  3  0  7    -2.386E+08       3.409
  85      7  3  2  9    -1.352E+09       3.799
  86      7  3  4 11    -1.401E+09       4.091
  87      7  6  0  7     5.136E+08       3.398
  90      7  6  2  9     2.166E+09       3.692
  91      7  6  4 11     3.586E+09       4.118
  92      8  0  0  8    -3.361E+08       3.633
  93      8  0  2 10    -1.879E+09       3.992
  94      8  0  4 12    -3.070E+09       4.369
  95      8  3  0  8     2.280E+08       3.527
  97      8  3  2 10     1.459E+09       3.917
  98      8  3  4 12     3.818E+09       4.429
  99      8  6  0  8     1.095E+08       3.485
 100      8  6  2 10     1.701E+09       4.126
 101      8  6  4 12     3.271E+09       4.519
 103      9  3  0  9     4.059E+08       3.724
 104      9  3  2 11     4.234E+09       4.224
 105      9  3  4 13     1.235E+10       4.734
 106      9  6  0  9    -5.357E+08       3.851
 107      9  6  2 11    -2.882E+09       4.145
 108      9  6  4 13    -7.636E+09       4.645
 109      9  9  0  9     7.826E+08       3.911
 111      9  9  2 11     4.486E+09       4.214
 112      9  9  4 13     1.015E+10       4.666
 114     10  0  2 12     4.838E+09       4.494
 115     10  6  0 10    -6.708E+08       4.037
 116     10  6  2 12    -7.851E+09       4.529
 117     10  9  0 10     8.766E+08       4.015
 118     10  9  2 12     8.863E+09       4.464
 119     10  9  4 14     2.913E+10    tropic   Sigma(Aniso)    Ratio
     2.000     2.270E+06     3.564E+07     15.70
     2.100     1.923E+06     2.485E+07     12.92
     2.200     1.630E+06     1.745E+07     10.71
     2.300     1.381E+06     1.235E+07      8.94
     2.400     1.170E+06     8.803E+06      7.52
     2.500     9.912E+05     6.325E+06      6.38
     2.600     8.398E+05     4.579E+06      5.45
     2.700     7.115E+05     3.341E+06      4.70
     2.800     6.029E+05     2.456E+06      4.07
     2.900     5.108E+05     1.819E+06      3.56
     3.000     4.328E+05     1.356E+06      3.13
     3.100     3.667E+05     1.019E+06      2.78
     3.200     3.107E+05     7.700E+05      2.48
     3.300     2.632E+05     5.856E+05      2.22
     3.400     2.230E+05     4.480E+05      2.01
     3.500     1.890E+05     3.446E+05      1.82
 ==> Anisotropic terms may be large at shortest range;
 ==> Blind extrapolation of anisotropic terms is DANGEROUS;
 ==> Set up a more secure proportional extrapolation scheme.
 
 Set up smooth transition domains...
 Anisotropy fraction kept at shorter range     1.000
 Left  domain     3.000  ->      3.500
 Right domain    14.000  ->     15.000
 
 Initialization done.
 
 NLAM         120
 15.000  3000 120   1.633   0.000   0.000  1000  46   1.949   0.001   0.001
 15.000  3000 120   1.633   0.000   0.000  1000  46   1.949   0.001   0.001
 
 Long range extrapolation:
 itt         Vxxxx           Coeff   1/R Power
   1      0  0  0  0    -2.228E+08       6.270
   2      0  0  2  2    -3.971E+07       6.755
   6      1  0  2  3     7.537E+05       3.989
   9      2  0  0  2    -7.962E+07       7.241
  12      2  0  2  4    -5.154E+06       4.996
  16      3  0  0  3     1.208E+08       7.478
  19      3  0  2  5    -5.769E+06       5.877
  24      3  3  0  3    -2.566E+08       7.789
  29      3  3  2  5     1.243E+07       5.933
  47      4  3  2  6     3.156E+07       6.924
      10 terms extrapolated at long range
 
 Monitor exponential short range extrapolation
 Select terms above TRES =    3.00E+03  at R=   3.000
 itt         Vxxxx           Coeff   Exp fact.
   1      0  0  0  0     6.245E+07       1.657
   2      0  0  2  2     2.925E+07       2.106
   3      0  0  4  4     5.588E+06       2.292
   4      1  0  0  1     1.752E+07       1.830
   5      1  0  2  1    -3.154E+06       2.198
   6      1  0  2  3     1.163E+07       2.006
   9      2  0  0  2    -5.198E+07       2.173
  12      2  0  2  4    -2.834E+07       2.139
  15      2  0  4  6    -1.287E+07       2.542
  16      3  0  0  3    -3.171E+07       2.025
  18      3  0  2  3     1.369E+07       2.622
  19      3  0  2  5    -1.258E+08       2.701
  23      3  0  4  7    -3.103E+07       2.784
  24      3  3  0  3     5.468E+07       2.018
  27      3  3  2  3    -2.414E+07       2.630
  29      3  3  2  5     2.051E+08       2.673
  34      3  3  4  7     1.104E+08       2.982
  35      4  0  0  4     1.335E+07       2.526
  38      4  0  2  6     2.805E+07       2.762
  42      4  3  0  4     1.032E+08       2.472
  45      4  3  2  4    -1.659E+07       2.658
  47      4  3  2  6     3.984E+08       2.964
  49      4  3  4  8     2.393E+08       3.240
  50      5  0  0  5     1.402E+08       2.866
  53      5  0  2  7     4.136E+08       3.165
  56      5  0  4  9     3.037E+08       3.468
  57      5  3  0  5    -1.729E+07       2.783
  62      5  3  2  7    -2.297E+07       2.769
  64      6  0  0  6     8.431E+07       3.110
  66      6  0  2  8     3.812E+08       3.497
  67      6  0  4 10     1.869E+08       3.628
  68      6  3  0  6    -2.702E+08       3.110
  71      6  3  2  8    -1.022E+09       3.424
  72      6  3  4 10    -1.272E+09       3.817
  73      6  6  0  6     3.180E+08       3.154
  77      6  6  2  8     1.099E+09       3.433
  78      6  6  4 10     1.563E+09       3.858
  79      7  0  0  7    -1.814E+08       3.357
  82      7  0  2  9    -8.081E+08       3.684
  83      7  0  4 11    -1.388E+09       4.121
  84      7  3  0  7    -2.386E+08       3.409
  85      7  3  2  9    -1.352E+09       3.799
  86      7  3  4 11    -1.401E+09       4.091
  87      7  6  0  7     5.136E+08       3.398
  90      7  6  2  9     2.166E+09       3.692
  91      7  6  4 11     3.586E+09       4.118
  92      8  0  0  8    -3.361E+08       3.633
  93      8  0  2 10    -1.879E+09       3.992
  94      8  0  4 12    -3.070E+09       4.369
  95      8  3  0  8     2.280E+08       3.527
  97      8  3  2 10     1.459E+09       3.917
  98      8  3  4 12     3.818E+09       4.429
  99      8  6  0  8     1.095E+08       3.485
 100      8  6  2 10     1.701E+09       4.126
 101      8  6  4 12     3.271E+09       4.519
 103      9  3  0  9     4.059E+08       3.724
 104      9  3  2 11     4.234E+09       4.224
 105      9  3  4 13     1.235E+10       4.734
 106      9  6  0  9    -5.357E+08       3.851
 107      9  6  2 11    -2.882E+09       4.145
 108      9  6  4 13    -7.636E+09       4.645
 109      9  9  0  9     7.826E+08       3.911
 111      9  9  2 11     4.486E+09       4.214
 112      9  9  4 13     1.015E+10       4.666
 114     10  0  2 12     4.838E+09       4.494
 115     10  6  0 10    -6.708E+08       4.037
 116     10  6  2 12    -7.851E+09       4.529
 117     10  9  0 10     8.766E+08       4.015
 118     10  9  2 12     8.863E+09       4.464
 119     10  9  4 14     2.913E+10     15.000  3000 120   1.633   0.000   0.000  1000  46   1.949   0.001   0.001
 
 Long range extrapolation:
 itt         Vxxxx           Coeff   1/R Power
   1      0  0  0  0    -2.228E+08       6.270
   2      0  0  2  2    -3.971E+07       6.755
   6      1  0  2  3     7.537E+05       3.989
   9      2  0  0  2    -7.962E+07       7.241
  12      2  0  2  4    -5.154E+06       4.996
  16      3  0  0  3     1.208E+08       7.478
  19      3  0  2  5    -5.769E+06       5.877
  24      3  3  0  3    -2.566E+08       7.789
  29      3  3  2  5     1.243E+07       5.933
  47      4  3  2  6     3.156E+07       6.924
      10 terms extrapolated at long range
 
 Monitor exponential short range extrapolation
 Select terms above TRES =    3.00E+03  at R=   3.000
 itt         Vxxxx           Coeff   Exp fact.
   1      0  0  0  0     6.245E+07       1.657
   2      0  0  2  2     2.925E+07       2.106
   3      0  0  4  4     5.588E+06       2.292
   4      1  0  0  1     1.752E+07       1.830
   5      1  0  2  1    -3.154E+06       2.198
   6      1  0  2  3     1.163E+07       2.006
   9      2  0  0  2    -5.198E+07       2.173
  12      2  0  2  4    -2.834E+07       2.139
  15      2  0  4  6    -1.287E+07       2.542
  16      3  0  0  3    -3.171E+07       2.025
  18      3  0  2  3     1.369E+07       2.622
  19      3  0  2  5    -1.258E+08       2.701
  23      3  0  4  7    -3.103E+07       2.784
  24      3  3  0  3     5.468E+07       2.018
  27      3  3  2  3    -2.414E+07       2.630
  29      3  3  2  5     2.051E+08       2.673
  34      3  3  4  7     1.104E+08       2.982
  35      4  0  0  4     1.335E+07       2.526
  38      4  0  2  6     2.805E+07       2.762
  42      4  3  0  4     1.032E+08       2.472
  45      4  3  2  4    -1.659E+07       2.658
  47      4  3  2  6     3.984E+08       2.964
  49      4  3  4  8     2.393E+08       3.240
  50      5  0  0  5     1.402E+08       2.866
  53      5  0  2  7     4.136E+08       3.165
  56      5  0  4  9     3.037E+08       3.468
  57      5  3  0  5    -1.729E+07       2.783
  62      5  3  2  7    -2.297E+07       2.769
  64      6  0  0  6     8.431E+07       3.110
  66      6  0  2  8     3.812E+08       3.497
  67      6  0  4 10     1.869E+08       3.628
  68      6  3  0  6    -2.702E+08       3.110
  71      6  3  2  8    -1.022E+09       3.424
  72      6  3  4 10    -1.272E+09       3.817
  73      6  6  0  6     3.180E+08       3.154
  77      6  6  2  8     1.099E+09       3.433
  78      6  6  4 10     1.563E+09       3.858
  79      7  0  0  7    -1.814E+08       3.357
  82      7  0  2  9    -8.081E+08       3.684
  83      7  0  4 11    -1.388E+09       4.121
  84      7  3  0  7    -2.386E+08       3.409
  85      7  3  2  9    -1.352E+09       3.799
  86      7  3  4 11    -1.401E+09       4.091
  87      7  6  0  7     5.136E+08       3.398
  90      7  6  2  9     2.166E+09       3.692
  91      7  6  4 11     3.586E+09       4.118
  92      8  0  0  8    -3.361E+08       3.633
  93      8  0  2 10    -1.879E+09       3.992
  94      8  0  4 12    -3.070E+09       4.369
  95      8  3  0  8     2.280E+08       3.527
  97      8  3  2 10     1.459E+09       3.917
  98      8  3  4 12     3.818E+09       4.429
  99      8  6  0  8     1.095E+08       3.485
 100      8  6  2 10     1.701E+09       4.126
 101      8  6  4 12     3.271E+09       4.519
 103      9  3  0  9     4.059E+08       3.724
 104      9  3  2 11     4.234E+09       4.224
 105      9  3  4 13     1.235E+10       4.734
 106      9  6  0  9    -5.357E+08       3.851
 107      9  6  2 11    -2.882E+09       4.145
 108      9  6  4 13    -7.636E+09       4.645
 109      9  9  0  9     7.826E+08       3.911
 111      9  9  2 11     4.486E+09       4.214
 112      9  9  4 13     1.015E+10       4.666
 114     10  0  2 12     4.838E+09       4.494
 115     10  6  0 10    -6.708E+08       4.037
 116     10  6  2 12    -7.851E+09       4.529
 117     10  9  0 10     8.766E+08       4.015
 118     10  9  2 12     8.863E+09       4.464
 119     10  9  4 14     2.913E+10     15.000  3000 120   1.633   0.000   0.000  1000  46   1.949   0.001   0.001
 
 Long range extrapolation:
 itt         Vxxxx           Coeff   1/R Power
   1      0  0  0  0    -2.228E+08       6.270
   2      0  0  2  2    -3.971E+07       6.755
   6      1  0  2  3     7.537E+05       3.989
   9      2  0  0  2    -7.962E+07       7.241
  12      2  0  2  4    -5.154E+06       4.996
  16      3  0  0  3     1.208E+08       7.478
  19      3  0  2  5    -5.769E+06       5.877
  24      3  3  0  3    -2.566E+08       7.789
  29      3  3  2  5     1.243E+07       5.933
  47      4  3  2  6     3.156E+07       6.924
      10 terms extrapolated at long range
 
 Monitor exponential short range extrapolation
 Select terms above TRES =    3.00E+03  at R=   3.000
 itt         Vxxxx           Coeff   Exp fact.
   1      0  0  0  0     6.245E+07       1.657
   2      0  0  2  2     2.925E+07       2.106
   3      0  0  4  4     5.588E+06       2.292
   4      1  0  0  1     1.752E+07       1.830
   5      1  0  2  1    -3.154E+06       2.198
   6      1  0  2  3     1.163E+07       2.006
   9      2  0  0  2    -5.198E+07       2.173
  12      2  0  2  4    -2.834E+07       2.139
  15      2  0  4  6    -1.287E+07       2.542
  16      3  0  0  3    -3.171E+07       2.025
  18      3  0  2  3     1.369E+07       2.622
  19      3  0  2  5    -1.258E+08       2.701
  23      3  0  4  7    -3.103E+07       2.784
  24      3  3  0  3     5.468E+07       2.018
  27      3  3  2  3    -2.414E+07       2.630
  29      3  3  2  5     2.051E+08       2.673
  34      3  3  4  7     1.104E+08       2.982
  35      4  0  0  4     1.335E+07       2.526
  38      4  0  2  6     2.805E+07       2.762
  42      4  3  0  4     1.032E+08       2.472
  45      4  3  2  4    -1.659E+07       2.658
  47      4  3  2  6     3.984E+08       2.964
  49      4  3  4  8     2.393E+08       3.240
  50      5  0  0  5     1.402E+08       2.866
  53      5  0  2  7     4.136E+08       3.165
  56      5  0  4  9     3.037E+08       3.468
  57      5  3  0  5    -1.729E+07       2.783
  62      5  3  2  7    -2.297E+07       2.769
  64      6  0  0  6     8.431E+07       3.110
  66      6  0  2  8     3.812E+08       3.497
  67      6  0  4 10     1.869E+08       3.628
  68      6  3  0  6    -2.702E+08       3.110
  71      6  3  2  8    -1.022E+09       3.424
  72      6  3  4 10    -1.272E+09       3.817
  73      6  6  0  6     3.180E+08       3.154
  77      6  6  2  8     1.099E+09       3.433
  78      6  6  4 10     1.563E+09       3.858
  79      7  0  0  7    -1.814E+08       3.357
  82      7  0  2  9    -8.081E+08       3.684
  83      7  0  4 11    -1.388E+09       4.121
  84      7  3  0  7    -2.386E+08       3.409
  85      7  3  2  9    -1.352E+09       3.799
  86      7  3  4 11    -1.401E+09       4.091
  87      7  6  0  7     5.136E+08       3.398
  90      7  6  2  9     2.166E+09       3.692
  91      7  6  4 11     3.586E+09       4.118
  92      8  0  0  8    -3.361E+08       3.633
  93      8  0  2 10    -1.879E+09       3.992
  94      8  0  4 12    -3.070E+09       4.369
  95      8  3  0  8     2.280E+08       3.527
  97      8  3  2 10     1.459E+09       3.917
  98      8  3  4 12     3.818E+09       4.429
  99      8  6  0  8     1.095E+08       3.485
 100      8  6  2 10     1.701E+09       4.126
 101      8  6  4 12     3.271E+09       4.519
 103      9  3  0  9     4.059E+08       3.724
 104      9  3  2 11     4.234E+09       4.224
 105      9  3  4 13     1.235E+10       4.734
 106      9  6  0  9    -5.357E+08       3.851
 107      9  6  2 11    -2.882E+09       4.145
 108      9  6  4 13    -7.636E+09       4.645
 109      9  9  0  9     7.826E+08       3.911
 111      9  9  2 11     4.486E+09       4.214
 112      9  9  4 13     1.015E+10       4.666
 114     10  0  2 12     4.838E+09       4.494
 115     10  6  0 10    -6.708E+08       4.037
 116     10  6  2 12    -7.851E+09       4.529
 117     10  9  0 10     8.766E+08       4.015
 118     10  9  2 12     8.863E+09       4.464
 119     10  9  4 14     2.913E+10       4.971
 120     11  3  2 13    -1.087E+10       4.773
 
     Dist      Isotropic   Sigma(Aniso)    Ratio
     2.000     2.270E+06     3.564E+07     15.70
     2.100     1.923E+06     2.485E+07     12.92
     2.200     1.630E+06     1.745E+07     10.71
     2.300     1.381E+06     1.235E+07      8.94
     2.400     1.170E+06     8.803E+06      7.52
     2.500     9.912E+05     6.325E+06      6.38
     2.600     8.398E+05     4.579E+06      5.45
     2.700     7.115E+05     3.341E+06      4.70
     2.800     6.029E+05     2.456E+06      4.07
     2.900     5.108E+05     1.819E+06      3.56
     3.000     4.328E+05     1.356E+06      3.13
     3.100     3.667E+05     1.019E+06      2.78
     3.200     3.107E+05     7.700E+05      2.48
     3.300     2.632E+05     5.856E+05      2.22
     3.400     2.230E+05     4.480E+05      2.01
     3.500     1.890E+05     3.446E+05      1.82
 ==> Anisotropic terms may be large at shortest range;
 ==> Blind extrapolation of anisotropic terms is DANGEROUS;
 ==> Set up a more secure proportional extrapolation scheme.
 
 Set up smooth transition domains...
 Anisotropy fraction kept at shorter range     1.000
 Left  domain     3.000  ->      3.500
 Right domain    14.000  ->     15.000
 
 Initialization done.
 
 NLAM         120
 
 Initialization done.
 
 NLAM         120
 15.000  3000 120   1.633   0.000   0.000  1000  46   1.949   0.001   0.001
 
 Long range extrapolation:
 itt         Vxxxx           Coeff   1/R Power
   1      0  0  0  0    -2.228E+08       6.270
   2      0  0  2  2    -3.971E+07       6.755
   6      1  0  2  3     7.537E+05       3.989
   9      2  0  0  2    -7.962E+07       7.241
  12      2  0  2  4    -5.154E+06       4.996
  16      3  0  0  3     1.208E+08       7.478
  19      3  0  2  5    -5.769E+06       5.877
  24      3  3  0  3    -2.566E+08       7.789
  29      3  3  2  5     1.243E+07       5.933
  47      4  3  2  6     3.156E+07       6.924
      10 terms extrapolated at long range
 
 Monitor exponential short range extrapolation
 Select terms above TRES =    3.00E+03  at R=   3.000
 itt         Vxxxx           Coeff   Exp fact.
   1      0  0  0  0     6.245E+07       1.657
   2      0  0  2  2     2.925E+07       2.106
   3      0  0  4  4     5.588E+06       2.292
   4      1  0  0  1     1.752E+07       1.830
   5      1  0  2  1    -3.154E+06       2.198
   6      1  0  2  3     1.163E+07       2.006
   9      2  0  0  2    -5.198E+07       2.173
  12      2  0  2  4    -2.834E+07       2.139
  15      2  0  4  6    -1.287E+07       2.542
  16      3  0  0  3    -3.171E+07       2.025
  18      3  0  2  3     1.369E+07       2.622
  19      3  0  2  5    -1.258E+08       2.701
  23      3  0  4  7    -3.103E+07       2.784
  24      3  3  0  3     5.468E+07       2.018
  27      3  3  2  3    -2.414E+07       2.630
  29      3  3  2  5     2.051E+08       2.673
  34      3  3  4  7     1.104E+08       2.982
  35      4  0  0  4     1.335E+07       2.526
  38      4  0  2  6     2.805E+07       2.762
  42      4  3  0  4     1.032E+08       2.472
  45      4  3  2  4    -1.659E+07       2.658
  47      4  3  2  6     3.984E+08       2.964
  49      4  3  4  8     2.393E+08       3.240
  50      5  0  0  5     1.402E+08       2.866
  53      5  0  2  7     4.136E+08       3.165
  56      5  0  4  9     3.037E+08       3.468
  57      5  3  0  5    -1.729E+07       2.783
  62      5  3  2  7    -2.297E+07       2.769
  64      6  0  0  6     8.431E+07       3.110
  66      6  0  2  8     3.812E+08       3.497
  67      6  0  4 10     1.869E+08       3.628
  68      6  3  0  6    -2.702E+08       3.110
  71      6  3  2  8    -1.022E+09       3.424
  72      6  3  4 10    -1.272E+09       3.817
  73      6  6  0  6     3.180E+08       3.154
  77      6  6  2  8     1.099E+09       3.433
  78      6  6  4 10     1.563E+09       3.858
  79      7  0  0  7    -1.814E+08       3.357
  82      7  0  2  9    -8.081E+08       3.684
  83      7  0  4 11    -1.388E+09       4.121
  84      7  3  0  7    -2.386E+08       3.409
  85      7  3  2  9    -1.352E+09       3.799
  86      7  3  4 11    -1.401E+09       4.091
  87      7  6  0  7     5.136E+08       3.398
  90      7  6  2  9     2.166E+09       3.692
  91      7  6  4 11     3.586E+09       4.118
  92      8  0  0  8    -3.361E+08       3.633
  93      8  0  2 10    -1.879E+09       3.992
  94      8  0  4 12    -3.070E+09       4.369
  95      8  3  0  8     2.280E+08       3.527
  97      8  3  2 10     1.459E+09       3.917
  98      8  3  4 12     3.818E+09       4.429
  99      8  6  0  8     1.095E+08       3.485
 100      8  6  2 10     1.701E+09       4.126
 101      8  6  4 12     3.271E+09       4.519
 103      9  3  0  9     4.059E+08       3.724
 104      9  3  2 11     4.234E+09       4.224
 105      9  3  4 13     1.235E+10       4.734
 106      9  6  0  9    -5.357E+08       3.851
 107      9  6  2 11    -2.882E+09       4.145
 108      9  6  4 13    -7.636E+09       4.645
 109      9  9  0  9     7.826E+08       3.911
 111      9  9  2 11     4.486E+09       4.214
 112      9  9  4 13     1.015E+10       4.666
 114     10  0  2 12     4.838E+09       4.494
 115     10  6  0 10    -6.708E+08       4.037
 116     10  6  2 12    -7.851E+09       4.529
 117     10  9  0 10     8.766E+08       4.015
 118     10  9  2 12     8.863E+09       4.464
 119     10  9  4 14     2.913E+10       4.971
 120     11  3  2 13    -1.087E+10       4.773
 
     Dist      Isotropic   Sigma(Aniso)    Ratio
     2.000     2.270E+06     3.564E+07     15.70
     2.100     1.923E+06     2.485E+07     12.92
     2.200     1.630E+06     1.745E+07     10.71
     2.300     1.381E+06     1.235E+07      8.94
     2.400     1.170E+06     8.803E+06      7.52
     2.500     9.912E+05     6.325E+06      6.38
     2.600     8.398E+05     4.579E+06      5.45
     2.700     7.115E+05     3.341E+06      4.70
     2.800     6.029E+05     2.456E+06      4.07
     2.900     5.108E+05     1.819E+06      3.56
     3.000     4.328E+05     1.356E+06      3.13
     3.100     3.667E+05     1.019E+06      2.78
     3.200     3.107E+05     7.700E+05      2.48
     3.300     2.632E+05     5.856E+05      2.22
     3.400     2.230E+05     4.480E+05      2.01
     3.500     1.890E+05     3.446E+05      1.82
 ==> Anisotropic terms may be large at shortest range;
 ==> Blind extrapolation of anisotropic terms is DANGEROUS;
 ==> Set up a more secure proportional extrapolation scheme.
 
 Set up smooth transition domains...
 Anisotropy fraction kept at shorter range     1.000
 Left  domain     3.000  ->      3.500
 Right domain    14.000  ->     15.000
 
 Initialization done.
 
 NLAM         120
 15.000  3000 120   1.633   0.000   0.000  1000  46   1.949   0.001   0.001
 
 Long range extrapolation:
 itt         Vxxxx           Coeff   1/R Power
   1      0  0  0  0    -2.228E+08       6.270
   2      0  0  2  2    -3.971E+07       6.755
   6      1  0  2  3     7.537E+05       3.989
   9      2  0  0  2    -7.962E+07       7.241
  12      2  0  2  4    -5.154E+06       4.996
  16      3  0  0  3     1.208E+08       7.478
  19      3  0  2  5    -5.769E+06       5.877
  24      3  3  0  3    -2.566E+08       7.789
  29      3  3  2  5     1.243E+07       5.933
  47      4  3  2  6     3.156E+07       6.924
      10 terms extrapolated at long range
 
 Monitor exponential short range extrapolation
 Select terms above TRES =    3.00E+03  at R=   3.000
 itt         Vxxxx           Coeff   Exp fact.
   1      0  0  0  0     6.245E+07       1.657
   2      0  0  2  2     2.925E+07       2.106
   3      0  0  4  4     5.588E+06       2.292
   4      1  0  0  1     1.752E+07       1.830
   5      1  0  2  1    -3.154E+06       2.198
   6      1  0  2  3     1.163E+07       2.006
   9      2  0  0  2    -5.198E+07       2.173
  12      2  0  2  4    -2.834E+07       2.139
  15      2  0  4  6    -1.287E+07       2.542
  16      3  0  0  3    -3.171E+07       2.025
  18      3  0  2  3     1.369E+07       2.622
  19      3  0  2  5    -1.258E+08       2.701
  23      3  0  4  7    -3.103E+07       2.784
  24      3  3  0  3     5.468E+07       2.018
  27      3  3  2  3    -2.414E+07       2.630
  29      3  3  2  5     2.051E+08       2.673
  34      3  3  4  7     1.104E+08       2.982
  35      4  0  0  4     1.335E+07       2.526
  38      4  0  2  6     2.805E+07       2.762
  42      4  3  0  4     1.032E+08       2.472
  45      4  3  2  4    -1.659E+07       2.658
  47      4  3  2  6     3.984E+08       2.964
  49      4  3  4  8     2.393E+08       3.240
  50      5  0  0  5     1.402E+08       2.866
  53      5  0  2  7     4.136E+08       3.165
  56      5  0  4  9     3.037E+08       3.468
  57      5  3  0  5    -1.729E+07       2.783
  62      5  3  2  7    -2.297E+07       2.769
  64      6  0  0  6     8.431E+07       3.110
  66      6  0  2  8     3.812E+08       3.497
  67      6  0  4 10     1.869E+08       3.628
  68      6  3  0  6    -2.702E+08       3.110
  71      6  3  2  8    -1.022E+09       3.424
  72      6  3  4 10    -1.272E+09       3.817
  73      6  6  0  6     3.180E+08       3.154
  77      6  6  2  8     1.099E+09       3.433
  78      6  6  4 10     1.563E+09       3.858
  79      7  0  0  7    -1.814E+08       3.357
  82      7  0  2  9    -8.081E+08       3.684
  83      7  0  4 11    -1.388E+09       4.121
  84      7  3  0  7    -2.386E+08       3.409
  85      7  3  2  9    -1.352E+09       3.799
  86      7  3  4 11    -1.401E+09       4.091
  87      7  6  0  7     5.136E+08       3.398
  90      7  6  2  9     2.166E+09       3.692
  91      7  6  4 11     3.586E+09       4.118
  92      8  0  0  8    -3.361E+08       3.633
  93      8  0  2 10    -1.879E+09       3.992
  94      8  0  4 12    -3.070E+09       4.369
  95      8  3  0  8     2.280E+08       3.527
  97      8  3  2 10     1.459E+09       3.917
  98      8  3  4 12     3.818E+09       4.429
  99      8  6  0  8     1.095E+08       3.485
 100      8  6  2 10     1.701E+09       4.126
 101      8  6  4 12     3.271E+09       4.519
 103      9  3  0  9     4.059E+08       3.724
 104      9  3  2 11     4.234E+09       4.224
 105      9  3  4 13     1.235E+10       4.734
 106      9  6  0  9    -5.357E+08       3.851
 107      9  6  2 11    -2.882E+09       4.145
 108      9  6  4 13    -7.636E+09       4.645
 109      9  9  0  9     7.826E+08       3.911
 111      9  9  2 11     4.486E+09       4.214
 112      9  9  4 13     1.015E+10       4.666
 114     10  0  2 12     4.838E+09       4.494
 115     10  6  0 10    -6.708E+08       4.037
 116     10  6  2 12    -7.851E+09       4.529
 117     10  9  0 10     8.766E+08       4.015
 118     10  9  2 12     8.863E+09       4.464
 119     10  9  4 14     2.913E+10     
 Initialization done.
 
 NLAM         120
 15.000  3000 120   1.633   0.000   0.000  1000  46   1.949   0.001   0.001
 
 Long range extrapolation:
 itt         Vxxxx           Coeff   1/R Power
   1      0  0  0  0    -2.228E+08       6.270
   2      0  0  2  2    -3.971E+07       6.755
   6      1  0  2  3     7.537E+05       3.989
   9      2  0  0  2    -7.962E+07       7.241
  12      2  0  2  4    -5.154E+06       4.996
  16      3  0  0  3     1.208E+08       7.478
  19      3  0  2  5    -5.769E+06       5.877
  24      3  3  0  3    -2.566E+08       7.789
  29      3  3  2  5     1.243E+07       5.933
  47      4  3  2  6     3.156E+07       6.924
      10 terms extrapolated at long range
 
 Monitor exponential short range extrapolation
 Select terms above TRES =    3.00E+03  at R=   3.000
 itt         Vxxxx           Coeff   Exp fact.
   1      0  0  0  0     6.245E+07       1.657
   2      0  0  2  2     2.925E+07       2.106
   3      0  0  4  4     5.588E+06       2.292
   4      1  0  0  1     1.752E+07       1.830
   5      1  0  2  1    -3.154E+06       2.198
 15.000  3000 120   1.633   0.000   0.000  1000  46   1.949   0.001   0.001
 
 Long range extrapolation:
 itt         Vxxxx           Coeff   1/R Power
   1      0  0  0  0    -2.228E+08       6.270
   2      0  0  2  2    -3.971E+07       6.755
   6      1  0  2  3     7.537E+05       3.989
   9      2  0  0  2    -7.962E+07       7.241
  12      2  0  2  4    -5.154E+06       4.996
  16      3  0  0  3     1.208E+08       7.478
  19      3  0  2  5    -5.769E+06       5.877
  24      3  3  0  3    -2.566E+08       7.789
  29      3  3  2  5     1.243E+07       5.933
  47      4  3  2  6     3.156E+07       6.924
      10 terms extrapolated at long range
 
 Monitor exponential short range extrapolation
 Select terms above TRES =    3.00E+03  at R=   3.000
 itt         Vxxxx           Coeff   Exp fact.
   1      0  0  0  0     6.245E+07       1.657
   2      0  0  2  2     2.925E+07       2.106
   3      0  0  4  4     5.588E+06       2.292
   4      1  0  0  1     1.752E+07       1.830
   5      1  0  2  1    -3.154E+06       2.198
   6      1  0  2  3     1.163E+07       2.006
   9      2  0  0  2    -5.198E+07       2.173
  12      2  0  2  4    -2.834E+07       2.139
  15      2  0  4  6    -1.287E+07       2.542
  16      3  0  0  3    -3.171E+07       2.025
  18      3  0  2  3     1.369E+07       2.622
  19      3  0  2  5    -1.258E+08       2.701
  23      3  0  4  7    -3.103E+07       2.784
  24      3  3  0  3     5.468E+07       2.018
  27      3  3  2  3    -2.414E+07       2.630
  29      3  3  2  5     2.051E+08       2.673
  34      3  3  4  7     1.104E+08       2.982
  35      4  0  0  4     1.335E+07       2.526
  38      4  0  2  6     2.805E+07       2.762
  42      4  3  0  4     1.032E+08       2.472
  45      4  3  2  4    -1.659E+07       2.658
  47      4  3  2  6     3.984E+08       2.964
  49      4  3  4  8     2.393E+08       3.240
  50      5  0  0  5     1.402E+08       2.866
  53      5  0  2  7     4.136E+08       3.165
  56      5  0  4  9     3.037E+08       3.468
  57      5  3  0  5    -1.729E+07       2.783
  62      5  3  2  7    -2.297E+07       2.769
  64      6  0  0  6     8.431E+07       3.110
  66      6  0  2  8     3.812E+08       3.497
  67      6  0  4 10     1.869E+08       3.628
  68      6  3  0  6    -2.702E+08       3.110
  71      6  3  2  8    -1.022E+09       3.424
  72      6  3  4 10    -1.272E+09       3.817
  73      6  6  0  6     3.180E+08       3.154
  77      6  6  2  8     1.099E+09       3.433
  78      6  6  4 10     1.563E+09       3.858
  79      7  0  0  7    -1.814E+08       3.357
  82      7  0  2  9    -8.081E+08       3.684
  83      7  0  4 11    -1.388E+09       4.121
  84      7  3  0  7    -2.386E+08       3.409
  85      7  3  2  9    -1.352E+09       3.799
  86      7  3  4 11    -1.401E+09       4.091
  87      7  6  0  7     5.136E+08       3.398
  90      7  6  2  9     2.166E+09       3.692
  91      7  6  4 11     3.586E+09       4.118
  92      8  0  0  8    -3.361E+08       3.633
  93      8  0  2 10    -1.879E+09       3.992
  94      8  0  4 12    -3.070E+09       4.369
  95      8  3  0  8     2.280E+08       3.527
  97      8  3  2 10     1.459E+09       3.917
  98      8  3  4 12     3.818E+09       4.429
  99      8  6  0  8     1.095E+08       3.485
 100      8  6  2 10     1.701E+09       4.126
 101      8  6  4 12     3.271E+09       4.519
 103      9  3  0  9     4.059E+08       3.724
 104      9  3  2 11     4.234E+09       4.224
 105      9  3  4 13     1.235E+10       4.734
 106      9  6  0  9    -5.357E+08       3.851
 107      9  6  2 11    -2.882E+09       4.145
 108      9  6  4 13    -7.636E+09       4.645
 109      9  9  0  9     7.826E+08       3.911
 111      9  9  2 11     4.486E+09       4.214
 112      9  9  4 13     1.015E+10       4.666
 114     10  0  2 12     4.838E+09       4.494
 115     10  6  0 10    -6.708E+08       4.037
 116     10  6  2 12    -7.851E+09       4.529
 117     10  9  0 10     8.766E+08       4.015
 118     10  9  2 12     8.863E+09       4.464
 119     10  9  4 14     2.913E+10    tropic   Sigma(Aniso)    Ratio
     2.000     2.270E+06     3.564E+07     15.70
     2.100     1.923E+06     2.485E+07     12.92
     2.200     1.630E+06     1.745E+07     10.71
     2.300     1.381E+06     1.235E+07      8.94
     2.400     1.170E+06     8.803E+06      7.52
     2.500     9.912E+05     6.325E+06      6.38
     2.600     8.398E+05     4.579E+06      5.45
     2.700     7.115E+05     3.341E+06      4.70
     2.800     6.029E+05     2.456E+06      4.07
     2.900     5.108E+05     1.819E+06      3.56
     3.000     4.328E+05     1.356E+06      3.13
     3.100     3.667E+05     1.019E+06      2.78
     3.200     3.107E+05     7.700E+05      2.48
     3.300     2.632E+05     5.856E+05      2.22
     3.400     2.230E+05     4.480E+05      2.01
     3.500     1.890E+05     3.446E+05      1.82
 ==> Anisotropic terms may be large at shortest range;
 ==> Blind extrapolation of anisotropic terms is DANGEROUS;
 ==> Set up a more secure proportional extrapolation scheme.
 
 Set up smooth transition domains...
 Anisotropy fraction kept at shorter range     1.000
 Left  domain     3.000  ->      3.500
 Right domain    14.000  ->     15.000
 
 Initialization done.
 
 NLAM         120
 15.000  3000 120   1.633   0.000   0.000  1000  46   1.949   0.001   0.001
 
 Long range extrapolation:
 itt         Vxxxx           Coeff   1/R Power
   1      0  0  0  0    -2.228E+08       6.270
   2      0  0  2  2    -3.971E+07       6.755
   6      1  0  2  3     7.537E+05       3.989
   9      2  0  0  2    -7.962E+07       7.241
  12      2  0  2  4    -5.154E+06       4.996
  16      3  0  0  3     1.208E+08       7.478
  19      3  0  2  5    -5.769E+06       5.877
  24      3  3  0  3    -2.566E+08       7.789
  29      3  3  2  5     1.243E+07       5.933
  47      4  3  2  6     3.156E+07       6.924
      10 terms extrapolated at long range
 
 Monitor exponential short range extrapolation
 Select terms above TRES =    3.00E+03  at R=   3.000
 itt         Vxxxx           Coeff   Exp fact.
   1      0  0  0  0     6.245E+07       1.657
   2      0  0  2  2     2.925E+07       2.106
   3      0  0  4  4     5.588E+06       2.292
   4      1  0  0  1     1.752E+07       1.830
   5      1  0  2  1    -3.154E+06       2.198
   6      1  0  2  3     1.163E+07       2.006
   9      2  0  0  2    -5.198E+07       2.173
  12      2  0  2  4    -2.834E+07       2.139
  15      2  0  4  6    -1.287E+07       2.542
  16      3  0  0  3    -3.171E+07       2.025
  18      3  0  2  3     1.369E+07       2.622
  19      3  0  2  5    -1.258E+08       2.701
  23      3  0  4  7    -3.103E+07       2.784
  24      3  3  0  3     5.468E+07       2.018
  27      3  3  2  3    -2.414E+07       2.630
  29      3  3  2  5     2.051E+08       2.673
  34      3  3  4  7     1.104E+08       2.982
  35      4  0  0  4     1.335E+07       2.526
  38      4  0  2  6     2.805E+07       2.762
  42      4  3  0  4     1.032E+08       2.472
  45      4  3  2  4    -1.659E+07       2.658
  47      4  3  2  6     3.984E+08       2.964
  49      4  3  4  8     2.393E+08       3.240
  50      5  0  0  5     1.402E+08       2.866
  53      5  0  2  7     4.136E+08       3.165
  56      5  0  4  9     3.037E+08       3.468
  57      5  3  0  5    -1.729E+07       2.783
  62      5  3  2  7    -2.297E+07       2.769
  64      6  0  0  6     8.431E+07       3.110
  66      6  0  2  8     3.812E+08       3.497
  67      6  0  4 10     1.869E+08       3.628
  68      6  3  0  6    -2.702E+08       3.110
  71      6  3  2  8    -1.022E+09       3.424
  72      6  3  4 10    -1.272E+09       3.817
  73      6  6  0  6     3.180E+08       3.154
  77      6  6  2  8     1.099E+09       3.433
  78      6  6  4 10     1.563E+09       3.858
  79      7  0  0  7    -1.814E+08       3.357
  82      7  0  2  9    -8.081E+08       3.684
  83      7  0  4 11    -1.388E+09       4.121
  84      7  3  0  7    -2.386E+08       3.409
  85      7  3  2  9    -1.352E+09       3.799
  86      7  3  4 11    -1.401E+09       4.091
  87      7  6  0  7     5.136E+08       3.398
  90      7  6  2  9     2.166E+09       3.692
  91      7  6  4 11     3.586E+09       4.118
  92      8  0  0  8    -3.361E+08       3.633
  93      8  0  2 10    -1.879E+09       3.992
  94      8  0  4 12    -3.070E+09       4.369
  95      8  3  0  8     2.280E+08       3.527
  97      8  3  2 10     1.459E+09       3.917
  98      8  3  4 12     3.818E+09       4.429
  99      8  6  0  8     1.095E+08       3.485
 100      8  6  2 10     1.701E+09       4.126
 101      8  6  4 12     3.271E+09       4.519
 103      9  3  0  9     4.059E+08       3.724
 104      9  3  2 11     4.234E+09       4.224
 105      9  3  4 13     1.235E+10       4.734
 106      9  6  0  9    -5.357E+08       3.851
 107      9  6  2 11    -2.882E+09       4.145
 108      9  6  4 13    -7.636E+09       4.645
 109      9  9  0  9     7.826E+08       3.911
 111      9  9  2 11     4.486E+09       4.214
 112      9  9  4 13     1.015E+10       4.666
 114     10  0  2 12     4.838E+09       4.494
 115     10  6  0 10    -6.708E+08       4.037
 116     10  6  2 12    -7.851E+09       4.529
 117     10  9  0 10     8.766E+08       4.015
 118     10  9  2 12     8.863E+09       4.464
 119     10  9  4 14     2.913E+10     15.000  3000 120   1.633   0.000   0.000  1000  46   1.949   0.001   0.001
 
 Long range extrapolation:
 itt         Vxxxx           Coeff   1/R Power
   1      0  0  0  0    -2.228E+08       6.270
   2      0  0  2  2    -3.971E+07       6.755
   6      1  0  2  3     7.537E+05       3.989
   9      2  0  0  2    -7.962E+07       7.241
  12      2  0  2  4    -5.154E+06       4.996
  16      3  0  0  3     1.208E+08       7.478
  19      3  0  2  5    -5.769E+06       5.877
  24      3  3  0  3    -2.566E+08       7.789
  29      3  3  2  5     1.243E+07       5.933
  47      4  3  2  6     3.156E+07       6.924
      10 terms extrapolated at long range
 
 Monitor exponential short range extrapolation
 Select terms above TRES =    3.00E+03  at R=   3.000
 itt         Vxxxx           Coeff   Exp fact.
   1      0  0  0  0     6.245E+07       1.657
   2      0  0  2  2     2.925E+07       2.106
   3      0  0  4  4     5.588E+06       2.292
   4      1  0  0  1     1.752E+07       1.830
   5      1  0  2  1    -3.154E+06       2.198
   6      1  0  2  3     1.163E+07       2.006
   9      2  0  0  2    -5.198E+07       2.173
  12      2  0  2  4    -2.834E+07       2.139
  15      2  0  4  6    -1.287E+07       2.542
  16      3  0  0  3    -3.171E+07       2.025
  18      3  0  2  3     1.369E+07       2.622
  19      3  0  2  5    -1.258E+08       2.701
  23      3  0  4  7    -3.103E+07       2.784
  24      3  3  0  3     5.468E+07       2.018
  27      3  3  2  3    -2.414E+07       2.630
  29      3  3  2  5     2.051E+08       2.673
  34      3  3  4  7     1.104E+08       2.982
  35      4  0  0  4     1.335E+07       2.526
  38      4  0  2  6     2.805E+07       2.762
  42      4  3  0  4     1.032E+08       2.472
  45      4  3  2  4    -1.659E+07       2.658
  47      4  3  2  6     3.984E+08       2.964
  49      4  3  4  8     2.393E+08       3.240
  50      5  0  0  5     1.402E+08       2.866
  53      5  0  2  7     4.136E+08       3.165
  56      5  0  4  9     3.037E+08       3.468
  57      5  3  0  5    -1.729E+07       2.783
  62      5  3  2  7    -2.297E+07       2.769
  64      6  0  0  6     8.431E+07       3.110
  66      6  0  2  8     3.812E+08       3.497
  67      6  0  4 10     1.869E+08       3.628
  68      6  3  0  6    -2.702E+08       3.110
  71      6  3  2  8    -1.022E+09       3.424
  72      6  3  4 10    -1.272E+09       3.817
  73      6  6  0  6     3.180E+08       3.154
  77      6  6  2  8     1.099E+09       3.433
  78      6  6  4 10     1.563E+09       3.858
  79      7  0  0  7    -1.814E+08       3.357
  82      7  0  2  9    -8.081E+08       3.684
  83      7  0  4 11    -1.388E+09       4.121
  84      7  3  0  7    -2.386E+08       3.409
  85      7  3  2  9    -1.352E+09       3.799
  86      7  3  4 11    -1.401E+09       4.091
  87      7  6  0  7     5.136E+08       3.398
  90      7  6  2  9     2.166E+09       3.692
  91      7  6  4 11     3.586E+09       4.118
  92      8  0  0  8    -3.361E+08       3.633
  93      8  0  2 10    -1.879E+09       3.992
  94      8  0  4 12    -3.070E+09       4.369
  95      8  3  0  8     2.280E+08       3.527
  97      8  3  2 10     1.459E+09       3.917
  98      8  3  4 12     3.818E+09       4.429
  99      8  6  0  8     1.095E+08       3.485
 100      8  6  2 10     1.701E+09       4.126
 101      8  6  4 12     3.271E+09       4.519
 103      9  3  0  9     4.059E+08       3.724
 104      9  3  2 11     4.234E+09       4.224
 105      9  3  4 13     1.235E+10       4.734
 106      9  6  0  9    -5.357E+08       3.851
 107      9  6  2 11    -2.882E+09       4.145
 108      9  6  4 13    -7.636E+09       4.645
 109      9  9  0  9     7.826E+08       3.911
 111      9  9  2 11     4.486E+09       4.214
 112      9  9  4 13     1.015E+10       4.666
 114     10  0  2 12     4.838E+09       4.494
 115     10  6  0 10    -6.708E+08       4.037
 116     10  6  2 12    -7.851E+09       4.529
 117     10  9  0 10     8.766E+08       4.015
 118     10  9  2 12     8.863E+09       4.464
 119     10  9  4 14     2.913E+10     15.000  3000 120   1.633   0.000   0.000  1000  46   1.949   0.001   0.001
 
 Long range extrapolation:
 itt         Vxxxx           Coeff   1/R Power
   1      0  0  0  0    -2.228E+08       6.270
   2      0  0  2  2    -3.971E+07       6.755
   6      1  0  2  3     7.537E+05       3.989
   9      2  0  0  2    -7.962E+07       7.241
  12      2  0  2  4    -5.154E+06       4.996
  16      3  0  0  3     1.208E+08       7.478
  19      3  0  2  5    -5.769E+06       5.877
  24      3  3  0  3    -2.566E+08       7.789
  29      3  3  2  5     1.243E+07       5.933
  47      4  3  2  6     3.156E+07       6.924
      10 terms extrapolated at long range
 
 Monitor exponential short range extrapolation
 Select terms above TRES =    3.00E+03  at R=   3.000
 itt         Vxxxx           Coeff   Exp fact.
   1      0  0  0  0     6.245E+07       1.657
   2      0  0  2  2     2.925E+07       2.106
   3      0  0  4  4     5.588E+06       2.292
   4      1  0  0  1     1.752E+07       1.830
   5      1  0  2  1    -3.154E+06       2.198
   6      1  0  2  3     1.163E+07       2.006
   9      2  0  0  2    -5.198E+07       2.173
  12      2  0  2  4    -2.834E+07       2.139
  15      2  0  4  6    -1.287E+07       2.542
  16      3  0  0  3    -3.171E+07       2.025
  18      3  0  2  3     1.369E+07       2.622
  19      3  0  2  5    -1.258E+08       2.701
  23      3  0  4  7    -3.103E+07       2.784
  24      3  3  0  3     5.468E+07       2.018
  27      3  3  2  3    -2.414E+07       2.630
  29      3  3  2  5     2.051E+08       2.673
  34      3  3  4  7     1.104E+08       2.982
  35      4  0  0  4     1.335E+07       2.526
  38      4  0  2  6     2.805E+07       2.762
  42      4  3  0  4     1.032E+08       2.472
  45      4  3  2  4    -1.659E+07       2.658
  47      4  3  2  6     3.984E+08       2.964
  49      4  3  4  8     2.393E+08       3.240
  50      5  0  0  5     1.402E+08       2.866
  53      5  0  2  7     4.136E+08       3.165
  56      5  0  4  9     3.037E+08       3.468
  57      5  3  0  5    -1.729E+07       2.783
  62      5  3  2  7    -2.297E+07       2.769
  64      6  0  0  6     8.431E+07       3.110
  66      6  0  2  8     3.812E+08       3.497
  67      6  0  4 10     1.869E+08       3.628
  68      6  3  0  6    -2.702E+08       3.110
  71      6  3  2  8    -1.022E+09       3.424
  72      6  3  4 10    -1.272E+09       3.817
  73      6  6  0  6     3.180E+08       3.154
  77      6  6  2  8     1.099E+09       3.433
  78      6  6  4 10     1.563E+09       3.858
  79      7  0  0  7    -1.814E+08       3.357
  82      7  0  2  9    -8.081E+08       3.684
  83      7  0  4 11    -1.388E+09       4.121
  84      7  3  0  7    -2.386E+08       3.409
  85      7  3  2  9    -1.352E+09       3.799
  86      7  3  4 11    -1.401E+09       4.091
  87      7  6  0  7     5.136E+08       3.398
  90      7  6  2  9     2.166E+09       3.692
  91      7  6  4 11     3.586E+09       4.118
  92      8  0  0  8    -3.361E+08       3.633
  93      8  0  2 10    -1.879E+09       3.992
  94      8  0  4 12    -3.070E+09       4.369
  95      8  3  0  8     2.280E+08       3.527
  97      8  3  2 10     1.459E+09       3.917
  98      8  3  4 12     3.818E+09       4.429
  99      8  6  0  8     1.095E+08       3.485
 100      8  6  2 10     1.701E+09       4.126
 101      8  6  4 12     3.271E+09       4.519
 103      9  3  0  9     4.059E+08       3.724
 104      9  3  2 11     4.234E+09       4.224
 105      9  3  4 13     1.235E+10       4.734
 106      9  6  0  9    -5.357E+08       3.851
 107      9  6  2 11    -2.882E+09       4.145
 108      9  6  4 13    -7.636E+09       4.645
 109      9  9  0  9     7.826E+08       3.911
 111      9  9  2 11     4.486E+09       4.214
 112      9  9  4 13     1.015E+10       4.666
 114     10  0  2 12     4.838E+09       4.494
 115     10  6  0 10    -6.708E+08       4.037
 116     10  6  2 12    -7.851E+09       4.529
 117     10  9  0 10     8.766E+08       4.015
 118     10  9  2 12     8.863E+09       4.464
 119     10  9  4 14     2.913E+10    tropic   Sigma(Aniso)    Ratio
     2.000     2.270E+06     3.564E+07     15.70
     2.100     1.923E+06     2.485E+07     12.92
     2.200     1.630E+06     1.745E+07     10.71
     2.300     1.381E+06     1.235E+07      8.94
     2.400     1.170E+06     8.803E+06      7.52
     2.500     9.912E+05     6.325E+06      6.38
     2.600     8.398E+05     4.579E+06      5.45
     2.700     7.115E+05     3.341E+06      4.70
     2.800     6.029E+05     2.456E+06      4.07
     2.900     5.108E+05     1.819E+06      3.56
     3.000     4.328E+05     1.356E+06      3.13
     3.100     3.667E+05     1.019E+06      2.78
     3.200     3.107E+05     7.700E+05      2.48
     3.300     2.632E+05     5.856E+05      2.22
     3.400     2.230E+05     4.480E+05      2.01
     3.500     1.890E+05     3.446E+05      1.82
 ==> Anisotropic terms may be large at shortest range;
 ==> Blind extrapolation of anisotropic terms is DANGEROUS;
 ==> Set up a more secure proportional extrapolation scheme.
 
 Set up smooth transition domains...
 Anisotropy fraction kept at shorter range     1.000
 Left  domain     3.000  ->      3.500
 Right domain    14.000  ->     15.000
 
 Initialization done.
 
 NLAM         120
   4.971
 120     11  3  2 13    -1.087E+10       4.773
 
     Dist      Isotropic   Sigma(Aniso)    Ratio
     2.000     2.270E+06     3.564E+07     15.70
     2.100     1.923E+06     2.485E+07     12.92
     2.200     1.630E+06     1.745E+07     10.71
     2.300     1.381E+06     1.235E+07      8.94
     2.400     1.170E+06     8.803E+06      7.52
     2.500     9.912E+05     6.325E+06      6.38
     2.600     8.398E+05     4.579E+06      5.45
     2.700     7.115E+05     3.341E+06      4.70
     2.800     6.029E+05     2.456E+06      4.07
     2.900     5.108E+05     1.819E+06      3.56
     3.000     4.328E+05     1.356E+06      3.13
     3.100     3.667E+05     1.019E+06      2.78
     3.200     3.107E+05     7.700E+05      2.48
     3.300     2.632E+05     5.856E+05      2.22
     3.400     2.230E+05     4.480E+05      2.01
     3.500     1.890E+05     3.446E+05      1.82
 ==> Anisotropic terms may be large at shortest range;
 ==> Blind extrapolation of anisotropic terms is DANGEROUS;
 ==> Set up a more secure proportional extrapolation scheme.
 
 Set up smooth transition domains...
 Anisotropy fraction kept at shorter range     1.000
 Left  domain     3.000  ->      3.500
 Right domain    14.000  ->     15.000
 
 Initialization done.
 
 NLAM         120
tropic   Sigma(Aniso)    Ratio
     2.000     2.270E+06     3.564E+07     15.70
     2.100     1.923E+06     2.485E+07     12.92
     2.200     1.630E+06     1.745E+07     10.71
     2.300     1.381E+06     1.235E+07      8.94
     2.400     1.170E+06     8.803E+06      7.52
     2.500     9.912E+05     6.325E+06      6.38
     2.600     8.398E+05     4.579E+06      5.45
     2.700     7.115E+05     3.341E+06      4.70
     2.800     6.029E+05     2.456E+06      4.07
     2.900     5.108E+05     1.819E+06      3.56
     3.000     4.328E+05     1.356E+06      3.13
     3.100     3.667E+05     1.019E+06      2.78
     3.200     3.107E+05     7.700E+05      2.48
     3.300     2.632E+05     5.856E+05      2.22
     3.400     2.230E+05     4.480E+05      2.01
     3.500     1.890E+05     3.446E+05      1.82
 ==> Anisotropic terms may be large at shortest range;
 ==> Blind extrapolation of anisotropic terms is DANGEROUS;
 ==> Set up a more secure proportional extrapolation scheme.
 
 Set up smooth transition domains...
 Anisotropy fraction kept at shorter range     1.000
 Left  domain     3.000  ->      3.500
 Right domain    14.000  ->     15.000
 
 Initialization done.
 
 NLAM         120
   4.971
 120     11  3  2 13    -1.087E+10       4.773
 
     Dist      Isotropic   Sigma(Aniso)    Ratio
     2.000     2.270E+06     3.564E+07     15.70
     2.100     1.923E+06     2.485E+07     12.92
     2.200     1.630E+06     1.745E+07     10.71
     2.300     1.381E+06     1.235E+07      8.94
     2.400     1.170E+06     8.803E+06      7.52
     2.500     9.912E+05     6.325E+06      6.38
     2.600     8.398E+05     4.579E+06      5.45
     2.700     7.115E+05     3.341E+06      4.70
     2.800     6.029E+05     2.456E+06      4.07
     2.900     5.108E+05     1.819E+06      3.56
     3.000     4.328E+05     1.356E+06      3.13
     3.100     3.667E+05     1.019E+06      2.78
     3.200     3.107E+05     7.700E+05      2.48
     3.300     2.632E+05     5.856E+05      2.22
     3.400     2.230E+05     4.480E+05      2.01
     3.500     1.890E+05     3.446E+05      1.82
 ==> Anisotropic terms may be large at shortest range;
 ==> Blind extrapolation of anisotropic terms is DANGEROUS;
 ==> Set up a more secure proportional extrapolation scheme.
 
 Set up smooth transition domains...
 Anisotropy fraction kept at shorter range     1.000
 Left  domain     3.000  ->      3.500
 Right domain    14.000  ->     15.000
 
 Initialization done.
 
 NLAM         120
tropic   Sigma(Aniso)    Ratio
     2.000     2.270E+06     3.564E+07     15.70
     2.100     1.923E+06     2.485E+07     12.92
     2.200     1.630E+06     1.745E+07     10.71
     2.300     1.381E+06     1.235E+07      8.94
     2.400     1.170E+06     8.803E+06      7.52
     2.500     9.912E+05     6.325E+06      6.38
     2.600     8.398E+05     4.579E+06      5.45
     2.700     7.115E+05     3.341E+06      4.70
     2.800     6.029E+05     2.456E+06      4.07
     2.900     5.108E+05     1.819E+06      3.56
     3.000     4.328E+05     1.356E+06      3.13
     3.100     3.667E+05     1.019E+06      2.78
     3.200     3.107E+05     7.700E+05      2.48
     3.300     2.632E+05     5.856E+05      2.22
     3.400     2.230E+05     4.480E+05      2.01
     3.500     1.890E+05     3.446E+05      1.82
 ==> Anisotropic terms may be large at shortest range;
 ==> Blind extrapolation of anisotropic terms is DANGEROUS;
 ==> Set up a more secure proportional extrapolation scheme.
 
 Set up smooth transition domains...
 Anisotropy fraction kept at shorter range     1.000
 Left  domain     3.000  ->      3.500
 Right domain    14.000  ->     15.000
 
 Initialization done.
 
 NLAM         120
tropic   Sigma(Aniso)    Ratio
     2.000     2.270E+06     3.564E+07     15.70
     2.100     1.923E+06     2.485E+07     12.92
     2.200     1.630E+06     1.745E+07     10.71
     2.300     1.381E+06     1.235E+07      8.94
     2.400     1.170E+06     8.803E+06      7.52
     2.500     9.912E+05     6.325E+06      6.38
     2.600     8.398E+05     4.579E+06      5.45
     2.700     7.115E+05     3.341E+06      4.70
     2.800     6.029E+05     2.456E+06      4.07
     2.900     5.108E+05     1.819E+06      3.56
     3.000     4.328E+05     1.356E+06      3.13
     3.100     3.667E+05     1.019E+06      2.78
     3.200     3.107E+05     7.700E+05      2.48
     3.300     2.632E+05     5.856E+05      2.22
     3.400     2.230E+05     4.480E+05      2.01
     3.500     1.890E+05     3.446E+05      1.82
 ==> Anisotropic terms may be large at shortest range;
 ==> Blind extrapolation of anisotropic terms is DANGEROUS;
 ==> Set up a more secure proportional extrapolation scheme.
 
 Set up smooth transition domains...
 Anisotropy fraction kept at shorter range     1.000
 Left  domain     3.000  ->      3.500
 Right domain    14.000  ->     15.000
 
 Initialization done.
 
 NLAM         120
 15.000  3000 120   1.633   0.000   0.000  1000  46   1.949   0.001   0.001
 
 Long range extrapolation:
 itt         Vxxxx           Coeff   1/R Power
   1      0  0  0  0    -2.228E+08       6.270
   2      0  0  2  2    -3.971E+07       6.755
   6      1  0  2  3     7.537E+05       3.989
   9      2  0  0  2    -7.962E+07       7.241
  12      2  0  2  4    -5.154E+06       4.996
  16      3  0  0  3     1.208E+08       7.478
  19      3  0  2  5    -5.769E+06       5.877
  24      3  3  0  3    -2.566E+08       7.789
  29      3  3  2  5     1.243E+07       5.933
  47      4  3  2  6     3.156E+07       6.924
      10 terms extrapolated at long range
 
 Monitor exponential short range extrapolation
 Select terms above TRES =    3.00E+03  at R=   3.000
 itt         Vxxxx           Coeff   Exp fact.
   1      0  0  0  0     6.245E+07       1.657
   2      0  0  2  2     2.925E+07       2.106
   3      0  0  4  4     5.588E+06       2.292
   4      1  0  0  1     1.752E+07       1.830
   5      1  0  2  1    -3.154E+06       2.198
   6      1  0  2  3     1.163E+07       2.006
   9      2  0  0  2    -5.198E+07       2.173
  12      2  0  2  4    -2.834E+07       2.139
  15      2  0  4  6    -1.287E+07       2.542
  16      3  0  0  3    -3.171E+07       2.025
  18      3  0  2  3     1.369E+07       2.622
  19      3  0  2  5    -1.258E+08       2.701
  23      3  0  4  7    -3.103E+07       2.784
  24      3  3  0  3     5.468E+07       2.018
  27      3  3  2  3    -2.414E+07       2.630
  29      3  3  2  5     2.051E+08       2.673
  34      3  3  4  7     1.104E+08       2.982
  35      4  0  0  4     1.335E+07       2.526
  38      4  0  2  6     2.805E+07       2.762
  42      4  3  0  4     1.032E+08       2.472
  45      4  3  2  4    -1.659E+07       2.658
  47      4  3  2  6     3.984E+08       2.964
  49      4  3  4  8     2.393E+08       3.240
  50      5  0  0  5     1.402E+08       2.866
  53      5  0  2  7     4.136E+08       3.165
  56      5  0  4  9     3.037E+08       3.468
  57      5  3  0  5    -1.729E+07       2.783
  62      5  3  2  7    -2.297E+07       2.769
  64      6  0  0  6     8.431E+07       3.110
  66      6  0  2  8     3.812E+08       3.497
  67      6  0  4 10     1.869E+08       3.628
  68      6  3  0  6    -2.702E+08       3.110
  71      6  3  2  8    -1.022E+09       3.424
  72      6  3  4 10    -1.272E+09       3.817
  73      6  6  0  6     3.180E+08       3.154
  77      6  6  2  8     1.099E+09       3.433
  78      6  6  4 10     1.563E+09       3.858
  79      7  0  0  7    -1.814E+08       3.357
  82      7  0  2  9    -8.081E+08       3.684
  83      7  0  4 11    -1.388E+09       4.121
  84      7  3  0  7    -2.386E+08       3.409
  85      7  3  2  9    -1.352E+09       3.799
  86      7  3  4 11    -1.401E+09       4.091
  87      7  6  0  7     5.136E+08       3.398
  90      7  6  2  9     2.166E+09       3.692
  91      7  6  4 11     3.586E+09       4.118
  92      8  0  0  8    -3.361E+08       3.633
  93      8  0  2 10    -1.879E+09       3.992
  94      8  0  4 12    -3.070E+09       4.369
  95      8  3  0  8     2.280E+08       3.527
  97      8  3  2 10     1.459E+09       3.917
  98      8  3  4 12     3.818E+09       4.429
  99      8  6  0  8     1.095E+08       3.485
 100      8  6  2 10     1.701E+09       4.126
 101      8  6  4 12     3.271E+09       4.519
 103      9  3  0  9     4.059E+08       3.724
 104      9  3  2 11     4.234E+09       4.224
 105      9  3  4 13     1.235E+10       4.734
 106      9  6  0  9    -5.357E+08       3.851
 107      9  6  2 11    -2.882E+09       4.145
 108      9  6  4 13    -7.636E+09       4.645
 109      9  9  0  9     7.826E+08       3.911
 111      9  9  2 11     4.486E+09       4.214
 112      9  9  4 13     1.015E+10       4.666
 114     10  0  2 12     4.838E+09       4.494
 115     10  6  0 10    -6.708E+08       4.037
 116     10  6  2 12    -7.851E+09       4.529
 117     10  9  0 10     8.766E+08       4.015
 118     10  9  2 12     8.863E+09       4.464
 119     10  9  4 14     2.913E+10       4.971
 120     11  3  2 13    -1.087E+10       4.773
 
     Dist      Isotropic   Sigma(Aniso)    Ratio
     2.000     2.270E+06     3.564E+07     15.70
     2.100     1.923E+06     2.485E+07     12.92
     2.200     1.630E+06     1.745E+07     10.71
     2.300     1.381E+06     1.235E+07      8.94
     2.400     1.170E+06     8.803E+06      7.52
     2.500     9.912E+05     6.325E+06      6.38
     2.600     8.398E+05     4.579E+06      5.45
     2.700     7.115E+05     3.341E+06      4.70
     2.800     6.029E+05     2.456E+06      4.07
     2.900     5.108E+05     1.819E+06      3.56
     3.000     4.328E+05     1.356E+06      3.13
     3.100     3.667E+05     1.019E+06      2.78
     3.200     3.107E+05     7.700E+05      2.48
     3.300     2.632E+05     5.856E+05      2.22
     3.400     2.230E+05     4.480E+05      2.01
     3.500     1.890E+05     3.446E+05      1.82
 ==> Anisotropic terms may be large at shortest range;
 ==> Blind extrapolation of anisotropic terms is DANGEROUS;
 ==> Set up a more secure proportional extrapolation scheme.
 
 Set up smooth transition domains...
 Anisotropy fraction kept at shorter range     1.000
 Left  domain     3.000  ->      3.500
 Right domain    14.000  ->     15.000
 
 Initialization done.
 
 NLAM         120
 15.000  3000 120   1.633   0.000   0.000  1000  46   1.949   0.001   0.001
 
 Long range extrapolation:
 itt         Vxxxx           Coeff   1/R Power
   1      0  0  0  0    -2.228E+08       6.270
   2      0  0  2  2    -3.971E+07       6.755
   6      1  0  2  3     7.537E+05       3.989
   9      2  0  0  2    -7.962E+07       7.241
  12      2  0  2  4    -5.154E+06       4.996
  16      3  0  0  3     1.208E+08       7.478
  19      3  0  2  5    -5.769E+06       5.877
  24      3  3  0  3    -2.566E+08       7.789
  29      3  3  2  5     1.243E+07       5.933
  47      4  3  2  6     3.156E+07       6.924
      10 terms extrapolated at long range
 
 Monitor exponential short range extrapolation
 Select terms above TRES =    3.00E+03  at R=   3.000
 itt         Vxxxx           Coeff   Exp fact.
   1      0  0  0  0     6.245E+07       1.657
   2      0  0  2  2     2.925E+07       2.106
   3      0  0  4  4     5.588E+06       2.292
   4      1  0  0  1     1.752E+07       1.830
   5      1  0  2  1    -3.154E+06       2.198
   6      1  0  2  3     1.163E+07       2.006
   9      2  0  0  2    -5.198E+07       2.173
  12      2  0  2  4    -2.834E+07       2.139
  15      2  0  4  6    -1.287E+07       2.542
  16      3  0  0  3    -3.171E+07       2.025
  18      3  0  2  3     1.369E+07       2.622
  19      3  0  2  5    -1.258E+08       2.701
  23      3  0  4  7    -3.103E+07       2.784
  24      3  3  0  3     5.468E+07       2.018
  27      3  3  2  3    -2.414E+07       2.630
  29      3  3  2  5     2.051E+08       2.673
  34      3  3  4  7     1.104E+08       2.982
  35      4  0  0  4     1.335E+07       2.526
  38      4  0  2  6     2.805E+07       2.762
  42      4  3  0  4     1.032E+08       2.472
  45      4  3  2  4    -1.659E+07       2.658
  47      4  3  2  6     3.984E+08       2.964
  49      4  3  4  8     2.393E+08       3.240
  50      5  0  0  5     1.402E+08       2.866
  53      5  0  2  7     4.136E+08       3.165
  56      5  0  4  9     3.037E+08       3.468
  57      5  3  0  5    -1.729E+07       2.783
  62      5  3  2  7    -2.297E+07       2.769
  64      6  0  0  6     8.431E+07       3.110
  66      6  0  2  8     3.812E+08       3.497
  67      6  0  4 10     1.869E+08       3.628
  68      6  3  0  6    -2.702E+08       3.110
  71      6  3  2  8    -1.022E+09       3.424
  72      6  3  4 10    -1.272E+09       3.817
  73      6  6  0  6     3.180E+08       3.154
  77      6  6  2  8     1.099E+09       3.433
  78      6  6  4 10     1.563E+09       3.858
  79      7  0  0  7    -1.814E+08       3.357
  82      7  0  2  9    -8.081E+08       3.684
  83      7  0  4 11    -1.388E+09       4.121
  84      7  3  0  7    -2.386E+08       3.409
  85      7  3  2  9    -1.352E+09       3.799
  86      7  3  4 11    -1.401E+09       4.091
  87      7  6  0  7     5.136E+08       3.398
  90      7  6  2  9     2.166E+09       3.692
  91      7  6  4 11     3.586E+09       4.118
  92      8  0  0  8    -3.361E+08       3.633
  93      8  0  2 10    -1.879E+09       3.992
  94      8  0  4 12    -3.070E+09       4.369
  95      8  3  0  8     2.280E+08       3.527
  97      8  3  2 10     1.459E+09       3.917
  98      8  3  4 12     3.818E+09       4.429
  99      8  6  0  8     1.095E+08       3.485
 100      8  6  2 10     1.701E+09       4.126
 101      8  6  4 12     3.271E+09       4.519
 103      9  3  0  9     4.059E+08       3.724
 104      9  3  2 11     4.234E+09       4.224
 105      9  3  4 13     1.235E+10       4.734
 106      9  6  0  9    -5.357E+08       3.851
 107      9  6  2 11    -2.882E+09       4.145
 108      9  6  4 13    -7.636E+09       4.645
 109      9  9  0  9     7.826E+08       3.911
 111      9  9  2 11     4.486E+09       4.214
 112      9  9  4 13     1.015E+10       4.666
 114     10  0  2 12     4.838E+09       4.494
 115     10  6  0 10    -6.708E+08       4.037
 116     10  6  2 12    -7.851E+09       4.529
 117     10  9  0 10     8.766E+08       4.015
 118     10  9  2 12     8.863E+09       4.464
 119     10  9  4 14     2.913E+10    tropic   Sigma(Aniso)    Ratio
     2.000     2.270E+06     3.564E+07     15.70
     2.100     1.923E+06     2.485E+07     12.92
     2.200     1.630E+06     1.745E+07     10.71
     2.300     1.381E+06     1.235E+07      8.94
     2.400     1.170E+06     8.803E+06      7.52
     2.500     9.912E+05     6.325E+06      6.38
     2.600     8.398E+05     4.579E+06      5.45
     2.700     7.115E+05     3.341E+06      4.70
     2.800     6.029E+05     2.456E+06      4.07
     2.900     5.108E+05     1.819E+06      3.56
     3.000     4.328E+05     1.356E+06      3.13
     3.100     3.667E+05     1.019E+06      2.78
     3.200     3.107E+05     7.700E+05      2.48
     3.300     2.632E+05     5.856E+05      2.22
     3.400     2.230E+05     4.480E+05      2.01
     3.500     1.890E+05     3.446E+05      1.82
 ==> Anisotropic terms may be large at shortest range;
 ==> Blind extrapolation of anisotropic terms is DANGEROUS;
 ==> Set up a more secure proportional extrapolation scheme.
 
 Set up smooth transition domains...
 Anisotropy fraction kept at shorter range     1.000
 Left  domain     3.000  ->      3.500
 Right domain    14.000  ->     15.000
 
 Initialization done.
 
 NLAM         120
tropic   Sigma(Aniso)    Ratio
     2.000     2.270E+06     3.564E+07     15.70
     2.100     1.923E+06     2.485E+07     12.92
     2.200     1.630E+06     1.745E+07     10.71
     2.300     1.381E+06     1.235E+07      8.94
     2.400     1.170E+06     8.803E+06      7.52
     2.500     9.912E+05     6.325E+06      6.38
     2.600     8.398E+05     4.579E+06      5.45
     2.700     7.115E+05     3.341E+06      4.70
     2.800     6.029E+05     2.456E+06      4.07
     2.900     5.108E+05     1.819E+06      3.56
     3.000     4.328E+05     1.356E+06      3.13
     3.100     3.667E+05     1.019E+06      2.78
     3.200     3.107E+05     7.700E+05      2.48
     3.300     2.632E+05     5.856E+05      2.22
     3.400     2.230E+05     4.480E+05      2.01
     3.500     1.890E+05     3.446E+05      1.82
 ==> Anisotropic terms may be large at shortest range;
 ==> Blind extrapolation of anisotropic terms is DANGEROUS;
 ==> Set up a more secure proportional extrapolation scheme.
 
 Set up smooth transition domains...
 Anisotropy fraction kept at shorter range     1.000
 Left  domain     3.000  ->      3.500
 Right domain    14.000  ->     15.000
 
 Initialization done.
 
 NLAM         120
 15.000  3000 120   1.633   0.000   0.000  1000  46   1.949   0.001   0.001
 
 Long range extrapolation:
 itt         Vxxxx           Coeff   1/R Power
   1      0  0  0  0    -2.228E+08       6.270
   2      0  0  2  2    -3.971E+07       6.755
   6      1  0  2  3     7.537E+05       3.989
   9      2  0  0  2    -7.962E+07       7.241
  12      2  0  2  4    -5.154E+06       4.996
  16      3  0  0  3     1.208E+08       7.478
  19      3  0  2  5    -5.769E+06       5.877
  24      3  3  0  3    -2.566E+08       7.789
  29      3  3  2  5     1.243E+07       5.933
  47      4  3  2  6     3.156E+07       6.924
      10 terms extrapolated at long range
 
 Monitor exponential short range extrapolation
 Select terms above TRES =    3.00E+03  at R=   3.000
 itt         Vxxxx           Coeff   Exp fact.
   1      0  0  0  0     6.245E+07       1.657
   2      0  0  2  2     2.925E+07       2.106
   3      0  0  4  4     5.588E+06       2.292
   4      1  0  0  1     1.752E+07       1.830
   5      1  0  2  1    -3.154E+06       2.198
   6      1  0  2  3     1.163E+07       2.006
   9      2  0  0  2    -5.198E+07       2.173
  12      2  0  2  4    -2.834E+07       2.139
  15      2  0  4  6    -1.287E+07       2.542
  16      3  0  0  3    -3.171E+07       2.025
  18      3  0  2  3     1.369E+07       2.622
  19      3  0  2  5    -1.258E+08       2.701
  23      3  0  4  7    -3.103E+07       2.784
  24      3  3  0  3     5.468E+07       2.018
  27      3  3  2  3    -2.414E+07       2.630
  29      3  3  2  5     2.051E+08       2.673
  34      3  3  4  7     1.104E+08       2.982
  35      4  0  0  4     1.335E+07       2.526
  38      4  0  2  6     2.805E+07       2.762
  42      4  3  0  4     1.032E+08       2.472
  45      4  3  2  4    -1.659E+07       2.658
  47      4  3  2  6     3.984E+08       2.964
  49      4  3  4  8     2.393E+08       3.240
  50      5  0  0  5     1.402E+08       2.866
  53      5  0  2  7     4.136E+08       3.165
  56      5  0  4  9     3.037E+08       3.468
  57      5  3  0  5    -1.729E+07       2.783
  62      5  3  2  7    -2.297E+07       2.769
  64      6  0  0  6     8.431E+07       3.110
  66      6  0  2  8     3.812E+08       3.497
  67      6  0  4 10     1.869E+08       3.628
  68      6  3  0  6    -2.702E+08       3.110
  71      6  3  2  8    -1.022E+09       3.424
  72      6  3  4 10    -1.272E+09       3.817
  73      6  6  0  6     3.180E+08       3.154
  77      6  6  2  8     1.099E+09       3.433
  78      6  6  4 10     1.563E+09       3.858
  79      7  0  0  7    -1.814E+08       3.357
  82      7  0  2  9    -8.081E+08       3.684
  83      7  0  4 11    -1.388E+09       4.121
  84      7  3  0  7    -2.386E+08       3.409
  85      7  3  2  9    -1.352E+09       3.799
  86      7  3  4 11    -1.401E+09       4.091
  87      7  6  0  7     5.136E+08       3.398
  90      7  6  2  9     2.166E+09       3.692
  91      7  6  4 11     3.586E+09       4.118
  92      8  0  0  8    -3.361E+08       3.633
  93      8  0  2 10    -1.879E+09       3.992
  94      8  0  4 12    -3.070E+09       4.369
  95      8  3  0  8     2.280E+08       3.527
  97      8  3  2 10     1.459E+09       3.917
  98      8  3  4 12     3.818E+09       4.429
  99      8  6  0  8     1.095E+08       3.485
 100      8  6  2 10     1.701E+09       4.126
 101      8  6  4 12     3.271E+09       4.519
 103      9  3  0  9     4.059E+08       3.724
 104      9  3  2 11     4.234E+09       4.224
 105      9  3  4 13     1.235E+10       4.734
 106      9  6  0  9    -5.357E+08       3.851
 107      9  6  2 11    -2.882E+09       4.145
 108      9  6  4 13    -7.636E+09       4.645
 109      9  9  0  9     7.826E+08       3.911
 111      9  9  2 11     4.486E+09       4.214
 112      9  9  4 13     1.015E+10       4.666
 114     10  0  2 12     4.838E+09       4.494
 115     10  6  0 10    -6.708E+08       4.037
 116     10  6  2 12    -7.851E+09       4.529
 117     10  9  0 10     8.766E+08       4.015
 118     10  9  2 12     8.863E+09       4.464
 119     10  9  4 14     2.913E+10    tropic   Sigma(Aniso)    Ratio
     2.000     2.270E+06     3.564E+07     15.70
     2.100     1.923E+06     2.485E+07     12.92
     2.200     1.630E+06     1.745E+07     10.71
     2.300     1.381E+06     1.235E+07      8.94
     2.400     1.170E+06     8.803E+06      7.52
     2.500     9.912E+05     6.325E+06      6.38
     2.600     8.398E+05     4.579E+06      5.45
     2.700     7.115E+05     3.341E+06      4.70
     2.800     6.029E+05     2.456E+06      4.07
     2.900     5.108E+05     1.819E+06      3.56
     3.000     4.328E+05     1.356E+06      3.13
     3.100     3.667E+05     1.019E+06      2.78
     3.200     3.107E+05     7.700E+05      2.48
     3.300     2.632E+05     5.856E+05      2.22
     3.400     2.230E+05     4.480E+05      2.01
     3.500     1.890E+05     3.446E+05      1.82
 ==> Anisotropic terms may be large at shortest range;
 ==> Blind extrapolation of anisotropic terms is DANGEROUS;
 ==> Set up a more secure proportional extrapolation scheme.
 
 Set up smooth transition domains...
 Anisotropy fraction kept at shorter range     1.000
 Left  domain     3.000  ->      3.500
 Right domain    14.000  ->     15.000
 
 Initialization done.
 
 NLAM         120
tropic   Sigma(Aniso)    Ratio
     2.000     2.270E+06     3.564E+07     15.70
     2.100     1.923E+06     2.485E+07     12.92
     2.200     1.630E+06     1.745E+07     10.71
     2.300     1.381E+06     1.235E+07      8.94
     2.400     1.170E+06     8.803E+06      7.52
     2.500     9.912E+05     6.325E+06      6.38
     2.600     8.398E+05     4.579E+06      5.45
     2.700     7.115E+05     3.341E+06      4.70
     2.800     6.029E+05     2.456E+06      4.07
     2.900     5.108E+05     1.819E+06      3.56
     3.000     4.328E+05     1.356E+06      3.13
     3.100     3.667E+05     1.019E+06      2.78
     3.200     3.107E+05     7.700E+05      2.48
     3.300     2.632E+05     5.856E+05      2.22
     3.400     2.230E+05     4.480E+05      2.01
     3.500     1.890E+05     3.446E+05      1.82
 ==> Anisotropic terms may be large at shortest range;
 ==> Blind extrapolation of anisotropic terms is DANGEROUS;
 ==> Set up a more secure proportional extrapolation scheme.
 
 Set up smooth transition domains...
 Anisotropy fraction kept at shorter range     1.000
 Left  domain     3.000  ->      3.500
 Right domain    14.000  ->     15.000
 
 Initialization done.
 
 NLAM         120
tropic   Sigma(Aniso)    Ratio
     2.000     2.270E+06     3.564E+07     15.70
     2.100     1.923E+06     2.485E+07     12.92
     2.200     1.630E+06     1.745E+07     10.71
     2.300     1.381E+06     1.235E+07      8.94
     2.400     1.170E+06     8.803E+06      7.52
     2.500     9.912E+05     6.325E+06      6.38
     2.600     8.398E+05     4.579E+06      5.45
     2.700     7.115E+05     3.341E+06      4.70
     2.800     6.029E+05     2.456E+06      4.07
     2.900     5.108E+05     1.819E+06      3.56
     3.000     4.328E+05     1.356E+06      3.13
     3.100     3.667E+05     1.019E+06      2.78
     3.200     3.107E+05     7.700E+05      2.48
     3.300     2.632E+05     5.856E+05      2.22
     3.400     2.230E+05     4.480E+05      2.01
     3.500     1.890E+05     3.446E+05      1.82
 ==> Anisotropic terms may be large at shortest range;
 ==> Blind extrapolation of anisotropic terms is DANGEROUS;
 ==> Set up a more secure proportional extrapolation scheme.
 
 Set up smooth transition domains...
 Anisotropy fraction kept at shorter range     1.000
 Left  domain     3.000  ->      3.500
 Right domain    14.000  ->     15.000
 
 Initialization done.
 
 NLAM         120
tropic   Sigma(Aniso)    Ratio
     2.000     2.270E+06     3.564E+07     15.70
     2.100     1.923E+06     2.485E+07     12.92
     2.200     1.630E+06     1.745E+07     10.71
     2.300     1.381E+06     1.235E+07      8.94
     2.400     1.170E+06     8.803E+06      7.52
     2.500     9.912E+05     6.325E+06      6.38
     2.600     8.398E+05     4.579E+06      5.45
     2.700     7.115E+05     3.341E+06      4.70
     2.800     6.029E+05     2.456E+06      4.07
     2.900     5.108E+05     1.819E+06      3.56
     3.000     4.328E+05     1.356E+06      3.13
     3.100     3.667E+05     1.019E+06      2.78
     3.200     3.107E+05     7.700E+05      2.48
     3.300     2.632E+05     5.856E+05      2.22
     3.400     2.230E+05     4.480E+05      2.01
     3.500     1.890E+05     3.446E+05      1.82
 ==> Anisotropic terms may be large at shortest range;
 ==> Blind extrapolation of anisotropic terms is DANGEROUS;
 ==> Set up a more secure proportional extrapolation scheme.
 
 Set up smooth transition domains...
 Anisotropy fraction kept at shorter range     1.000
 Left  domain     3.000  ->      3.500
 Right domain    14.000  ->     15.000
 
 Initialization done.
 
 NLAM         120
tropic   Sigma(Aniso)    Ratio
     2.000     2.270E+06     3.564E+07     15.70
     2.100     1.923E+06     2.485E+07     12.92
     2.200     1.630E+06     1.745E+07     10.71
     2.300     1.381E+06     1.235E+07      8.94
     2.400     1.170E+06     8.803E+06      7.52
     2.500     9.912E+05     6.325E+06      6.38
     2.600     8.398E+05     4.579E+06      5.45
     2.700     7.115E+05     3.341E+06      4.70
     2.800     6.029E+05     2.456E+06      4.07
     2.900     5.108E+05     1.819E+06      3.56
     3.000     4.328E+05     1.356E+06      3.13
     3.100     3.667E+05     1.019E+06      2.78
     3.200     3.107E+05     7.700E+05      2.48
     3.300     2.632E+05     5.856E+05      2.22
     3.400     2.230E+05     4.480E+05      2.01
     3.500     1.890E+05     3.446E+05      1.82
 ==> Anisotropic terms may be large at shortest range;
 ==> Blind extrapolation of anisotropic terms is DANGEROUS;
 ==> Set up a more secure proportional extrapolation scheme.
 
 Set up smooth transition domains...
 Anisotropy fraction kept at shorter range     1.000
 Left  domain     3.000  ->      3.500
 Right domain    14.000  ->     15.000
 
 Initialization done.
 
 NLAM         120
 15.000  3000 120   1.633   0.000   0.000  1000  46   1.949   0.001   0.001
 
 Long range extrapolation:
 itt         Vxxxx           Coeff   1/R Power
   1      0  0  0  0    -2.228E+08       6.270
   2      0  0  2  2    -3.971E+07       6.755
   6      1  0  2  3     7.537E+05       3.989
   9      2  0  0  2    -7.962E+07       7.241
  12      2  0  2  4    -5.154E+06       4.996
  16      3  0  0  3     1.208E+08       7.478
  19      3  0  2  5    -5.769E+06       5.877
  24      3  3  0  3    -2.566E+08       7.789
  29      3  3  2  5     1.243E+07       5.933
  47      4  3  2  6     3.156E+07       6.924
      10 terms extrapolated at long range
 
 Monitor exponential short range extrapolation
 Select terms above TRES =    3.00E+03  at R=   3.000
 itt         Vxxxx           Coeff   Exp fact.
   1      0  0  0  0     6.245E+07       1.657
   2      0  0  2  2     2.925E+07       2.106
   3      0  0  4  4     5.588E+06       2.292
   4      1  0  0  1     1.752E+07       1.830
   5      1  0  2  1    -3.154E+06       2.198
   6      1  0  2  3     1.163E+07       2.006
   9      2  0  0  2    -5.198E+07       2.173
  12      2  0  2  4    -2.834E+07       2.139
  15      2  0  4  6    -1.287E+07       2.542
  16      3  0  0  3    -3.171E+07       2.025
  18      3  0  2  3     1.369E+07       2.622
  19      3  0  2  5    -1.258E+08       2.701
  23      3  0  4  7    -3.103E+07       2.784
  24      3  3  0  3     5.468E+07       2.018
  27      3  3  2  3    -2.414E+07       2.630
  29      3  3  2  5     2.051E+08       2.673
  34      3  3  4  7     1.104E+08       2.982
  35      4  0  0  4     1.335E+07       2.526
  38      4  0  2  6     2.805E+07       2.762
  42      4  3  0  4     1.032E+08       2.472
  45      4  3  2  4    -1.659E+07       2.658
  47      4  3  2  6     3.984E+08       2.964
  49      4  3  4  8     2.393E+08       3.240
  50      5  0  0  5     1.402E+08       2.866
  53      5  0  2  7     4.136E+08       3.165
  56      5  0  4  9     3.037E+08       3.468
  57      5  3  0  5    -1.729E+07       2.783
  62      5  3  2  7    -2.297E+07       2.769
  64      6  0  0  6     8.431E+07       3.110
  66      6  0  2  8     3.812E+08       3.497
  67      6  0  4 10     1.869E+08       3.628
  68      6  3  0  6    -2.702E+08       3.110
  71      6  3  2  8    -1.022E+09       3.424
  72      6  3  4 10    -1.272E+09       3.817
  73      6  6  0  6     3.180E+08       3.154
  77      6  6  2  8     1.099E+09       3.433
  78      6  6  4 10     1.563E+09       3.858
  79      7  0  0  7    -1.814E+08       3.357
  82      7  0  2  9    -8.081E+08       3.684
  83      7  0  4 11    -1.388E+09       4.121
  84      7  3  0  7    -2.386E+08       3.409
  85      7  3  2  9    -1.352E+09       3.799
  86      7  3  4 11    -1.401E+09       4.091
  87      7  6  0  7     5.136E+08       3.398
  90      7  6  2  9     2.166E+09       3.692
  91      7  6  4 11     3.586E+09       4.118
  92      8  0  0  8    -3.361E+08       3.633
  93      8  0  2 10    -1.879E+09       3.992
  94      8  0  4 12    -3.070E+09       4.369
  95      8  3  0  8     2.280E+08       3.527
  97      8  3  2 10     1.459E+09       3.917
  98      8  3  4 12     3.818E+09       4.429
  99      8  6  0  8     1.095E+08       3.485
 100      8  6  2 10     1.701E+09       4.126
 101      8  6  4 12     3.271E+09       4.519
 103      9  3  0  9     4.059E+08       3.724
 104      9  3  2 11     4.234E+09       4.224
 105      9  3  4 13     1.235E+10       4.734
 106      9  6  0  9    -5.357E+08       3.851
 107      9  6  2 11    -2.882E+09       4.145
 108      9  6  4 13    -7.636E+09       4.645
 109      9  9  0  9     7.826E+08       3.911
 111      9  9  2 11     4.486E+09       4.214
 112      9  9  4 13     1.015E+10       4.666
 114     10  0  2 12     4.838E+09       4.494
 115     10  6  0 10    -6.708E+08       4.037
 116     10  6  2 12    -7.851E+09       4.529
 117     10  9  0 10     8.766E+08       4.015
 118     10  9  2 12     8.863E+09       4.464
 119     10  9  4 14     2.913E+10     15.000  3000 120   1.633   0.000   0.000  1000  46   1.949   0.001   0.001
 
 Long range extrapolation:
 itt         Vxxxx           Coeff   1/R Power
   1      0  0  0  0    -2.228E+08       6.270
   2      0  0  2  2    -3.971E+07       6.755
   6      1  0  2  3     7.537E+05       3.989
   9      2  0  0  2    -7.962E+07       7.241
  12      2  0  2  4    -5.154E+06       4.996
  16      3  0  0  3     1.208E+08       7.478
  19      3  0  2  5    -5.769E+06       5.877
  24      3  3  0  3    -2.566E+08       7.789
  29      3  3  2  5     1.243E+07       5.933
  47      4  3  2  6     3.156E+07       6.924
      10 terms extrapolated at long range
 
 Monitor exponential short range extrapolation
 Select terms above TRES =    3.00E+03  at R=   3.000
 itt         Vxxxx           Coeff   Exp fact.
   1      0  0  0  0     6.245E+07       1.657
   2      0  0  2  2     2.925E+07       2.106
   3      0  0  4  4     5.588E+06       2.292
   4      1  0  0  1     1.752E+07       1.830
   5      1  0  2  1    -3.154E+06       2.198
   6      1  0  2  3     1.163E+07       2.006
   9      2  0  0  2    -5.198E+07       2.173
  12      2  0  2  4    -2.834E+07       2.139
  15      2  0  4  6    -1.287E+07       2.542
  16      3  0  0  3    -3.171E+07       2.025
  18      3  0  2  3     1.369E+07       2.622
  19      3  0  2  5    -1.258E+08       2.701
  23      3  0  4  7    -3.103E+07       2.784
  24      3  3  0  3     5.468E+07       2.018
  27      3  3  2  3    -2.414E+07       2.630
  29      3  3  2  5     2.051E+08       2.673
  34      3  3  4  7     1.104E+08       2.982
  35      4  0  0  4     1.335E+07       2.526
  38      4  0  2  6     2.805E+07       2.762
  42      4  3  0  4     1.032E+08       2.472
  45      4  3  2  4    -1.659E+07       2.658
  47      4  3  2  6     3.984E+08       2.964
  49      4  3  4  8     2.393E+08       3.240
  50      5  0  0  5     1.402E+08       2.866
  53      5  0  2  7     4.136E+08       3.165
  56      5  0  4  9     3.037E+08       3.468
  57      5  3  0  5    -1.729E+07       2.783
  62      5  3  2  7    -2.297E+07       2.769
  64      6  0  0  6     8.431E+07       3.110
  66      6  0  2  8     3.812E+08       3.497
  67      6  0  4 10     1.869E+08       3.628
  68      6  3  0  6    -2.702E+08       3.110
  71      6  3  2  8    -1.022E+09       3.424
  72      6  3  4 10    -1.272E+09       3.817
  73      6  6  0  6     3.180E+08       3.154
  77      6  6  2  8     1.099E+09       3.433
  78      6  6  4 10     1.563E+09       3.858
  79      7  0  0  7    -1.814E+08       3.357
  82      7  0  2  9    -8.081E+08       3.684
  83      7  0  4 11    -1.388E+09       4.121
  84      7  3  0  7    -2.386E+08       3.409
  85      7  3  2  9    -1.352E+09       3.799
 15.000  3000 120   1.633   0.000   0.000  1000  46   1.949   0.001   0.001
 
 Long range extrapolation:
 itt         Vxxxx           Coeff   1/R Power
   1      0  0  0  0    -2.228E+08       6.270
   2      0  0  2  2    -3.971E+07       6.755
   6      1  0  2  3     7.537E+05       3.989
   9      2  0  0  2    -7.962E+07       7.241
  12      2  0  2  4    -5.154E+06       4.996
  16      3  0  0  3     1.208E+08       7.478
  19      3  0  2  5    -5.769E+06       5.877
  24      3  3  0  3    -2.566E+08       7.789
  29      3  3  2  5     1.243E+07       5.933
  47      4  3  2  6     3.156E+07       6.924
      10 terms extrapolated at long range
 
 Monitor exponential short range extrapolation
 Select terms above TRES =    3.00E+03  at R=   3.000
 itt         Vxxxx           Coeff   Exp fact.
   1      0  0  0  0     6.245E+07       1.657
   2      0  0  2  2     2.925E+07       2.106
   3      0  0  4  4     5.588E+06       2.292
   4      1  0  0  1     1.752E+07       1.830
   5      1  0  2  1    -3.154E+06       2.198
   6      1  0  2  3     1.163E+07       2.006
   9      2  0  0  2    -5.198E+07       2.173
  12      2  0  2  4    -2.834E+07       2.139
  15      2  0  4  6    -1.287E+07       2.542
  16      3  0  0  3    -3.171E+07       2.025
  18      3  0  2  3     1.369E+07       2.622
  19      3  0  2  5    -1.258E+08       2.701
  23      3  0  4  7    -3.103E+07       2.784
  24      3  3  0  3     5.468E+07       2.018
  27      3  3  2  3    -2.414E+07       2.630
  29      3  3  2  5     2.051E+08       2.673
  34      3  3  4  7     1.104E+08       2.982
  35      4  0  0  4     1.335E+07       2.526
  38      4  0  2  6     2.805E+07       2.762
  42      4  3  0  4     1.032E+08       2.472
  45      4  3  2  4    -1.659E+07       2.658
  47      4  3  2  6     3.984E+08       2.964
  49      4  3  4  8     2.393E+08       3.240
  50      5  0  0  5     1.402E+08       2.866
  53      5  0  2  7     4.136E+08       3.165
  56      5  0  4  9     3.037E+08       3.468
  57      5  3  0  5    -1.729E+07       2.783
  62      5  3  2  7    -2.297E+07       2.769
  64      6  0  0  6     8.431E+07       3.110
  66      6  0  2  8     3.812E+08       3.497
  67      6  0  4 10     1.869E+08       3.628
  68      6  3  0  6    -2.702E+08       3.110
  71      6  3  2  8    -1.022E+09       3.424
  72      6  3  4 10    -1.272E+09       3.817
  73      6  6  0  6     3.180E+08       3.154
  77      6  6  2  8     1.099E+09       3.433
  78      6  6  4 10     1.563E+09       3.858
  79      7  0  0  7    -1.814E+08       3.357
  82      7  0  2  9    -8.081E+08       3.684
  83      7  0  4 11    -1.388E+09       4.121
  84      7  3  0  7    -2.386E+08       3.409
  85      7  3  2  9    -1.352E+09       3.799
  86      7  3  4 11    -1.401E+09       4.091
  87      7  6  0  7     5.136E+08       3.398
  90      7  6  2  9     2.166E+09       3.692
  91      7  6  4 11     3.586E+09       4.118
  92      8  0  0  8    -3.361E+08       3.633
  93      8  0  2 10    -1.879E+09       3.992
  94      8  0  4 12    -3.070E+09       4.369
  95      8  3  0  8     2.280E+08       3.527
  97      8  3  2 10     1.459E+09       3.917
  98      8  3  4 12     3.818E+09       4.429
  99      8  6  0  8     1.095E+08       3.485
 100      8  6  2 10     1.701E+09       4.126
 101      8  6  4 12     3.271E+09       4.519
 103      9  3  0  9     4.059E+08       3.724
 104      9  3  2 11     4.234E+09       4.224
 105      9  3  4 13     1.235E+10       4.734
 106      9  6  0  9    -5.357E+08       3.851
 107      9  6  2 11    -2.882E+09       4.145
 108      9  6  4 13    -7.636E+09       4.645
 109      9  9  0  9     7.826E+08       3.911
 111      9  9  2 11     4.486E+09       4.214
 112      9  9  4 13     1.015E+10       4.666
 114     10  0  2 12     4.838E+09       4.494
 115     10  6  0 10    -6.708E+08       4.037
 116     10  6  2 12    -7.851E+09       4.529
 117     10  9  0 10     8.766E+08       4.015
 118     10  9  2 12     8.863E+09       4.464
 119     10  9  4 14     2.913E+10     15.000  3000 120   1.633   0.000   0.000  1000  46   1.949   0.001   0.001
 
 Long range extrapolation:
 itt         Vxxxx           Coeff   1/R Power
   1      0  0  0  0    -2.228E+08       6.270
   2      0  0  2  2    -3.971E+07       6.755
   6      1  0  2  3     7.537E+05       3.989
   9      2  0  0  2    -7.962E+07       7.241
  12      2  0  2  4    -5.154E+06       4.996
  16      3  0  0  3     1.208E+08       7.478
  19      3  0  2  5    -5.769E+06       5.877
  24      3  3  0  3    -2.566E+08       7.789
  29      3  3  2  5     1.243E+07       5.933
  47      4  3  2  6     3.156E+07       6.924
      10 terms extrapolated at long range
 
 Monitor exponential short range extrapolation
 Select terms above TRES =    3.00E+03  at R=   3.000
 itt         Vxxxx           Coeff   Exp fact.
   1      0  0  0  0     6.245E+07       1.657
   2      0  0  2  2     2.925E+07       2.106
   3      0  0  4  4     5.588E+06       2.292
   4      1  0  0  1     1.752E+07       1.830
   5      1  0  2  1    -3.154E+06       2.198
   6      1  0  2  3     1.163E+07       2.006
   9      2  0  0  2    -5.198E+07       2.173
  12      2  0  2  4    -2.834E+07       2.139
  15      2  0  4  6    -1.287E+07       2.542
  16      3  0  0  3    -3.171E+07       2.025
  18      3  0  2  3     1.369E+07       2.622
  19      3  0  2  5    -1.258E+08       2.701
  23      3  0  4  7    -3.103E+07       2.784
  24      3  3  0  3     5.468E+07       2.018
  27      3  3  2  3    -2.414E+07       2.630
  29      3  3  2  5     2.051E+08       2.673
  34      3  3  4  7     1.104E+08       2.982
  35      4  0  0  4     1.335E+07       2.526
  38      4  0  2  6     2.805E+07       2.762
  42      4  3  0  4     1.032E+08       2.472
  45      4  3  2  4    -1.659E+07       2.658
  47      4  3  2  6     3.984E+08       2.964
  49      4  3  4  8     2.393E+08       3.240
  50      5  0  0  5     1.402E+08       2.866
  53      5  0  2  7     4.136E+08       3.165
  56      5  0  4  9     3.037E+08       3.468
  57      5  3  0  5    -1.729E+07       2.783
  62      5  3  2  7    -2.297E+07       2.769
  64      6  0  0  6     8.431E+07       3.110
  66      6  0  2  8     3.812E+08       3.497
  67      6  0  4 10     1.869E+08       3.628
  68      6  3  0  6    -2.702E+08       3.110
  71      6  3  2  8    -1.022E+09       3.424
  72      6  3  4 10    -1.272E+09       3.817
  73      6  6  0  6     3.180E+08       3.154
  77      6  6  2  8     1.099E+09       3.433
  78      6  6  4 10     1.563E+09       3.858
  79      7  0  0  7    -1.814E+08       3.357
  82      7  0  2  9    -8.081E+08       3.684
  83      7  0  4 11    -1.388E+09       4.121
  84      7  3  0  7    -2.386E+08       3.409
  85      7  3  2  9    -1.352E+09       3.799
  86      7  3  4 11    -1.401E+09       4.091
  87      7  6  0  7     5.136E+08       3.398
  90      7  6  2  9     2.166E+09       3.692
  91      7  6  4 11     3.586E+09       4.118
  92      8  0  0  8    -3.361E+08       3.633
  93      8  0  2 10    -1.879E+09       3.992
  94      8  0  4 12    -3.070E+09       4.369
  95      8  3  0  8     2.280E+08       3.527
  97      8  3  2 10     1.459E+09       3.917
  98      8  3  4 12     3.818E+09       4.429
  99      8  6  0  8     1.095E+08       3.485
 100      8  6  2 10     1.701E+09       4.126
 101      8  6  4 12     3.271E+09       4.519
 103      9  3  0  9     4.059E+08       3.724
 104      9  3  2 11     4.234E+09       4.224
 105      9  3  4 13     1.235E+10       4.734
 106      9  6  0  9    -5.357E+08       3.851
 107      9  6  2 11    -2.882E+09       4.145
 108      9  6  4 13    -7.636E+09       4.645
 109      9  9  0  9     7.826E+08       3.911
 111      9  9  2 11     4.486E+09       4.214
 112      9  9  4 13     1.015E+10       4.666
 114     10  0  2 12     4.838E+09       4.494
 115     10  6  0 10    -6.708E+08       4.037
 116     10  6  2 12    -7.851E+09       4.529
 117     10  9  0 10     8.766E+08       4.015
 118     10  9  2 12     8.863E+09       4.464
 119     10  9  4 14     2.913E+10      38      4  0  2  6     2.805E+07       2.762
  42      4  3  0  4     1.032E+08       2.472
  45      4  3  2  4    -1.659E+07       2.658
  47      4  3  2  6     3.984E+08       2.964
  49      4  3  4  8     2.393E+08       3.240
  50      5  0  0  5     1.402E+08       2.866
  53      5  0  2  7     4.136E+08       3.165
  56      5  0  4  9     3.037E+08       3.468
  57      5  3  0  5    -1.729E+07       2.783
  62      5  3  2  7    -2.297E+07       2.769
  64      6  0  0  6     8.431E+07       3.110
  66      6  0  2  8     3.812E+08       3.497
  67      6  0  4 10     1.869E+08       3.628
  68      6  3  0  6    -2.702E+08       3.110
  71      6  3  2  8    -1.022E+09       3.424
  72      6  3  4 10    -1.272E+09       3.817
  73      6  6  0  6     3.180E+08       3.154
  77      6  6  2  8     1.099E+09       3.433
  78      6  6  4 10     1.563E+09       3.858
  79      7  0  0  7    -1.814E+08       3.357
  82      7  0  2  9    -8.081E+08       3.684
  83      7  0  4 11    -1.388E+09       4.121
  84      7  3  0  7    -2.386E+08       3.409
  85      7  3  2  9    -1.352E+09       3.799
  86      7  3  4 11    -1.401E+09       4.091
  87      7  6  0  7     5.136E+08       3.398
  90      7  6  2  9     2.166E+09       3.692
  91      7  6  4 11     3.586E+09       4.118
  92      8  0  0  8    -3.361E+08       3.633
  93      8  0  2 10    -1.879E+09       3.992
  94      8  0  4 12    -3.070E+09       4.369
  95      8  3  0  8     2.280E+08       3.527
  97      8  3  2 10     1.459E+09       3.917
  98      8  3  4 12     3.818E+09       4.429
  99      8  6  0  8     1.095E+08       3.485
 100      8  6  2 10     1.701E+09       4.126
 101      8  6  4 12     3.271E+09       4.519
 103      9  3  0  9     4.059E+08       3.724
 104      9  3  2 11     4.234E+09       4.224
 105      9  3  4 13     1.235E+10       4.734
 106      9  6  0  9    -5.357E+08       3.851
 107      9  6  2 11    -2.882E+09       4.145
 108      9  6  4 13    -7.636E+09       4.645
 109      9  9  0  9     7.826E+08       3.911
 111      9  9  2 11     4.486E+09       4.214
 112      9  9  4 13     1.015E+10       4.666
 114     10  0  2 12     4.838E+09       4.494
 115     10  6  0 10    -6.708E+08       4.037
 116     10  6  2 12    -7.851E+09       4.529
 117     10  9  0 10     8.766E+08       4.015
 118     10  9  2 12     8.863E+09       4.464
 119     10  9  4 14     2.913E+10       4.971
 120     11  3  2 13    -1.087E+10       4.773
 
     Dist      Isotropic   Sigma(Aniso)    Ratio
     2.000     2.270E+06     3.564E+07     15.70
     2.100     1.923E+06     2.485E+07     12.92
     2.200     1.630E+06     1.745E+07     10.71
     2.300     1.381E+06     1.235E+07      8.94
     2.400     1.170E+06     8.803E+06      7.52
     2.500     9.912E+05     6.325E+06      6.38
     2.600     8.398E+05     4.579E+06      5.45
     2.700     7.115E+05     3.341E+06      4.70
     2.800     6.029E+05     2.456E+06      4.07
     2.900     5.108E+05     1.819E+06      3.56
     3.000     4.328E+05     1.356E+06      3.13
     3.100     3.667E+05     1.019E+06      2.78
     3.200     3.107E+05     7.700E+05      2.48
     3.300     2.632E+05     5.856E+05      2.22
     3.400     2.230E+05     4.480E+05      2.01
     3.500     1.890E+05     3.446E+05      1.82
 ==> Anisotropic terms may be large at shortest range;
 ==> Blind extrapolation of anisotropic terms is DANGEROUS;
 ==> Set up a more secure proportional extrapolation scheme.
 
 Set up smooth transition domains...
 Anisotropy fraction kept at shorter range     1.000
 Left  domain     3.000  ->      3.500
 Right domain    14.000  ->     15.000
 
 Initialization done.
 
 NLAM         120
 15.000  3000 120   1.633   0.000   0.000  1000  46   1.949   0.001   0.001
 
 Long range extrapolation:
 itt         Vxxxx           Coeff   1/R Power
   1      0  0  0  0    -2.228E+08       6.270
   2      0  0  2  2    -3.971E+07       6.755
   6      1  0  2  3     7.537E+05       3.989
   9      2  0  0  2    -7.962E+07       7.241
  12      2  0  2  4    -5.154E+06       4.996
  16      3  0  0  3     1.208E+08       7.478
  19      3  0  2  5    -5.769E+06       5.877
  24      3  3  0  3    -2.566E+08       7.789
  29      3  3  2  5     1.243E+07       5.933
  47      4  3  2  6     3.156E+07       6.924
      10 terms extrapolated at long range
 
 Monitor exponential short range extrapolation
 Select terms above TRES =    3.00E+03  at R=   3.000
 itt         Vxxxx           Coeff   Exp fact.
   1      0  0  0  0     6.245E+07       1.657
   2      0  0  2  2     2.925E+07       2.106
   3      0  0  4  4     5.588E+06       2.292
   4      1  0  0  1     1.752E+07       1.830
   5      1  0  2  1    -3.154E+06       2.198
   6      1  0  2  3     1.163E+07       2.006
   9      2  0  0  2    -5.198E+07       2.173
  12      2  0  2  4    -2.834E+07       2.139
  15      2  0  4  6    -1.287E+07       2.542
  16      3  0  0  3    -3.171E+07       2.025
  18      3  0  2  3     1.369E+07       2.622
  19      3  0  2  5    -1.258E+08       2.701
  23      3  0  4  7    -3.103E+07       2.784
  24      3  3  0  3     5.468E+07       2.018
  27      3  3  2  3    -2.414E+07       2.630
  29      3  3  2  5     2.051E+08       2.673
  34      3  3  4  7     1.104E+08       2.982
  35      4  0  0  4     1.335E+07       2.526
  38      4  0  2  6     2.805E+07       2.762
  42      4  3  0  4     1.032E+08       2.472
  45      4  3  2  4    -1.659E+07       2.658
  47      4  3  2  6     3.984E+08       2.964
  49      4  3  4  8     2.393E+08       3.240
  50      5  0  0  5     1.402E+08       2.866
  53      5  0  2  7     4.136E+08       3.165
  56      5  0  4  9     3.037E+08       3.468
  57      5  3  0  5    -1.729E+07       2.783
  62      5  3  2  7    -2.297E+07       2.769
  64      6  0  0  6     8.431E+07       3.110
  66      6  0  2  8     3.812E+08       3.497
  67      6  0  4 10     1.869E+08       3.628
  68      6  3  0  6    -2.702E+08       3.110
  71      6  3  2  8    -1.022E+09       3.424
  72      6  3  4 10    -1.272E+09       3.817
  73      6  6  0  6     3.180E+08       3.154
  77      6  6  2  8     1.099E+09       3.433
  78      6  6  4 10     1.563E+09       3.858
  79      7  0  0  7    -1.814E+08       3.357
  82      7  0  2  9    -8.081E+08       3.684
  83      7  0  4 11    -1.388E+09       4.121
  84      7  3  0  7    -2.386E+08       3.409
  85      7  3  2  9    -1.352E+09       3.799
  86      7  3  4 11    -1.401E+09       4.091
  87      7  6  0  7     5.136E+08       3.398
  90      7  6  2  9     2.166E+09       3.692
  91      7  6  4 11     3.586E+09       4.118
  92      8  0  0  8    -3.361E+08       3.633
  93      8  0  2 10    -1.879E+09       3.992
  94      8  0  4 12    -3.070E+09       4.369
  95      8  3  0  8     2.280E+08       3.527
  97      8  3  2 10     1.459E+09       3.917
  98      8  3  4 12     3.818E+09       4.429
  99      8  6  0  8     1.095E+08       3.485
 100      8  6  2 10     1.701E+09       4.126
 101      8  6  4 12     3.271E+09       4.519
 103      9  3  0  9     4.059E+08       3.724
 104      9  3  2 11     4.234E+09       4.224
 105      9  3  4 13     1.235E+10       4.734
 106      9  6  0  9    -5.357E+08       3.851
 107      9  6  2 11    -2.882E+09       4.145
 108      9  6  4 13    -7.636E+09       4.645
 109      9  9  0  9     7.826E+08       3.911
 111      9  9  2 11     4.486E+09       4.214
 112      9  9  4 13     1.015E+10       4.666
 114     10  0  2 12     4.838E+09       4.494
 115     10  6  0 10    -6.708E+08       4.037
 116     10  6  2 12    -7.851E+09       4.529
 117     10  9  0 10     8.766E+08       4.015
 118     10  9  2 12     8.863E+09       4.464
 119     10  9  4 14     2.913E+10     15.000  3000 120   1.633   0.000   0.000  1000  46   1.949   0.001   0.001
 
 Long range extrapolation:
 itt         Vxxxx           Coeff   1/R Power
   1      0  0  0  0    -2.228E+08       6.270
   2      0  0  2  2    -3.971E+07       6.755
   6      1  0  2  3     7.537E+05       3.989
   9      2  0  0  2    -7.962E+07       7.241
  12      2  0  2  4    -5.154E+06       4.996
  16      3  0  0  3     1.208E+08       7.478
  19      3  0  2  5    -5.769E+06       5.877
  24      3  3  0  3    -2.566E+08       7.789
  29      3  3  2  5     1.243E+07       5.933
  47      4  3  2  6     3.156E+07       6.924
      10 terms extrapolated at long range
 
 Monitor exponential short range extrapolation
 Select terms above TRES =    3.00E+03  at R=   3.000
 itt         Vxxxx           Coeff   Exp fact.
   1      0  0  0  0     6.245E+07       1.657
   2      0  0  2  2     2.925E+07       2.106
   3      0  0  4  4     5.588E+06       2.292
   4      1  0  0  1     1.752E+07       1.830
   5      1  0  2  1    -3.154E+06       2.198
   6      1  0  2  3     1.163E+07       2.006
   9      2  0  0  2    -5.198E+07       2.173
  12      2  0  2  4    -2.834E+07       2.139
  15      2  0  4  6    -1.287E+07       2.542
  16      3  0  0  3    -3.171E+07       2.025
  18      3  0  2  3     1.369E+07       2.622
  19      3  0  2  5    -1.258E+08       2.701
  23      3  0  4  7    -3.103E+07       2.784
  24      3  3  0  3     5.468E+07       2.018
  27      3  3  2  3    -2.414E+07       2.630
  29      3  3  2  5     2.051E+08       2.673
  34      3  3  4  7     1.104E+08       2.982
  35      4  0  0  4     1.335E+07       2.526
  38      4  0  2  6     2.805E+07       2.762
  42      4  3  0  4     1.032E+08       2.472
  45      4  3  2  4    -1.659E+07       2.658
  47      4  3  2  6     3.984E+08       2.964
  49      4  3  4  8     2.393E+08       3.240
  50      5  0  0  5     1.402E+08       2.866
  53      5  0  2  7     4.136E+08       3.165
  56      5  0  4  9     3.037E+08       3.468
  57      5  3  0  5    -1.729E+07       2.783
  62      5  3  2  7    -2.297E+07       2.769
  64      6  0  0  6     8.431E+07       3.110
  66      6  0  2  8     3.812E+08       3.497
  67      6  0  4 10     1.869E+08       3.628
  68      6  3  0  6    -2.702E+08       3.110
  71      6  3  2  8    -1.022E+09       3.424
  72      6  3  4 10    -1.272E+09       3.817
  73      6  6  0  6     3.180E+08       3.154
  77      6  6  2  8     1.099E+09       3.433
  78      6  6  4 10     1.563E+09       3.858
  79      7  0  0  7    -1.814E+08       3.357
  82      7  0  2  9    -8.081E+08       3.684
  83      7  0  4 11    -1.388E+09       4.121
  84      7  3  0  7    -2.386E+08       3.409
  85      7  3  2  9    -1.352E+09       3.799
  86      7  3  4 11    -1.401E+09       4.091
  87      7  6  0  7     5.136E+08       3.398
  90      7  6  2  9     2.166E+09       3.692
  91      7  6  4 11     3.586E+09       4.118
  92      8  0  0  8    -3.361E+08       3.633
  93      8  0  2 10    -1.879E+09       3.992
  94      8  0  4 12    -3.070E+09       4.369
  95      8  3  0  8     2.280E+08       3.527
  97      8  3  2 10     1.459E+09       3.917
  98      8  3  4 12     3.818E+09       4.429
  99      8  6  0  8     1.095E+08       3.485
 100      8  6  2 10     1.701E+09       4.126
 101      8  6  4 12     3.271E+09       4.519
 103      9  3  0  9     4.059E+08       3.724
 104      9  3  2 11     4.234E+09       4.224
 105      9  3  4 13     1.235E+10       4.734
 106      9  6  0  9    -5.357E+08       3.851
 107      9  6  2 11    -2.882E+09       4.145
 108      9  6  4 13    -7.636E+09       4.645
 109      9  9  0  9     7.826E+08       3.911
 111      9  9  2 11     4.486E+09       4.214
 112      9  9  4 13     1.015E+10       4.666
 114     10  0  2 12     4.838E+09       4.494
 115     10  6  0 10    -6.708E+08       4.037
 116     10  6  2 12    -7.851E+09       4.529
 117     10  9  0 10     8.766E+08       4.015
 118     10  9  2 12     8.863E+09       4.464
 119     10  9  4 14     2.913E+10     15.000  3000 120   1.633   0.000   0.000  1000  46   1.949   0.001   0.001
 
 Long range extrapolation:
 itt         Vxxxx           Coeff   1/R Power
   1      0  0  0  0    -2.228E+08       6.270
   2      0  0  2  2    -3.971E+07       6.755
   6      1  0  2  3     7.537E+05       3.989
   9      2  0  0  2    -7.962E+07       7.241
  12      2  0  2  4    -5.154E+06       4.996
  16      3  0  0  3     1.208E+08       7.478
  19      3  0  2  5    -5.769E+06       5.877
  24      3  3  0  3    -2.566E+08       7.789
  29      3  3  2  5     1.243E+07       5.933
  47      4  3  2  6     3.156E+07       6.924
      10 terms extrapolated at long range
 
 Monitor exponential short range extrapolation
 Select terms above TRES =    3.00E+03  at R=   3.000
 itt         Vxxxx           Coeff   Exp fact.
   1      0  0  0  0     6.245E+07       1.657
   2      0  0  2  2     2.925E+07       2.106
   3      0  0  4  4     5.588E+06       2.292
   4      1  0  0  1     1.752E+07       1.830
   5      1  0  2  1    -3.154E+06       2.198
   6      1  0  2  3     1.163E+07       2.006
   9      2  0  0  2    -5.198E+07       2.173
  12      2  0  2  4    -2.834E+07       2.139
  15      2  0  4  6    -1.287E+07       2.542
  16      3  0  0  3    -3.171E+07       2.025
  18      3  0  2  3     1.369E+07       2.622
  19      3  0  2  5    -1.258E+08       2.701
  23      3  0  4  7    -3.103E+07       2.784
  24      3  3  0  3     5.468E+07       2.018
  27      3  3  2  3    -2.414E+07       2.630
  29      3  3  2  5     2.051E+08       2.673
  34      3  3  4  7     1.104E+08       2.982
  35      4  0  0  4     1.335E+07       2.526
  38      4  0  2  6     2.805E+07       2.762
  42      4  3  0  4     1.032E+08       2.472
  45      4  3  2  4    -1.659E+07       2.658
  47      4  3  2  6     3.984E+08       2.964
  49      4  3  4  8     2.393E+08       3.240
  50      5  0  0  5     1.402E+08       2.866
  53      5  0  2  7     4.136E+08       3.165
  56      5  0  4  9     3.037E+08       3.468
  57      5  3  0  5    -1.729E+07       2.783
  62      5  3  2  7    -2.297E+07       2.769
  64      6  0  0  6     8.431E+07       3.110
  66      6  0  2  8     3.812E+08       3.497
  67      6  0  4 10     1.869E+08       3.628
  68      6  3  0  6    -2.702E+08       3.110
  71      6  3  2  8    -1.022E+09       3.424
  72      6  3  4 10    -1.272E+09       3.817
  73      6  6  0  6     3.180E+08       3.154
  77      6  6  2  8     1.099E+09       3.433
  78      6  6  4 10     1.563E+09       3.858
  79      7  0  0  7    -1.814E+08       3.357
  82      7  0  2  9    -8.081E+08       3.684
  83      7  0  4 11    -1.388E+09       4.121
  84      7  3  0  7    -2.386E+08       3.409
  85      7  3  2  9    -1.352E+09       3.799
  86      7  3  4 11    -1.401E+09       4.091
  87      7  6  0  7     5.136E+08       3.398
  90      7  6  2  9     2.166E+09       3.692
  91      7  6  4 11     3.586E+09       4.118
  92      8  0  0  8    -3.361E+08       3.633
  93      8  0  2 10    -1.879E+09       3.992
  94      8  0  4 12    -3.070E+09       4.369
  95      8  3  0  8     2.280E+08       3.527
  97      8  3  2 10     1.459E+09       3.917
  98      8  3  4 12     3.818E+09       4.429
  99      8  6  0  8     1.095E+08       3.485
 100      8  6  2 10     1.701E+09       4.126
 101      8  6  4 12     3.271E+09       4.519
 103      9  3  0  9     4.059E+08       3.724
 104      9  3  2 11     4.234E+09       4.224
 105      9  3  4 13     1.235E+10       4.734
 106      9  6  0  9    -5.357E+08       3.851
 107      9  6  2 11    -2.882E+09       4.145
 108      9  6  4 13    -7.636E+09       4.645
 109      9  9  0  9     7.826E+08       3.911
 111      9  9  2 11     4.486E+09       4.214
 112      9  9  4 13     1.015E+10       4.666
 114     10  0  2 12     4.838E+09       4.494
 115     10  6  0 10    -6.708E+08       4.037
 116     10  6  2 12    -7.851E+09       4.529
 117     10  9  0 10     8.766E+08       4.015
 118     10  9  2 12     8.863E+09       4.464
 119     10  9  4 14     2.913E+10     15.000  3000 120   1.633   0.000   0.000  1000  46   1.949   0.001   0.001
 
 Long range extrapolation:
 itt         Vxxxx           Coeff   1/R Power
   1      0  0  0  0    -2.228E+08       6.270
   2      0  0  2  2    -3.971E+07       6.755
   6      1  0  2  3     7.537E+05       3.989
   9      2  0  0  2    -7.962E+07       7.241
  12      2  0  2  4    -5.154E+06       4.996
  16      3  0  0  3     1.208E+08       7.478
  19      3  0  2  5    -5.769E+06       5.877
  24      3  3  0  3    -2.566E+08       7.789
  29      3  3  2  5     1.243E+07       5.933
  47      4  3  2  6     3.156E+07       6.924
      10 terms extrapolated at long range
 
 Monitor exponential short range extrapolation
 Select terms above TRES =    3.00E+03  at R=   3.000
 itt         Vxxxx           Coeff   Exp fact.
   1      0  0  0  0     6.245E+07       1.657
   2      0  0  2  2     2.925E+07       2.106
   3      0  0  4  4     5.588E+06       2.292
   4      1  0  0  1     1.752E+07       1.830
   5      1  0  2  1    -3.154E+06       2.198
   6      1  0  2  3     1.163E+07       2.006
   9      2  0  0  2    -5.198E+07       2.173
  12      2  0  2  4    -2.834E+07       2.139
  15      2  0  4  6    -1.287E+07       2.542
  16      3  0  0  3    -3.171E+07       2.025
  18      3  0  2  3     1.369E+07       2.622
  19      3  0  2  5    -1.258E+08       2.701
  23      3  0  4  7    -3.103E+07       2.784
  24      3  3  0  3     5.468E+07       2.018
  27      3  3  2  3    -2.414E+07       2.630
  29      3  3  2  5     2.051E+08       2.673
  34      3  3  4  7     1.104E+08       2.982
  35      4  0  0  4     1.335E+07       2.526
  38      4  0  2  6     2.805E+07       2.762
  42      4  3  0  4     1.032E+08       2.472
  45      4  3  2  4    -1.659E+07       2.658
  47      4  3  2  6     3.984E+08       2.964
  49      4  3  4  8     2.393E+08       3.240
  50      5  0  0  5     1.402E+08       2.866
  53      5  0  2  7     4.136E+08       3.165
  56      5  0  4  9     3.037E+08       3.468
  57      5  3  0  5    -1.729E+07       2.783
  62      5  3  2  7    -2.297E+07       2.769
  64      6  0  0  6     8.431E+07       3.110
  66      6  0  2  8     3.812E+08       3.497
  67      6  0  4 10     1.869E+08       3.628
  68      6  3  0  6    -2.702E+08       3.110
  71      6  3  2  8    -1.022E+09       3.424
  72      6  3  4 10    -1.272E+09       3.817
  73      6  6  0  6     3.180E+08       3.154
  77      6  6  2  8     1.099E+09       3.433
  78      6  6  4 10     1.563E+09       3.858
  79      7  0  0  7    -1.814E+08       3.357
  82      7  0  2  9    -8.081E+08       3.684
  83      7  0  4 11    -1.388E+09       4.121
  84      7  3  0  7    -2.386E+08       3.409
  85      7  3  2  9    -1.352E+09       3.799
  86      7  3  4 11    -1.401E+09       4.091
  87      7  6  0  7     5.136E+08       3.398
  90      7  6  2  9     2.166E+09       3.692
  91      7  6  4 11     3.586E+09       4.118
  92      8  0  0  8    -3.361E+08       3.633
  93      8  0  2 10    -1.879E+09       3.992
  94      8  0  4 12    -3.070E+09       4.369
  95      8  3  0  8     2.280E+08       3.527
  97      8  3  2 10     1.459E+09       3.917
  98      8  3  4 12     3.818E+09       4.429
  99      8  6  0  8     1.095E+08       3.485
 100      8  6  2 10     1.701E+09       4.126
 101      8  6  4 12     3.271E+09       4.519
 103      9  3  0  9     4.059E+08       3.724
 104      9  3  2 11     4.234E+09       4.224
 105      9  3  4 13     1.235E+10       4.734
 106      9  6  0  9    -5.357E+08       3.851
 107      9  6  2 11    -2.882E+09       4.145
 108      9  6  4 13    -7.636E+09       4.645
 109      9  9  0  9     7.826E+08       3.911
 111      9  9  2 11     4.486E+09       4.214
 112      9  9  4 13     1.015E+10       4.666
 114     10  0  2 12     4.838E+09       4.494
 115     10  6  0 10    -6.708E+08       4.037
 116     10  6  2 12    -7.851E+09       4.529
 117     10  9  0 10     8.766E+08       4.015
 118     10  9  2 12     8.863E+09       4.464
 119     10  9  4 14     2.913E+10     15.000  3000 120   1.633   0.000   0.000  1000  46   1.949   0.001   0.001
 
 Long range extrapolation:
 itt         Vxxxx           Coeff   1/R Power
   1      0  0  0  0    -2.228E+08       6.270
   2      0  0  2  2    -3.971E+07       6.755
   6      1  0  2  3     7.537E+05       3.989
   9      2  0  0  2    -7.962E+07       7.241
  12      2  0  2  4    -5.154E+06       4.996
  16      3  0  0  3     1.208E+08       7.478
  19      3  0  2  5    -5.769E+06       5.877
  24      3  3  0  3    -2.566E+08       7.789
  29      3  3  2  5     1.243E+07       5.933
  47      4  3  2  6     3.156E+07       6.924
      10 terms extrapolated at long range
 
 Monitor exponential short range extrapolation
 Select terms above TRES =    3.00E+03  at R=   3.000
 itt         Vxxxx           Coeff   Exp fact.
   1      0  0  0  0     6.245E+07       1.657
   2      0  0  2  2     2.925E+07       2.106
   3      0  0  4  4     5.588E+06       2.292
   4      1  0  0  1     1.752E+07       1.830
   5      1  0  2  1    -3.154E+06       2.198
   6      1  0  2  3     1.163E+07       2.006
   9      2  0  0  2    -5.198E+07       2.173
  12      2  0  2  4    -2.834E+07       2.139
  15      2  0  4  6    -1.287E+07       2.542
  16      3  0  0  3    -3.171E+07       2.025
  18      3  0  2  3     1.369E+07       2.622
  19      3  0  2  5    -1.258E+08       2.701
  23      3  0  4  7    -3.103E+07       2.784
  24      3  3  0  3     5.468E+07       2.018
  27      3  3  2  3    -2.414E+07       2.630
  29      3  3  2  5     2.051E+08       2.673
  34      3  3  4  7     1.104E+08       2.982
  35      4  0  0  4     1.335E+07       2.526
  38      4  0  2  6     2.805E+07       2.762
  42      4  3  0  4     1.032E+08       2.472
  45      4  3  2  4    -1.659E+07       2.658
  47      4  3  2  6     3.984E+08       2.964
  49      4  3  4  8     2.393E+08       3.240
  50      5  0  0  5     1.402E+08       2.866
  53      5  0  2  7     4.136E+08       3.165
  56      5  0  4  9     3.037E+08       3.468
  57      5  3  0  5    -1.729E+07       2.783
  62      5  3  2  7    -2.297E+07       2.769
  64      6  0  0  6     8.431E+07       3.110
  66      6  0  2  8     3.812E+08       3.497
  67      6  0  4 10     1.869E+08       3.628
  68      6  3  0  6    -2.702E+08       3.110
  71      6  3  2  8    -1.022E+09       3.424
  72      6  3  4 10    -1.272E+09       3.817
  73      6  6  0  6     3.180E+08       3.154
  77      6  6  2  8     1.099E+09       3.433
  78      6  6  4 10     1.563E+09       3.858
  79      7  0  0  7    -1.814E+08       3.357
  82      7  0  2  9    -8.081E+08       3.684
  83      7  0  4 11    -1.388E+09       4.121
  84      7  3  0  7    -2.386E+08       3.409
  85      7  3  2  9    -1.352E+09       3.799
  86      7  3  4 11    -1.401E+09       4.091
  87      7  6  0  7     5.136E+08       3.398
  90      7  6  2  9     2.166E+09       3.692
  91      7  6  4 11     3.586E+09       4.118
  92      8  0  0  8    -3.361E+08       3.633
  93      8  0  2 10    -1.879E+09       3.992
  94      8  0  4 12    -3.070E+09       4.369
  95      8  3  0  8     2.280E+08       3.527
  97      8  3  2 10     1.459E+09       3.917
  98      8  3  4 12     3.818E+09       4.429
  99      8  6  0  8     1.095E+08       3.485
 100      8  6  2 10     1.701E+09       4.126
 101      8  6  4 12     3.271E+09       4.519
 103      9  3  0  9     4.059E+08       3.724
 104      9  3  2 11     4.234E+09       4.224
 105      9  3  4 13     1.235E+10       4.734
 106      9  6  0  9    -5.357E+08       3.851
 107      9  6  2 11    -2.882E+09       4.145
 108      9  6  4 13    -7.636E+09       4.645
 109      9  9  0  9     7.826E+08       3.911
 111      9  9  2 11     4.486E+09       4.214
 112      9  9  4 13     1.015E+10       4.666
 114     10  0  2 12     4.838E+09       4.494
 115     10  6  0 10    -6.708E+08       4.037
 116     10  6  2 12    -7.851E+09       4.529
 117     10  9  0 10     8.766E+08       4.015
 118     10  9  2 12     8.863E+09       4.464
 119     10  9  4 14     2.913E+10     
 Initialization done.
 
 NLAM         120
 
 Initialization done.
 
 NLAM         120
  62      5  3  2  7    -2.297E+07       2.769
  64      6  0  0  6     8.431E+07       3.110
  66      6  0  2  8     3.812E+08       3.497
  67      6  0  4 10     1.869E+08       3.628
  68      6  3  0  6    -2.702E+08       3.110
  71      6  3  2  8    -1.022E+09       3.424
  72      6  3  4 10    -1.272E+09       3.817
  73      6  6  0  6     3.180E+08       3.154
  77      6  6  2  8     1.099E+09       3.433
  78      6  6  4 10     1.563E+09       3.858
  79      7  0  0  7    -1.814E+08       3.357
  82      7  0  2  9    -8.081E+08       3.684
  83      7  0  4 11    -1.388E+09       4.121
  84      7  3  0  7    -2.386E+08       3.409
  85      7  3  2  9    -1.352E+09       3.799
  86      7  3  4 11    -1.401E+09       4.091
  87      7  6  0  7     5.136E+08       3.398
  90      7  6  2  9     2.166E+09       3.692
  91      7  6  4 11     3.586E+09       4.118
  92      8  0  0  8    -3.361E+08       3.633
  93      8  0  2 10    -1.879E+09       3.992
  94      8  0  4 12    -3.070E+09       4.369
  95      8  3  0  8     2.280E+08       3.527
  97      8  3  2 10     1.459E+09       3.917
  98      8  3  4 12     3.818E+09       4.429
  99      8  6  0  8     1.095E+08       3.485
 100      8  6  2 10     1.701E+09       4.126
 101      8  6  4 12     3.271E+09       4.519
 103      9  3  0  9     4.059E+08       3.724
 104      9  3  2 11     4.234E+09       4.224
 105      9  3  4 13     1.235E+10       4.734
 106      9  6  0  9    -5.357E+08       3.851
 107      9  6  2 11    -2.882E+09       4.145
 108      9  6  4 13    -7.636E+09       4.645
 109      9  9  0  9     7.826E+08       3.911
 111      9  9  2 11     4.486E+09       4.214
 112      9  9  4 13     1.015E+10       4.666
 114     10  0  2 12     4.838E+09       4.494
 115     10  6  0 10    -6.708E+08       4.037
 116     10  6  2 12    -7.851E+09       4.529
 117     10  9  0 10     8.766E+08       4.015
 118     10  9  2 12     8.863E+09       4.464
 119     10  9  4 14     2.913E+10       4.971
 120     11  3  2 13    -1.087E+10       4.773
 
     Dist      Isotropic   Sigma(Aniso)    Ratio
     2.000     2.270E+06     3.564E+07     15.70
     2.100     1.923E+06     2.485E+07     12.92
     2.200     1.630E+06     1.745E+07     10.71
     2.300     1.381E+06     1.235E+07      8.94
     2.400     1.170E+06     8.803E+06      7.52
     2.500     9.912E+05     6.325E+06      6.38
     2.600     8.398E+05     4.579E+06      5.45
     2.700     7.115E+05     3.341E+06      4.70
     2.800     6.029E+05     2.456E+06      4.07
     2.900     5.108E+05     1.819E+06      3.56
     3.000     4.328E+05     1.356E+06      3.13
     3.100     3.667E+05     1.019E+06      2.78
     3.200     3.107E+05     7.700E+05      2.48
     3.300     2.632E+05     5.856E+05      2.22
     3.400     2.230E+05     4.480E+05      2.01
     3.500     1.890E+05     3.446E+05      1.82
 ==> Anisotropic terms may be large at shortest range;
 ==> Blind extrapolation of anisotropic terms is DANGEROUS;
 ==> Set up a more secure proportional extrapolation scheme.
 
 Set up smooth transition domains...
 Anisotropy fraction kept at shorter range     1.000
 Left  domain     3.000  ->      3.500
 Right domain    14.000  ->     15.000
 
 Initialization done.
 
 NLAM         120
 
 Initialization done.
 
 NLAM         120
 15.000  3000 120   1.633   0.000   0.000  1000  46   1.949   0.001   0.001
 
 Long range extrapolation:
 itt         Vxxxx           Coeff   1/R Power
   1      0  0  0  0    -2.228E+08       6.270
   2      0  0  2  2    -3.971E+07       6.755
   6      1  0  2  3     7.537E+05       3.989
   9      2  0  0  2    -7.962E+07       7.241
  12      2  0  2  4    -5.154E+06       4.996
  16      3  0  0  3     1.208E+08       7.478
  19      3  0  2  5    -5.769E+06       5.877
  24      3  3  0  3    -2.566E+08       7.789
  29      3  3  2  5     1.243E+07       5.933
  47      4  3  2  6     3.156E+07       6.924
      10 terms extrapolated at long range
 
 Monitor exponential short range extrapolation
 Select terms above TRES =    3.00E+03  at R=   3.000
 itt         Vxxxx           Coeff   Exp fact.
   1      0  0  0  0     6.245E+07       1.657
   2      0  0  2  2     2.925E+07       2.106
   3      0  0  4  4     5.588E+06       2.292
   4      1  0  0  1     1.752E+07       1.830
   5      1  0  2  1    -3.154E+06       2.198
   6      1  0  2  3     1.163E+07       2.006
   9      2  0  0  2    -5.198E+07       2.173
  12      2  0  2  4    -2.834E+07       2.139
  15      2  0  4  6    -1.287E+07       2.542
  16      3  0  0  3    -3.171E+07       2.025
  18      3  0  2  3     1.369E+07       2.622
  19      3  0  2  5    -1.258E+08       2.701
  23      3  0  4  7    -3.103E+07       2.784
  24      3  3  0  3     5.468E+07       2.018
  27      3  3  2  3    -2.414E+07       2.630
  29      3  3  2  5     2.051E+08       2.673
  34      3  3  4  7     1.104E+08       2.982
  35      4  0  0  4     1.335E+07       2.526
  38      4  0  2  6     2.805E+07       2.762
  42      4  3  0  4     1.032E+08       2.472
  45      4  3  2  4    -1.659E+07       2.658
  47      4  3  2  6     3.984E+08       2.964
  49      4  3  4  8     2.393E+08       3.240
  50      5  0  0  5     1.402E+08       2.866
  53      5  0  2  7     4.136E+08       3.165
  56      5  0  4  9     3.037E+08       3.468
  57      5  3  0  5    -1.729E+07       2.783
  62      5  3  2  7    -2.297E+07       2.769
  64      6  0  0  6     8.431E+07       3.110
  66      6  0  2  8     3.812E+08       3.497
  67      6  0  4 10     1.869E+08       3.628
  68      6  3  0  6    -2.702E+08       3.110
  71      6  3  2  8    -1.022E+09       3.424
  72      6  3  4 10    -1.272E+09       3.817
  73      6  6  0  6     3.180E+08       3.154
  77      6  6  2  8     1.099E+09       3.433
  78      6  6  4 10     1.563E+09       3.858
  79      7  0  0  7    -1.814E+08       3.357
  82      7  0  2  9    -8.081E+08       3.684
  83      7  0  4 11    -1.388E+09       4.121
  84      7  3  0  7    -2.386E+08       3.409
  85      7  3  2  9    -1.352E+09       3.799
  86      7  3  4 11    -1.401E+09       4.091
  87      7  6  0  7     5.136E+08       3.398
  90      7  6  2  9     2.166E+09       3.692
  91      7  6  4 11     3.586E+09       4.118
  92      8  0  0  8    -3.361E+08       3.633
  93      8  0  2 10    -1.879E+09       3.992
  94      8  0  4 12    -3.070E+09       4.369
  95      8  3  0  8     2.280E+08       3.527
  97      8  3  2 10     1.459E+09       3.917
  98      8  3  4 12     3.818E+09       4.429
  99      8  6  0  8     1.095E+08       3.485
 100      8  6  2 10     1.701E+09       4.126
 101      8  6  4 12     3.271E+09       4.519
 103      9  3  0  9     4.059E+08       3.724
 104      9  3  2 11     4.234E+09       4.224
 105      9  3  4 13     1.235E+10       4.734
 106      9  6  0  9    -5.357E+08       3.851
 107      9  6  2 11    -2.882E+09       4.145
 108      9  6  4 13    -7.636E+09       4.645
 109      9  9  0  9     7.826E+08       3.911
 111      9  9  2 11     4.486E+09       4.214
 112      9  9  4 13     1.015E+10       4.666
 114     10  0  2 12     4.838E+09       4.494
 115     10  6  0 10    -6.708E+08       4.037
 116     10  6  2 12    -7.851E+09       4.529
 117     10  9  0 10     8.766E+08       4.015
 118     10  9  2 12     8.863E+09       4.464
 119     10  9  4 14     2.913E+10       6      1  0  2  3     7.537E+05       3.989
   9      2  0  0  2    -7.962E+07       7.241
  12      2  0  2  4    -5.154E+06       4.996
  16      3  0  0  3     1.208E+08       7.478
  19      3  0  2  5    -5.769E+06       5.877
  24      3  3  0  3    -2.566E+08       7.789
  29      3  3  2  5     1.243E+07       5.933
  47      4  3  2  6     3.156E+07       6.924
      10 terms extrapolated at long range
 
 Monitor exponential short range extrapolation
 Select terms above TRES =    3.00E+03  at R=   3.000
 itt         Vxxxx           Coeff   Exp fact.
   1      0  0  0  0     6.245E+07       1.657
   2      0  0  2  2     2.925E+07       2.106
   3      0  0  4  4     5.588E+06       2.292
   4      1  0  0  1     1.752E+07       1.830
   5      1  0  2  1    -3.154E+06       2.198
   6      1  0  2  3     1.163E+07       2.006
   9      2  0  0  2    -5.198E+07       2.173
  12      2  0  2  4    -2.834E+07       2.139
  15      2  0  4  6    -1.287E+07       2.542
  16      3  0  0  3    -3.171E+07       2.025
  18      3  0  2  3     1.369E+07       2.622
  19      3  0  2  5    -1.258E+08       2.701
  23      3  0  4  7    -3.103E+07       2.784
  24      3  3  0  3     5.468E+07       2.018
  27      3  3  2  3    -2.414E+07       2.630
  29      3  3  2  5     2.051E+08       2.673
  34      3  3  4  7     1.104E+08       2.982
  35      4  0  0  4     1.335E+07       2.526
  38      4  0  2  6     2.805E+07       2.762
  42      4  3  0  4     1.032E+08       2.472
  45      4  3  2  4    -1.659E+07       2.658
  47      4  3  2  6     3.984E+08       2.964
  49      4  3  4  8     2.393E+08       3.240
  50      5  0  0  5     1.402E+08       2.866
  53      5  0  2  7     4.136E+08       3.165
  56      5  0  4  9     3.037E+08       3.468
  57      5  3  0  5    -1.729E+07       2.783
  62      5  3  2  7    -2.297E+07       2.769
  64      6  0  0  6     8.431E+07       3.110
  66      6  0  2  8     3.812E+08       3.497
  67      6  0  4 10     1.869E+08       3.628
  68      6  3  0  6    -2.702E+08       3.110
  71      6  3  2  8    -1.022E+09       3.424
  72      6  3  4 10    -1.272E+09       3.817
  73      6  6  0  6     3.180E+08       3.154
  77      6  6  2  8     1.099E+09       3.433
  78      6  6  4 10     1.563E+09       3.858
  79      7  0  0  7    -1.814E+08       3.357
  82      7  0  2  9    -8.081E+08       3.684
  83      7  0  4 11    -1.388E+09       4.121
  84      7  3  0  7    -2.386E+08       3.409
  85      7  3  2  9    -1.352E+09       3.799
  86      7  3  4 11    -1.401E+09       4.091
  87      7  6  0  7     5.136E+08       3.398
  90      7  6  2  9     2.166E+09       3.692
  91      7  6  4 11     3.586E+09       4.118
  92      8  0  0  8    -3.361E+08       3.633
  93      8  0  2 10    -1.879E+09       3.992
  94      8  0  4 12    -3.070E+09       4.369
  95      8  3  0  8     2.280E+08       3.527
   4.971
 120     11  3  2 13    -1.087E+10       4.773
 
     Dist      Isotropic   Sigma(Aniso)    Ratio
     2.000     2.270E+06     3.564E+07     15.70
     2.100     1.923E+06     2.485E+07     12.92
     2.200     1.630E+06     1.745E+07     10.71
     2.300     1.381E+06     1.235E+07      8.94
     2.400     1.170E+06     8.803E+06      7.52
     2.500     9.912E+05     6.325E+06      6.38
     2.600     8.398E+05     4.579E+06      5.45
     2.700     7.115E+05     3.341E+06      4.70
     2.800     6.029E+05     2.456E+06      4.07
     2.900     5.108E+05     1.819E+06      3.56
     3.000     4.328E+05     1.356E+06      3.13
     3.100     3.667E+05     1.019E+06      2.78
     3.200     3.107E+05     7.700E+05      2.48
     3.300     2.632E+05     5.856E+05      2.22
     3.400     2.230E+05     4.480E+05      2.01
     3.500     1.890E+05     3.446E+05      1.82
 ==> Anisotropic terms may be large at shortest range;
 ==> Blind extrapolation of anisotropic terms is DANGEROUS;
 ==> Set up a more secure proportional extrapolation scheme.
 
 Set up smooth transition domains...
 Anisotropy fraction kept at shorter range     1.000
 Left  domain     3.000  ->      3.500
 Right domain    14.000  ->     15.000
 
 Initialization done.
 
 NLAM         120
 15.000  3000 120   1.633   0.000   0.000  1000  46   1.949   0.001   0.001
 
 Long range extrapolation:
 itt         Vxxxx           Coeff   1/R Power
   1      0  0  0  0    -2.228E+08       6.270
   2      0  0  2  2    -3.971E+07       6.755
   6      1  0  2  3     7.537E+05       3.989
   9      2  0  0  2    -7.962E+07       7.241
  12      2  0  2  4    -5.154E+06       4.996
  16      3  0  0  3     1.208E+08       7.478
  19      3  0  2  5    -5.769E+06       5.877
  24      3  3  0  3    -2.566E+08       7.789
  29      3  3  2  5     1.243E+07       5.933
  47      4  3  2  6     3.156E+07       6.924
      10 terms extrapolated at long range
 
 Monitor exponential short range extrapolation
 Select terms above TRES =    3.00E+03  at R=   3.000
 itt         Vxxxx           Coeff   Exp fact.
   1      0  0  0  0     6.245E+07       1.657
   2      0  0  2  2     2.925E+07       2.106
   3      0  0  4  4     5.588E+06       2.292
   4      1  0  0  1     1.752E+07       1.830
   5      1  0  2  1    -3.154E+06       2.198
   6      1  0  2  3     1.163E+07       2.006
   9      2  0  0  2    -5.198E+07       2.173
  12      2  0  2  4    -2.834E+07       2.139
  15      2  0  4  6    -1.287E+07       2.542
  16      3  0  0  3    -3.171E+07       2.025
  18      3  0  2  3     1.369E+07       2.622
  19      3  0  2  5    -1.258E+08       2.701
  23      3  0  4  7    -3.103E+07       2.784
  24      3  3  0  3     5.468E+07       2.018
  27      3  3  2  3    -2.414E+07       2.630
  29      3  3  2  5     2.051E+08       2.673
  34      3  3  4  7     1.104E+08       2.982
  35      4  0  0  4     1.335E+07       2.526
  38      4  0  2  6     2.805E+07       2.762
  42      4  3  0  4     1.032E+08       2.472
  45      4  3  2  4    -1.659E+07       2.658
  47      4  3  2  6     3.984E+08       2.964
  49      4  3  4  8     2.393E+08       3.240
  50      5  0  0  5     1.402E+08       2.866
  53      5  0  2  7     4.136E+08       3.165
  56      5  0  4  9     3.037E+08       3.468
  57      5  3  0  5    -1.729E+07       2.783
  62      5  3  2  7    -2.297E+07       2.769
  64      6  0  0  6     8.431E+07       3.110
  66      6  0  2  8     3.812E+08       3.497
  67      6  0  4 10     1.869E+08       3.628
  68      6  3  0  6    -2.702E+08       3.110
  71      6  3  2  8    -1.022E+09       3.424
  72      6  3  4 10    -1.272E+09       3.817
  73      6  6  0  6     3.180E+08       3.154
  77      6  6  2  8     1.099E+09       3.433
  78      6  6  4 10     1.563E+09       3.858
  79      7  0  0  7    -1.814E+08       3.357
  82      7  0  2  9    -8.081E+08       3.684
  83      7  0  4 11    -1.388E+09       4.121
  84      7  3  0  7    -2.386E+08       3.409
  85      7  3  2  9    -1.352E+09       3.799
  86      7  3  4 11    -1.401E+09       4.091
  87      7  6  0  7     5.136E+08       3.398
  90      7  6  2  9     2.166E+09       3.692
  91      7  6  4 11     3.586E+09       4.118
  92      8  0  0  8    -3.361E+08       3.633
  93      8  0  2 10    -1.879E+09       3.992
  94      8  0  4 12    -3.070E+09       4.369
  95      8  3  0  8     2.280E+08       3.527
  97      8  3  2 10     1.459E+09       3.917
  98      8  3  4 12     3.818E+09       4.429
  99      8  6  0  8     1.095E+08       3.485
 100      8  6  2 10     1.701E+09       4.126
 101      8  6  4 12     3.271E+09       4.519
 103      9  3  0  9     4.059E+08       3.724
 104      9  3  2 11     4.234E+09       4.224
 105      9  3  4 13     1.235E+10       4.734
 106      9  6  0  9    -5.357E+08       3.851
 107      9  6  2 11    -2.882E+09       4.145
 108      9  6  4 13    -7.636E+09       4.645
 109      9  9  0  9     7.826E+08       3.911
 111      9  9  2 11     4.486E+09       4.214
 112      9  9  4 13     1.015E+10       4.666
 114     10  0  2 12     4.838E+09       4.494
 115     10  6  0 10    -6.708E+08       4.037
 116     10  6  2 12    -7.851E+09       4.529
 117     10  9  0 10     8.766E+08       4.015
 118     10  9  2 12     8.863E+09       4.464
 119     10  9  4 14     2.913E+10     15.000  3000 120   1.633   0.000   0.000  1000  46   1.949   0.001   0.001
 
 Long range extrapolation:
 itt         Vxxxx           Coeff   1/R Power
   1      0  0  0  0    -2.228E+08       6.270
   2      0  0  2  2    -3.971E+07       6.755
   6      1  0  2  3     7.537E+05       3.989
   9      2  0  0  2    -7.962E+07       7.241
  12      2  0  2  4    -5.154E+06       4.996
  16      3  0  0  3     1.208E+08       7.478
  19      3  0  2  5    -5.769E+06       5.877
  24      3  3  0  3    -2.566E+08       7.789
  29      3  3  2  5     1.243E+07       5.933
  47      4  3  2  6     3.156E+07       6.924
      10 terms extrapolated at long range
 
 Monitor exponential short range extrapolation
 Select terms above TRES =    3.00E+03  at R=   3.000
 itt         Vxxxx           Coeff   Exp fact.
   1      0  0  0  0     6.245E+07       1.657
   2      0  0  2  2     2.925E+07       2.106
   3      0  0  4  4     5.588E+06       2.292
   4      1  0  0  1     1.752E+07       1.830
   5      1  0  2  1    -3.154E+06       2.198
   6      1  0  2  3     1.163E+07       2.006
   9      2  0  0  2    -5.198E+07       2.173
  12      2  0  2  4    -2.834E+07       2.139
  15      2  0  4  6    -1.287E+07       2.542
  16      3  0  0  3    -3.171E+07       2.025
  18      3  0  2  3     1.369E+07       2.622
  19      3  0  2  5    -1.258E+08       2.701
  23      3  0  4  7    -3.103E+07       2.784
  24      3  3  0  3     5.468E+07       2.018
  27      3  3  2  3    -2.414E+07       2.630
  29      3  3  2  5     2.051E+08       2.673
  34      3  3  4  7     1.104E+08       2.982
  35      4  0  0  4     1.335E+07       2.526
  38      4  0  2  6     2.805E+07       2.762
  42      4  3  0  4     1.032E+08       2.472
  45      4  3  2  4    -1.659E+07       2.658
  47      4  3  2  6     3.984E+08       2.964
  49      4  3  4  8     2.393E+08       3.240
  50      5  0  0  5     1.402E+08       2.866
  53      5  0  2  7     4.136E+08       3.165
  56      5  0  4  9     3.037E+08       3.468
  57      5  3  0  5    -1.729E+07       2.783
  62      5  3  2  7    -2.297E+07       2.769
  64      6  0  0  6     8.431E+07       3.110
  66      6  0  2  8     3.812E+08       3.497
  67      6  0  4 10     1.869E+08       3.628
  68      6  3  0  6    -2.702E+08       3.110
  71      6  3  2  8    -1.022E+09       3.424
  72      6  3  4 10    -1.272E+09       3.817
  73      6  6  0  6     3.180E+08       3.154
  77      6  6  2  8     1.099E+09       3.433
  78      6  6  4 10     1.563E+09       3.858
  79      7  0  0  7    -1.814E+08       3.357
  82      7  0  2  9    -8.081E+08       3.684
  83      7  0  4 11    -1.388E+09       4.121
  84      7  3  0  7    -2.386E+08       3.409
  85      7  3  2  9    -1.352E+09       3.799
  86      7  3  4 11    -1.401E+09       4.091
  87      7  6  0  7     5.136E+08       3.398
  90      7  6  2  9     2.166E+09       3.692
  91      7  6  4 11     3.586E+09       4.118
  92      8  0  0  8    -3.361E+08       3.633
  93      8  0  2 10    -1.879E+09       3.992
  94      8  0  4 12    -3.070E+09       4.369
  95      8  3  0  8     2.280E+08       3.527
  97      8  3  2 10     1.459E+09       3.917
  98      8  3  4 12     3.818E+09       4.429
  99      8  6  0  8     1.095E+08       3.485
 100      8  6  2 10     1.701E+09       4.126
 101      8  6  4 12     3.271E+09       4.519
 103      9  3  0  9     4.059E+08       3.724
 104      9  3  2 11     4.234E+09       4.224
 105      9  3  4 13     1.235E+10       4.734
 106      9  6  0  9    -5.357E+08       3.851
 107      9  6  2 11    -2.882E+09       4.145
 108      9  6  4 13    -7.636E+09       4.645
 109      9  9  0  9     7.826E+08       3.911
 111      9  9  2 11     4.486E+09       4.214
 112      9  9  4 13     1.015E+10       4.666
 114     10  0  2 12     4.838E+09       4.494
 115     10  6  0 10    -6.708E+08       4.037
 116     10  6  2 12    -7.851E+09       4.529
 117     10  9  0 10     8.766E+08       4.015
 118     10  9  2 12     8.863E+09       4.464
 119     10  9  4 14     2.913E+10     15.000  3000 120   1.633   0.000   0.000  1000  46   1.949   0.001   0.001
 
 Long range extrapolation:
 itt         Vxxxx           Coeff   1/R Power
   1      0  0  0  0    -2.228E+08       6.270
   2      0  0  2  2    -3.971E+07       6.755
   6      1  0  2  3     7.537E+05       3.989
   9      2  0  0  2    -7.962E+07       7.241
  12      2  0  2  4    -5.154E+06       4.996
  16      3  0  0  3     1.208E+08       7.478
  19      3  0  2  5    -5.769E+06       5.877
  24      3  3  0  3    -2.566E+08       7.789
  29      3  3  2  5     1.243E+07       5.933
  47      4  3  2  6     3.156E+07       6.924
      10 terms extrapolated at long range
 
 Monitor exponential short range extrapolation
 Select terms above TRES =    3.00E+03  at R=   3.000
 itt         Vxxxx           Coeff   Exp fact.
   1      0  0  0  0     6.245E+07       1.657
   2      0  0  2  2     2.925E+07       2.106
   3      0  0  4  4     5.588E+06       2.292
   4      1  0  0  1     1.752E+07       1.830
   5      1  0  2  1    -3.154E+06       2.198
   6      1  0  2  3     1.163E+07       2.006
   9      2  0  0  2    -5.198E+07       2.173
  12      2  0  2  4    -2.834E+07       2.139
  15      2  0  4  6    -1.287E+07       2.542
  16      3  0  0  3    -3.171E+07       2.025
  18      3  0  2  3     1.369E+07       2.622
  19      3  0  2  5    -1.258E+08       2.701
  23      3  0  4  7    -3.103E+07       2.784
  24      3  3  0  3     5.468E+07       2.018
  27      3  3  2  3    -2.414E+07       2.630
  29      3  3  2  5     2.051E+08       2.673
  34      3  3  4  7     1.104E+08       2.982
  35      4  0  0  4     1.335E+07       2.526
  38      4  0  2  6     2.805E+07       2.762
  42      4  3  0  4     1.032E+08       2.472
  45      4  3  2  4    -1.659E+07       2.658
  47      4  3  2  6     3.984E+08       2.964
  49      4  3  4  8     2.393E+08       3.240
  50      5  0  0  5     1.402E+08       2.866
  53      5  0  2  7     4.136E+08       3.165
  56      5  0  4  9     3.037E+08       3.468
  57      5  3  0  5    -1.729E+07       2.783
  62      5  3  2  7    -2.297E+07       2.769
  64      6  0  0  6     8.431E+07       3.110
  66      6  0  2  8     3.812E+08       3.497
  67      6  0  4 10     1.869E+08       3.628
  68      6  3  0  6    -2.702E+08       3.110
  71      6  3  2  8    -1.022E+09       3.424
  72      6  3  4 10    -1.272E+09       3.817
  73      6  6  0  6     3.180E+08       3.154
  77      6  6  2  8     1.099E+09       3.433
  78      6  6  4 10     1.563E+09       3.858
  79      7  0  0  7    -1.814E+08       3.357
  82      7  0  2  9    -8.081E+08       3.684
  83      7  0  4 11    -1.388E+09       4.121
  84      7  3  0  7    -2.386E+08       3.409
  85      7  3  2  9    -1.352E+09       3.799
  86      7  3  4 11    -1.401E+09       4.091
  87      7  6  0  7     5.136E+08       3.398
  90      7  6  2  9     2.166E+09       3.692
  91      7  6  4 11     3.586E+09       4.118
  92      8  0  0  8    -3.361E+08       3.633
  93      8  0  2 10    -1.879E+09       3.992
  94      8  0  4 12    -3.070E+09       4.369
  95      8  3  0  8     2.280E+08       3.527
  97      8  3  2 10     1.459E+09       3.917
  98      8  3  4 12     3.818E+09       4.429
  99      8  6  0  8     1.095E+08       3.485
 100      8  6  2 10     1.701E+09       4.126
 101      8  6  4 12     3.271E+09       4.519
 103      9  3  0  9     4.059E+08       3.724
 104      9  3  2 11     4.234E+09       4.224
 105      9  3  4 13     1.235E+10       4.734
 106      9  6  0  9    -5.357E+08       3.851
 107      9  6  2 11    -2.882E+09       4.145
 108      9  6  4 13    -7.636E+09       4.645
 109      9  9  0  9     7.826E+08       3.911
 111      9  9  2 11     4.486E+09       4.214
 112      9  9  4 13     1.015E+10       4.666
 114     10  0  2 12     4.838E+09       4.494
 115     10  6  0 10    -6.708E+08       4.037
 116     10  6  2 12    -7.851E+09       4.529
 117     10  9  0 10     8.766E+08       4.015
 118     10  9  2 12     8.863E+09       4.464
 119     10  9  4 14     2.913E+10     15.000  3000 120   1.633   0.000   0.000  1000  46   1.949   0.001   0.001
 
 Long range extrapolation:
 itt         Vxxxx           Coeff   1/R Power
   1      0  0  0  0    -2.228E+08       6.270
   2      0  0  2  2    -3.971E+07       6.755
   6      1  0  2  3     7.537E+05       3.989
   9      2  0  0  2    -7.962E+07       7.241
  12      2  0  2  4    -5.154E+06       4.996
  16      3  0  0  3     1.208E+08       7.478
  19      3  0  2  5    -5.769E+06       5.877
  24      3  3  0  3    -2.566E+08       7.789
  29      3  3  2  5     1.243E+07       5.933
  47      4  3  2  6     3.156E+07       6.924
      10 terms extrapolated at long range
 
 Monitor exponential short range extrapolation
 Select terms above TRES =    3.00E+03  at R=   3.000
 itt         Vxxxx           Coeff   Exp fact.
   1      0  0  0  0     6.245E+07       1.657
   2      0  0  2  2     2.925E+07       2.106
   3      0  0  4  4     5.588E+06       2.292
   4      1  0  0  1     1.752E+07       1.830
   5      1  0  2  1    -3.154E+06       2.198
   6      1  0  2  3     1.163E+07       2.006
   9      2  0  0  2    -5.198E+07       2.173
  12      2  0  2  4    -2.834E+07       2.139
  15      2  0  4  6    -1.287E+07       2.542
  16      3  0  0  3    -3.171E+07       2.025
  18      3  0  2  3     1.369E+07       2.622
  19      3  0  2  5    -1.258E+08       2.701
  23      3  0  4  7    -3.103E+07       2.784
  24      3  3  0  3     5.468E+07       2.018
  27      3  3  2  3    -2.414E+07       2.630
  29      3  3  2  5     2.051E+08       2.673
  34      3  3  4  7     1.104E+08       2.982
  35      4  0  0  4     1.335E+07       2.526
  38      4  0  2  6     2.805E+07       2.762
  42      4  3  0  4     1.032E+08       2.472
  45      4  3  2  4    -1.659E+07       2.658
  47      4  3  2  6     3.984E+08       2.964
  49      4  3  4  8     2.393E+08       3.240
  50      5  0  0  5     1.402E+08       2.866
  53      5  0  2  7     4.136E+08       3.165
  56      5  0  4  9     3.037E+08       3.468
  57      5  3  0  5    -1.729E+07       2.783
  62      5  3  2  7    -2.297E+07       2.769
  64      6  0  0  6     8.431E+07       3.110
  66      6  0  2  8     3.812E+08       3.497
  67      6  0  4 10     1.869E+08       3.628
  68      6  3  0  6    -2.702E+08       3.110
  71      6  3  2  8    -1.022E+09       3.424
  72      6  3  4 10    -1.272E+09       3.817
  73      6  6  0  6     3.180E+08       3.154
  77      6  6  2  8     1.099E+09       3.433
  78      6  6  4 10     1.563E+09       3.858
  79      7  0  0  7    -1.814E+08       3.357
  82      7  0  2  9    -8.081E+08       3.684
  83      7  0  4 11    -1.388E+09       4.121
  84      7  3  0  7    -2.386E+08       3.409
  85      7  3  2  9    -1.352E+09       3.799
  86      7  3  4 11    -1.401E+09       4.091
  87      7  6  0  7     5.136E+08       3.398
  90      7  6  2  9     2.166E+09       3.692
  91      7  6  4 11     3.586E+09       4.118
  92      8  0  0  8    -3.361E+08       3.633
  93      8  0  2 10    -1.879E+09       3.992
  94      8  0  4 12    -3.070E+09       4.369
  95      8  3  0  8     2.280E+08       3.527
  97      8  3  2 10     1.459E+09       3.917
  98      8  3  4 12     3.818E+09       4.429
  99      8  6  0  8     1.095E+08       3.485
 100      8  6  2 10     1.701E+09       4.126
 101      8  6  4 12     3.271E+09       4.519
 103      9  3  0  9     4.059E+08       3.724
 104      9  3  2 11     4.234E+09       4.224
 105      9  3  4 13     1.235E+10       4.734
 106      9  6  0  9    -5.357E+08       3.851
 107      9  6  2 11    -2.882E+09       4.145
 108      9  6  4 13    -7.636E+09       4.645
 109      9  9  0  9     7.826E+08       3.911
 111      9  9  2 11     4.486E+09       4.214
 112      9  9  4 13     1.015E+10       4.666
 114     10  0  2 12     4.838E+09       4.494
 115     10  6  0 10    -6.708E+08       4.037
 116     10  6  2 12    -7.851E+09       4.529
 117     10  9  0 10     8.766E+08       4.015
 118     10  9  2 12     8.863E+09       4.464
 119     10  9  4 14     2.913E+10       4.971
 120     11  3  2 13    -1.087E+10       4.773
 
     Dist      Isotropic   Sigma(Aniso)    Ratio
     2.000     2.270E+06     3.564E+07     15.70
     2.100     1.923E+06     2.485E+07     12.92
     2.200     1.630E+06     1.745E+07     10.71
     2.300     1.381E+06     1.235E+07      8.94
     2.400     1.170E+06     8.803E+06      7.52
     2.500     9.912E+05     6.325E+06      6.38
     2.600     8.398E+05     4.579E+06      5.45
     2.700     7.115E+05     3.341E+06      4.70
     2.800     6.029E+05     2.456E+06      4.07
     2.900     5.108E+05     1.819E+06      3.56
     3.000     4.328E+05     1.356E+06      3.13
     3.100     3.667E+05     1.019E+06      2.78
     3.200     3.107E+05     7.700E+05      2.48
     3.300     2.632E+05     5.856E+05      2.22
     3.400     2.230E+05     4.480E+05      2.01
     3.500     1.890E+05     3.446E+05      1.82
 ==> Anisotropic terms may be large at shortest range;
 ==> Blind extrapolation of anisotropic terms is DANGEROUS;
 ==> Set up a more secure proportional extrapolation scheme.
 
 Set up smooth transition domains...
 Anisotropy fraction kept at shorter range     1.000
 Left  domain     3.000  ->      3.500
 Right domain    14.000  ->     15.000
 
 Initialization done.
 
 NLAM         120
 15.000  3000 120   1.633   0.000   0.000  1000  46   1.949   0.001   0.001
 
 Long range extrapolation:
 itt         Vxxxx           Coeff   1/R Power
   1      0  0  0  0    -2.228E+08       6.270
   2      0  0  2  2    -3.971E+07       6.755
   6      1  0  2  3     7.537E+05       3.989
   9      2  0  0  2    -7.962E+07       7.241
  12      2  0  2  4    -5.154E+06       4.996
  16      3  0  0  3     1.208E+08       7.478
  19      3  0  2  5    -5.769E+06       5.877
  24      3  3  0  3    -2.566E+08       7.789
  29      3  3  2  5     1.243E+07       5.933
  47      4  3  2  6     3.156E+07       6.924
      10 terms extrapolated at long range
 
 Monitor exponential short range extrapolation
 Select terms above TRES =    3.00E+03  at R=   3.000
 itt         Vxxxx           Coeff   Exp fact.
   1      0  0  0  0     6.245E+07       1.657
   2      0  0  2  2     2.925E+07       2.106
   3      0  0  4  4     5.588E+06       2.292
   4      1  0  0  1     1.752E+07       1.830
   5      1  0  2  1    -3.154E+06       2.198
   6      1  0  2  3     1.163E+07       2.006
   9      2  0  0  2    -5.198E+07       2.173
  12      2  0  2  4    -2.834E+07       2.139
  15      2  0  4  6    -1.287E+07       2.542
  16      3  0  0  3    -3.171E+07       2.025
  18      3  0  2  3     1.369E+07       2.622
  19      3  0  2  5    -1.258E+08       2.701
  23      3  0  4  7    -3.103E+07       2.784
  24      3  3  0  3     5.468E+07       2.018
  27      3  3  2  3    -2.414E+07       2.630
  29      3  3  2  5     2.051E+08       2.673
  34      3  3  4  7     1.104E+08       2.982
  35      4  0  0  4     1.335E+07       2.526
  38      4  0  2  6     2.805E+07       2.762
  42      4  3  0  4     1.032E+08       2.472
  45      4  3  2  4    -1.659E+07       2.658
  47      4  3  2  6     3.984E+08       2.964
  49      4  3  4  8     2.393E+08       3.240
  50      5  0  0  5     1.402E+08       2.866
  53      5  0  2  7     4.136E+08       3.165
  56      5  0  4  9     3.037E+08       3.468
  57      5  3  0  5    -1.729E+07       2.783
  62      5  3  2  7    -2.297E+07       2.769
  64      6  0  0  6     8.431E+07       3.110
  66      6  0  2  8     3.812E+08       3.497
  67      6  0  4 10     1.869E+08       3.628
  68      6  3  0  6    -2.702E+08       3.110
  71      6  3  2  8    -1.022E+09       3.424
  72      6  3  4 10    -1.272E+09       3.817
  73      6  6  0  6     3.180E+08       3.154
  77      6  6  2  8     1.099E+09       3.433
  78      6  6  4 10     1.563E+09       3.858
  79      7  0  0  7    -1.814E+08       3.357
  82      7  0  2  9    -8.081E+08       3.684
  83      7  0  4 11    -1.388E+09       4.121
  84      7  3  0  7    -2.386E+08       3.409
  85      7  3  2  9    -1.352E+09       3.799
  86      7  3  4 11    -1.401E+09       4.091
  87      7  6  0  7     5.136E+08       3.398
  90      7  6  2  9     2.166E+09       3.692
  91      7  6  4 11     3.586E+09       4.118
  92      8  0  0  8    -3.361E+08       3.633
  93      8  0  2 10    -1.879E+09       3.992
  94      8  0  4 12    -3.070E+09       4.369
  95      8  3  0  8     2.280E+08       3.527
  97      8  3  2 10     1.459E+09       3.917
  98      8  3  4 12     3.818E+09       4.429
  99      8  6  0  8     1.095E+08       3.485
 100      8  6  2 10     1.701E+09       4.126
 101      8  6  4 12     3.271E+09       4.519
 103      9  3  0  9     4.059E+08       3.724
 104      9  3  2 11     4.234E+09       4.224
 105      9  3  4 13     1.235E+10       4.734
 106      9  6  0  9    -5.357E+08       3.851
 107      9  6  2 11    -2.882E+09       4.145
 108      9  6  4 13    -7.636E+09       4.645
 109      9  9  0  9     7.826E+08       3.911
 111      9  9  2 11     4.486E+09       4.214
 112      9  9  4 13     1.015E+10       4.666
 114     10  0  2 12     4.838E+09       4.494
 115     10  6  0 10    -6.708E+08       4.037
 116     10  6  2 12    -7.851E+09       4.529
 117     10  9  0 10     8.766E+08       4.015
 118     10  9  2 12     8.863E+09       4.464
 119     10  9  4 14     2.913E+10     15.000  3000 120   1.633   0.000   0.000  1000  46   1.949   0.001   0.001
 
 Long range extrapolation:
 itt         Vxxxx           Coeff   1/R Power
   1      0  0  0  0    -2.228E+08       6.270
   2      0  0  2  2    -3.971E+07       6.755
   6      1  0  2  3     7.537E+05       3.989
   9      2  0  0  2    -7.962E+07       7.241
  12      2  0  2  4    -5.154E+06       4.996
  16      3  0  0  3     1.208E+08       7.478
  19      3  0  2  5    -5.769E+06       5.877
  24      3  3  0  3    -2.566E+08       7.789
  29      3  3  2  5     1.243E+07       5.933
  47      4  3  2  6     3.156E+07       6.924
      10 terms extrapolated at long range
 
 Monitor exponential short range extrapolation
 Select terms above TRES =    3.00E+03  at R=   3.000
 itt         Vxxxx           Coeff   Exp fact.
   1      0  0  0  0     6.245E+07       1.657
   2      0  0  2  2     2.925E+07       2.106
   3      0  0  4  4     5.588E+06       2.292
   4      1  0  0  1     1.752E+07       1.830
   5      1  0  2  1    -3.154E+06       2.198
   6      1  0  2  3     1.163E+07       2.006
   9      2  0  0  2    -5.198E+07       2.173
  12      2  0  2  4    -2.834E+07       2.139
  15      2  0  4  6    -1.287E+07       2.542
  16      3  0  0  3    -3.171E+07       2.025
  18      3  0  2  3     1.369E+07       2.622
  19      3  0  2  5    -1.258E+08       2.701
  23      3  0  4  7    -3.103E+07       2.784
  24      3  3  0  3     5.468E+07       2.018
  27      3  3  2  3    -2.414E+07       2.630
  29      3  3  2  5     2.051E+08       2.673
  34      3  3  4  7     1.104E+08       2.982
  35      4  0  0  4     1.335E+07       2.526
  38      4  0  2  6     2.805E+07       2.762
  42      4  3  0  4     1.032E+08       2.472
  45      4  3  2  4    -1.659E+07       2.658
  47      4  3  2  6     3.984E+08       2.964
  49      4  3  4  8     2.393E+08       3.240
  50      5  0  0  5     1.402E+08       2.866
  53      5  0  2  7     4.136E+08       3.165
  56      5  0  4  9     3.037E+08       3.468
  57      5  3  0  5    -1.729E+07       2.783
  62      5  3  2  7    -2.297E+07       2.769
  64      6  0  0  6     8.431E+07       3.110
  66      6  0  2  8     3.812E+08       3.497
  67      6  0  4 10     1.869E+08       3.628
  68      6  3  0  6    -2.702E+08       3.110
  71      6  3  2  8    -1.022E+09       3.424
  72      6  3  4 10    -1.272E+09       3.817
  73      6  6  0  6     3.180E+08       3.154
  77      6  6  2  8     1.099E+09       3.433
  78      6  6  4 10     1.563E+09       3.858
  79      7  0  0  7    -1.814E+08       3.357
  82      7  0  2  9    -8.081E+08       3.684
  83      7  0  4 11    -1.388E+09       4.121
  84      7  3  0  7    -2.386E+08       3.409
  85      7  3  2  9    -1.352E+09       3.799
  86      7  3  4 11    -1.401E+09       4.091
  87      7  6  0  7     5.136E+08       3.398
  90      7  6  2  9     2.166E+09       3.692
  91      7  6  4 11     3.586E+09       4.118
  92      8  0  0  8    -3.361E+08       3.633
  93      8  0  2 10    -1.879E+09       3.992
  94      8  0  4 12    -3.070E+09       4.369
  95      8  3  0  8     2.280E+08       3.527
  97      8  3  2 10     1.459E+09       3.917
  98      8  3  4 12     3.818E+09       4.429
  99      8  6  0  8     1.095E+08       3.485
 100      8  6  2 10     1.701E+09       4.126
 101      8  6  4 12     3.271E+09       4.519
 103      9  3  0  9     4.059E+08       3.724
 104      9  3  2 11     4.234E+09       4.224
 105      9  3  4 13     1.235E+10       4.734
 106      9  6  0  9    -5.357E+08       3.851
 107      9  6  2 11    -2.882E+09       4.145
 108      9  6  4 13    -7.636E+09       4.645
 109      9  9  0  9     7.826E+08       3.911
 111      9  9  2 11     4.486E+09       4.214
 112      9  9  4 13     1.015E+10       4.666
 114     10  0  2 12     4.838E+09       4.494
 115     10  6  0 10    -6.708E+08       4.037
 116     10  6  2 12    -7.851E+09       4.529
 117     10  9  0 10     8.766E+08       4.015
 118     10  9  2 12     8.863E+09       4.464
 119     10  9  4 14     2.913E+10     15.000  3000 120   1.633   0.000   0.000  1000  46   1.949   0.001   0.001
 
 Long range extrapolation:
 itt         Vxxxx           Coeff   1/R Power
   1      0  0  0  0    -2.228E+08       6.270
   2      0  0  2  2    -3.971E+07       6.755
   6      1  0  2  3     7.537E+05       3.989
   9      2  0  0  2    -7.962E+07       7.241
  12      2  0  2  4    -5.154E+06       4.996
  16      3  0  0  3     1.208E+08       7.478
  19      3  0  2  5    -5.769E+06       5.877
  24      3  3  0  3    -2.566E+08       7.789
  29      3  3  2  5     1.243E+07       5.933
  47      4  3  2  6     3.156E+07       6.924
      10 terms extrapolated at long range
 
 Monitor exponential short range extrapolation
 Select terms above TRES =    3.00E+03  at R=   3.000
 itt         Vxxxx           Coeff   Exp fact.
   1      0  0  0  0     6.245E+07       1.657
   2      0  0  2  2     2.925E+07       2.106
   3      0  0  4  4     5.588E+06       2.292
   4      1  0  0  1     1.752E+07       1.830
   5      1  0  2  1    -3.154E+06       2.198
   6      1  0  2  3     1.163E+07       2.006
   9      2  0  0  2    -5.198E+07       2.173
  12      2  0  2  4    -2.834E+07       2.139
  15      2  0  4  6    -1.287E+07       2.542
  16      3  0  0  3    -3.171E+07       2.025
  18      3  0  2  3     1.369E+07       2.622
  19      3  0  2  5    -1.258E+08       2.701
  23      3  0  4  7    -3.103E+07       2.784
  24      3  3  0  3     5.468E+07       2.018
  27      3  3  2  3    -2.414E+07       2.630
  29      3  3  2  5     2.051E+08       2.673
  34      3  3  4  7     1.104E+08       2.982
  35      4  0  0  4     1.335E+07       2.526
  38      4  0  2  6     2.805E+07       2.762
  42      4  3  0  4     1.032E+08       2.472
  45      4  3  2  4    -1.659E+07       2.658
  47      4  3  2  6     3.984E+08       2.964
  49      4  3  4  8     2.393E+08       3.240
  50      5  0  0  5     1.402E+08       2.866
  53      5  0  2  7     4.136E+08       3.165
  56      5  0  4  9     3.037E+08       3.468
  57      5  3  0  5    -1.729E+07       2.783
  62      5  3  2  7    -2.297E+07       2.769
  64      6  0  0  6     8.431E+07       3.110
  66      6  0  2  8     3.812E+08       3.497
  67      6  0  4 10     1.869E+08       3.628
  68      6  3  0  6    -2.702E+08       3.110
  71      6  3  2  8    -1.022E+09       3.424
  72      6  3  4 10    -1.272E+09       3.817
  73      6  6  0  6     3.180E+08       3.154
  77      6  6  2  8     1.099E+09       3.433
  78      6  6  4 10     1.563E+09       3.858
  79      7  0  0  7    -1.814E+08       3.357
  82      7  0  2  9    -8.081E+08       3.684
  83      7  0  4 11    -1.388E+09       4.121
  84      7  3  0  7    -2.386E+08       3.409
  85      7  3  2  9    -1.352E+09       3.799
  86      7  3  4 11    -1.401E+09       4.091
  87      7  6  0  7     5.136E+08       3.398
  90      7  6  2  9     2.166E+09       3.692
  91      7  6  4 11     3.586E+09       4.118
  92      8  0  0  8    -3.361E+08       3.633
  93      8  0  2 10    -1.879E+09       3.992
  94      8  0  4 12    -3.070E+09       4.369
  95      8  3  0  8     2.280E+08       3.527
  97      8  3  2 10     1.459E+09       3.917
  98      8  3  4 12     3.818E+09       4.429
  99      8  6  0  8     1.095E+08       3.485
 100      8  6  2 10     1.701E+09       4.126
 101      8  6  4 12     3.271E+09       4.519
 103      9  3  0  9     4.059E+08       3.724
 104      9  3  2 11     4.234E+09       4.224
 105      9  3  4 13     1.235E+10       4.734
 106      9  6  0  9    -5.357E+08       3.851
 107      9  6  2 11    -2.882E+09       4.145
 108      9  6  4 13    -7.636E+09       4.645
 109      9  9  0  9     7.826E+08       3.911
 111      9  9  2 11     4.486E+09       4.214
 112      9  9  4 13     1.015E+10       4.666
 114     10  0  2 12     4.838E+09       4.494
 115     10  6  0 10    -6.708E+08       4.037
 116     10  6  2 12    -7.851E+09       4.529
 117     10  9  0 10     8.766E+08       4.015
 118     10  9  2 12     8.863E+09       4.464
 119     10  9  4 14     2.913E+10     15.000  3000 120   1.633   0.000   0.000  1000  46   1.949   0.001   0.001
 
 Long range extrapolation:
 itt         Vxxxx           Coeff   1/R Power
   1      0  0  0  0    -2.228E+08       6.270
   2      0  0  2  2    -3.971E+07       6.755
   6      1  0  2  3     7.537E+05       3.989
   9      2  0  0  2    -7.962E+07       7.241
  12      2  0  2  4    -5.154E+06       4.996
  16      3  0  0  3     1.208E+08       7.478
  19      3  0  2  5    -5.769E+06       5.877
  24      3  3  0  3    -2.566E+08       7.789
  29      3  3  2  5     1.243E+07       5.933
  47      4  3  2  6     3.156E+07       6.924
      10 terms extrapolated at long range
 
 Monitor exponential short range extrapolation
 Select terms above TRES =    3.00E+03  at R=   3.000
 itt         Vxxxx           Coeff   Exp fact.
   1      0  0  0  0     6.245E+07       1.657
   2      0  0  2  2     2.925E+07       2.106
   3      0  0  4  4     5.588E+06       2.292
   4      1  0  0  1     1.752E+07       1.830
   5      1  0  2  1    -3.154E+06       2.198
   6      1  0  2  3     1.163E+07       2.006
   9      2  0  0  2    -5.198E+07       2.173
  12      2  0  2  4    -2.834E+07       2.139
  15      2  0  4  6    -1.287E+07       2.542
  16      3  0  0  3    -3.171E+07       2.025
  18      3  0  2  3     1.369E+07       2.622
  19      3  0  2  5    -1.258E+08       2.701
  23      3  0  4  7    -3.103E+07       2.784
  24      3  3  0  3     5.468E+07       2.018
  27      3  3  2  3    -2.414E+07       2.630
  29      3  3  2  5     2.051E+08       2.673
  34      3  3  4  7     1.104E+08       2.982
  35      4  0  0  4     1.335E+07       2.526
  38      4  0  2  6     2.805E+07       2.762
  42      4  3  0  4     1.032E+08       2.472
  45      4  3  2  4    -1.659E+07       2.658
  47      4  3  2  6     3.984E+08       2.964
  49      4  3  4  8     2.393E+08       3.240
  50      5  0  0  5     1.402E+08       2.866
  53      5  0  2  7     4.136E+08       3.165
  56      5  0  4  9     3.037E+08       3.468
  57      5  3  0  5    -1.729E+07       2.783
  62      5  3  2  7    -2.297E+07       2.769
  64      6  0  0  6     8.431E+07       3.110
  66      6  0  2  8     3.812E+08       3.497
  67      6  0  4 10     1.869E+08       3.628
  68      6  3  0  6    -2.702E+08       3.110
  71      6  3  2  8    -1.022E+09       3.424
  72      6  3  4 10    -1.272E+09       3.817
  73      6  6  0  6     3.180E+08       3.154
  77      6  6  2  8     1.099E+09       3.433
  78      6  6  4 10     1.563E+09       3.858
  79      7  0  0  7    -1.814E+08       3.357
  82      7  0  2  9    -8.081E+08       3.684
  83      7  0  4 11    -1.388E+09       4.121
  84      7  3  0  7    -2.386E+08       3.409
  85      7  3  2  9    -1.352E+09       3.799
  86      7  3  4 11    -1.401E+09       4.091
  87      7  6  0  7     5.136E+08       3.398
  90      7  6  2  9     2.166E+09       3.692
  91      7  6  4 11     3.586E+09       4.118
  92      8  0  0  8    -3.361E+08       3.633
  93      8  0  2 10    -1.879E+09       3.992
  94      8  0  4 12    -3.070E+09       4.369
  95      8  3  0  8     2.280E+08       3.527
  97      8  3  2 10     1.459E+09       3.917
  98      8  3  4 12     3.818E+09       4.429
  99      8  6  0  8     1.095E+08       3.485
 100      8  6  2 10     1.701E+09       4.126
 101      8  6  4 12     3.271E+09       4.519
 103      9  3  0  9     4.059E+08       3.724
 104      9  3  2 11     4.234E+09       4.224
 105      9  3  4 13     1.235E+10       4.734
 106      9  6  0  9    -5.357E+08       3.851
 107      9  6  2 11    -2.882E+09       4.145
 108      9  6  4 13    -7.636E+09       4.645
 109      9  9  0  9     7.826E+08       3.911
 111      9  9  2 11     4.486E+09       4.214
 112      9  9  4 13     1.015E+10       4.666
 114     10  0  2 12     4.838E+09       4.494
 115     10  6  0 10    -6.708E+08       4.037
 116     10  6  2 12    -7.851E+09       4.529
 117     10  9  0 10     8.766E+08       4.015
 118     10  9  2 12     8.863E+09       4.464
 119     10  9  4 14     2.913E+10       4.971
 120     11  3  2 13    -1.087E+10       4.773
 
     Dist      Isotropic   Sigma(Aniso)    Ratio
     2.000     2.270E+06     3.564E+07     15.70
     2.100     1.923E+06     2.485E+07     12.92
     2.200     1.630E+06     1.745E+07     10.71
     2.300     1.381E+06     1.235E+07      8.94
     2.400     1.170E+06     8.803E+06      7.52
     2.500     9.912E+05     6.325E+06      6.38
     2.600     8.398E+05     4.579E+06      5.45
     2.700     7.115E+05     3.341E+06      4.70
     2.800     6.029E+05     2.456E+06      4.07
     2.900     5.108E+05     1.819E+06      3.56
     3.000     4.328E+05     1.356E+06      3.13
     3.100     3.667E+05     1.019E+06      2.78
     3.200     3.107E+05     7.700E+05      2.48
     3.300     2.632E+05     5.856E+05      2.22
     3.400     2.230E+05     4.480E+05      2.01
     3.500     1.890E+05     3.446E+05      1.82
 ==> Anisotropic terms may be large at shortest range;
 ==> Blind extrapolation of anisotropic terms is DANGEROUS;
 ==> Set up a more secure proportional extrapolation scheme.
 
 Set up smooth transition domains...
 Anisotropy fraction kept at shorter range     1.000
 Left  domain     3.000  ->      3.500
 Right domain    14.000  ->     15.000
 
 Initialization done.
 
 NLAM         120
 15.000  3000 120   1.633   0.000   0.000  1000  46   1.949   0.001   0.001
 
 Long range extrapolation:
 itt         Vxxxx           Coeff   1/R Power
   1      0  0  0  0    -2.228E+08       6.270
   2      0  0  2  2    -3.971E+07       6.755
   6      1  0  2  3     7.537E+05       3.989
   9      2  0  0  2    -7.962E+07       7.241
  12      2  0  2  4    -5.154E+06       4.996
  16      3  0  0  3     1.208E+08       7.478
  19      3  0  2  5    -5.769E+06       5.877
  24      3  3  0  3    -2.566E+08       7.789
  29      3  3  2  5     1.243E+07       5.933
  47      4  3  2  6     3.156E+07       6.924
      10 terms extrapolated at long range
 
 Monitor exponential short range extrapolation
 Select terms above TRES =    3.00E+03  at R=   3.000
 itt         Vxxxx           Coeff   Exp fact.
   1      0  0  0  0     6.245E+07       1.657
   2      0  0  2  2     2.925E+07       2.106
   3      0  0  4  4     5.588E+06       2.292
   4      1  0  0  1     1.752E+07       1.830
   5      1  0  2  1    -3.154E+06       2.198
   6      1  0  2  3     1.163E+07       2.006
   9      2  0  0  2    -5.198E+07       2.173
  12      2  0  2  4    -2.834E+07       2.139
  15      2  0  4  6    -1.287E+07       2.542
  16      3  0  0  3    -3.171E+07       2.025
  18      3  0  2  3     1.369E+07       2.622
  19      3  0  2  5    -1.258E+08       2.701
  23      3  0  4  7    -3.103E+07       2.784
  24      3  3  0  3     5.468E+07       2.018
  27      3  3  2  3    -2.414E+07       2.630
  29      3  3  2  5     2.051E+08       2.673
  34      3  3  4  7     1.104E+08       2.982
  35      4  0  0  4     1.335E+07       2.526
  38      4  0  2  6     2.805E+07       2.762
  42      4  3  0  4     1.032E+08       2.472
  45      4  3  2  4    -1.659E+07       2.658
  47      4  3  2  6     3.984E+08       2.964
  49      4  3  4  8     2.393E+08       3.240
  50      5  0  0  5     1.402E+08       2.866
  53      5  0  2  7     4.136E+08       3.165
  56      5  0  4  9     3.037E+08       3.468
  57      5  3  0  5    -1.729E+07       2.783
  62      5  3  2  7    -2.297E+07       2.769
  64      6  0  0  6     8.431E+07       3.110
  66      6  0  2  8     3.812E+08       3.497
  67      6  0  4 10     1.869E+08       3.628
  68      6  3  0  6    -2.702E+08       3.110
  71      6  3  2  8    -1.022E+09       3.424
  72      6  3  4 10    -1.272E+09       3.817
  73      6  6  0  6     3.180E+08       3.154
  77      6  6  2  8     1.099E+09       3.433
  78      6  6  4 10     1.563E+09       3.858
  79      7  0  0  7    -1.814E+08       3.357
  82      7  0  2  9    -8.081E+08       3.684
  83      7  0  4 11    -1.388E+09       4.121
  84      7  3  0  7    -2.386E+08       3.409
  85      7  3  2  9    -1.352E+09       3.799
  86      7  3  4 11    -1.401E+09       4.091
  87      7  6  0  7     5.136E+08       3.398
  90      7  6  2  9     2.166E+09       3.692
  91      7  6  4 11     3.586E+09       4.118
  92      8  0  0  8    -3.361E+08       3.633
  93      8  0  2 10    -1.879E+09       3.992
  94      8  0  4 12    -3.070E+09       4.369
  95      8  3  0  8     2.280E+08       3.527
  97      8  3  2 10     1.459E+09       3.917
  98      8  3  4 12     3.818E+09       4.429
  99      8  6  0  8     1.095E+08       3.485
 100      8  6  2 10     1.701E+09       4.126
 101      8  6  4 12     3.271E+09       4.519
 103      9  3  0  9     4.059E+08       3.724
 104      9  3  2 11     4.234E+09       4.224
 105      9  3  4 13     1.235E+10       4.734
 106      9  6  0  9    -5.357E+08       3.851
 107      9  6  2 11    -2.882E+09       4.145
 108      9  6  4 13    -7.636E+09       4.645
 109      9  9  0  9     7.826E+08       3.911
 111      9  9  2 11     4.486E+09       4.214
 112      9  9  4 13     1.015E+10       4.666
 114     10  0  2 12     4.838E+09       4.494
 115     10  6  0 10    -6.708E+08       4.037
 116     10  6  2 12    -7.851E+09       4.529
 117     10  9  0 10     8.766E+08       4.015
 118     10  9  2 12     8.863E+09       4.464
 119     10  9  4 14     2.913E+10     15.000  3000 120   1.633   0.000   0.000  1000  46   1.949   0.001   0.001
 
 Long range extrapolation:
 itt         Vxxxx           Coeff   1/R Power
   1      0  0  0  0    -2.228E+08       6.270
   2      0  0  2  2    -3.971E+07       6.755
   6      1  0  2  3     7.537E+05       3.989
   9      2  0  0  2    -7.962E+07       7.241
  12      2  0  2  4    -5.154E+06       4.996
  16      3  0  0  3     1.208E+08       7.478
  19      3  0  2  5    -5.769E+06       5.877
  24      3  3  0  3    -2.566E+08       7.789
  29      3  3  2  5     1.243E+07       5.933
  47      4  3  2  6     3.156E+07       6.924
      10 terms extrapolated at long range
 
 Monitor exponential short range extrapolation
 Select terms above TRES =    3.00E+03  at R=   3.000
 itt         Vxxxx           Coeff   Exp fact.
   1      0  0  0  0     6.245E+07       1.657
   2      0  0  2  2     2.925E+07       2.106
   3      0  0  4  4     5.588E+06       2.292
   4      1  0  0  1     1.752E+07       1.830
   5      1  0  2  1    -3.154E+06       2.198
   6      1  0  2  3     1.163E+07       2.006
   9      2  0  0  2    -5.198E+07       2.173
  12      2  0  2  4    -2.834E+07       2.139
  15      2  0  4  6    -1.287E+07       2.542
  16      3  0  0  3    -3.171E+07       2.025
  18      3  0  2  3     1.369E+07       2.622
  19      3  0  2  5    -1.258E+08       2.701
  23      3  0  4  7    -3.103E+07       2.784
  24      3  3  0  3     5.468E+07       2.018
  27      3  3  2  3    -2.414E+07       2.630
  29      3  3  2  5     2.051E+08       2.673
  34      3  3  4  7     1.104E+08       2.982
  35      4  0  0  4     1.335E+07       2.526
  38      4  0  2  6     2.805E+07       2.762
  42      4  3  0  4     1.032E+08       2.472
  45      4  3  2  4    -1.659E+07       2.658
  47      4  3  2  6     3.984E+08       2.964
  49      4  3  4  8     2.393E+08       3.240
  50      5  0  0  5     1.402E+08       2.866
  53      5  0  2  7     4.136E+08       3.165
  56      5  0  4  9     3.037E+08       3.468
  57      5  3  0  5    -1.729E+07       2.783
  62      5  3  2  7    -2.297E+07       2.769
  64      6  0  0  6     8.431E+07       3.110
  66      6  0  2  8     3.812E+08       3.497
  67      6  0  4 10     1.869E+08       3.628
  68      6  3  0  6    -2.702E+08       3.110
  71      6  3  2  8    -1.022E+09       3.424
  72      6  3  4 10    -1.272E+09       3.817
  73      6  6  0  6     3.180E+08       3.154
  77      6  6  2  8     1.099E+09       3.433
  78      6  6  4 10     1.563E+09       3.858
  79      7  0  0  7    -1.814E+08       3.357
  82      7  0  2  9    -8.081E+08       3.684
  83      7  0  4 11    -1.388E+09       4.121
  84      7  3  0  7    -2.386E+08       3.409
  85      7  3  2  9    -1.352E+09       3.799
  86      7  3  4 11    -1.401E+09       4.091
  87      7  6  0  7     5.136E+08       3.398
  90      7  6  2  9     2.166E+09       3.692
  91      7  6  4 11     3.586E+09       4.118
  92      8  0  0  8    -3.361E+08       3.633
  93      8  0  2 10    -1.879E+09       3.992
  94      8  0  4 12    -3.070E+09       4.369
  95      8  3  0  8     2.280E+08       3.527
  97      8  3  2 10     1.459E+09       3.917
  98      8  3  4 12     3.818E+09       4.429
  99      8  6  0  8     1.095E+08       3.485
 100      8  6  2 10     1.701E+09       4.126
 101      8  6  4 12     3.271E+09       4.519
 103      9  3  0  9     4.059E+08       3.724
 104      9  3  2 11     4.234E+09       4.224
 105      9  3  4 13     1.235E+10       4.734
 106      9  6  0  9    -5.357E+08       3.851
 107      9  6  2 11    -2.882E+09       4.145
 108      9  6  4 13    -7.636E+09       4.645
 109      9  9  0  9     7.826E+08       3.911
 111      9  9  2 11     4.486E+09       4.214
 112      9  9  4 13     1.015E+10       4.666
 114     10  0  2 12     4.838E+09       4.494
 115     10  6  0 10    -6.708E+08       4.037
 116     10  6  2 12    -7.851E+09       4.529
 117     10  9  0 10     8.766E+08       4.015
 118     10  9  2 12     8.863E+09       4.464
 119     10  9  4 14     2.913E+10       4.971
 120     11  3  2 13    -1.087E+10       4.773
 
     Dist      Isotropic   Sigma(Aniso)    Ratio
     2.000     2.270E+06     3.564E+07     15.70
     2.100     1.923E+06     2.485E+07     12.92
     2.200     1.630E+06     1.745E+07     10.71
     2.300     1.381E+06     1.235E+07      8.94
     2.400     1.170E+06     8.803E+06      7.52
     2.500     9.912E+05     6.325E+06      6.38
     2.600     8.398E+05     4.579E+06      5.45
     2.700     7.115E+05     3.341E+06      4.70
     2.800     6.029E+05     2.456E+06      4.07
     2.900     5.108E+05     1.819E+06      3.56
     3.000     4.328E+05     1.356E+06      3.13
     3.100     3.667E+05     1.019E+06      2.78
     3.200     3.107E+05     7.700E+05      2.48
     3.300     2.632E+05     5.856E+05      2.22
     3.400     2.230E+05     4.480E+05      2.01
     3.500     1.890E+05     3.446E+05      1.82
 ==> Anisotropic terms may be large at shortest range;
 ==> Blind extrapolation of anisotropic terms is DANGEROUS;
 ==> Set up a more secure proportional extrapolation scheme.
 
 Set up smooth transition domains...
 Anisotropy fraction kept at shorter range     1.000
 Left  domain     3.000  ->      3.500
 Right domain    14.000  ->     15.000
 
 Initialization done.
 
 NLAM         120
 
 Long range extrapolation:
 itt         Vxxxx           Coeff   1/R Power
   1      0  0  0  0    -2.228E+08       6.270
   2      0  0  2  2    -3.971E+07       6.755
   6      1  0  2  3     7.537E+05       3.989
   9      2  0  0  2    -7.962E+07       7.241
  12      2  0  2  4    -5.154E+06       4.996
  16      3  0  0  3     1.208E+08       7.478
  19      3  0  2  5    -5.769E+06       5.877
  24      3  3  0  3    -2.566E+08       7.789
  29      3  3  2  5     1.243E+07       5.933
  47      4  3  2  6     3.156E+07       6.924
      10 terms extrapolated at long range
 
 Monitor exponential short range extrapolation
 Select terms above TRES =    3.00E+03  at R=   3.000
 itt         Vxxxx           Coeff   Exp fact.
   1      0  0  0  0     6.245E+07       1.657
   2      0  0  2  2     2.925E+07       2.106
   3      0  0  4  4     5.588E+06       2.292
   4      1  0  0  1     1.752E+07       1.830
   5      1  0  2  1    -3.154E+06       2.198
   6      1  0  2  3     1.163E+07       2.006
   9      2  0  0  2    -5.198E+07       2.173
  12      2  0  2  4    -2.834E+07       2.139
  15      2  0  4  6    -1.287E+07       2.542
  16      3  0  0  3    -3.171E+07       2.025
  18      3  0  2  3     1.369E+07       2.622
  19      3  0  2  5    -1.258E+08       2.701
  23      3  0  4  7    -3.103E+07       2.784
  24      3  3  0  3     5.468E+07       2.018
  27      3  3  2  3    -2.414E+07       2.630
  29      3  3  2  5     2.051E+08       2.673
  34      3  3  4  7     1.104E+08       2.982
  35      4  0  0  4     1.335E+07       2.526
  38      4  0  2  6     2.805E+07       2.762
  42      4  3  0  4     1.032E+08       2.472
  45      4  3  2  4    -1.659E+07       2.658
  47      4  3  2  6     3.984E+08       2.964
  49      4  3  4  8     2.393E+08       3.240
  50      5  0  0  5     1.402E+08       2.866
  53      5  0  2  7     4.136E+08       3.165
  56      5  0  4  9     3.037E+08       3.468
  57      5  3  0  5    -1.729E+07       2.783
  62      5  3  2  7    -2.297E+07       2.769
  64      6  0  0  6     8.431E+07       3.110
  66      6  0  2  8     3.812E+08       3.497
  67      6  0  4 10     1.869E+08       3.628
  68      6  3  0  6    -2.702E+08       3.110
  71      6  3  2  8    -1.022E+09       3.424
  72      6  3  4 10    -1.272E+09       3.817
  73      6  6  0  6     3.180E+08       3.154
  77      6  6  2  8     1.099E+09       3.433
  78      6  6  4 10     1.563E+09       3.858
  79      7  0  0  7    -1.814E+08       3.357
  82      7  0  2  9    -8.081E+08       3.684
  83      7  0  4 11    -1.388E+09       4.121
  84      7  3  0  7    -2.386E+08       3.409
  85      7  3  2  9    -1.352E+09       3.799
  86      7  3  4 11    -1.401E+09       4.091
  87      7  6  0  7     5.136E+08       3.398
  90      7  6  2  9     2.166E+09       3.692
  91      7  6  4 11     3.586E+09       4.118
  92      8  0  0  8    -3.361E+08       3.633
  93      8  0  2 10    -1.879E+09       3.992
  94      8  0  4 12    -3.070E+09       4.369
  95      8  3  0  8     2.280E+08       3.527
  97      8  3  2 10     1.459E+09       3.917
  98      8  3  4 12     3.818E+09       4.429
  99      8  6  0  8     1.095E+08       3.485
 100      8  6  2 10     1.701E+09       4.126
 101      8  6  4 12     3.271E+09       4.519
 103      9  3  0  9     4.059E+08       3.724
 104      9  3  2 11     4.234E+09       4.224
 105      9  3  4 13     1.235E+10       4.734
 106      9  6  0  9    -5.357E+08       3.851
 107      9  6  2 11    -2.882E+09       4.145
 108      9  6  4 13    -7.636E+09       4.645
 109      9  9  0  9     7.826E+08       3.911
 111      9  9  2 11     4.486E+09       4.214
 112      9  9  4 13     1.015E+10       4.666
 114     10  0  2 12     4.838E+09       4.494
 115     10  6  0 10    -6.708E+08       4.037
 116     10  6  2 12    -7.851E+09       4.529
 117     10  9  0 10     8.766E+08       4.015
 118     10  9  2 12     8.863E+09       4.464
 119     10  9  4 14     2.913E+10       4.971
 120     11  3  2 13    -1.087E+10       4.773
 
     Dist      Iso   4.971
 120     11  3  2 13    -1.087E+10       4.773
 
     Dist      Isotropic   Sigma(Aniso)    Ratio
     2.000     2.270E+06     3.564E+07     15.70
     2.100     1.923E+06     2.485E+07     12.92
     2.200     1.630E+06     1.745E+07     10.71
     2.300     1.381E+06     1.235E+07      8.94
     2.400     1.170E+06     8.803E+06      7.52
     2.500     9.912E+05     6.325E+06      6.38
     2.600     8.398E+05     4.579E+06      5.45
     2.700     7.115E+05     3.341E+06      4.70
     2.800     6.029E+05     2.456E+06      4.07
     2.900     5.108E+05     1.819E+06      3.56
     3.000     4.328E+05     1.356E+06      3.13
     3.100     3.667E+05     1.019E+06      2.78
     3.200     3.107E+05     7.700E+05      2.48
     3.300     2.632E+05     5.856E+05      2.22
     3.400     2.230E+05     4.480E+05      2.01
     3.500     1.890E+05     3.446E+05      1.82
 ==> Anisotropic terms may be large at shortest range;
 ==> Blind extrapolation of anisotropic terms is DANGEROUS;
 ==> Set up a more secure proportional extrapolation scheme.
 
 Set up smooth transition domains...
 Anisotropy fraction kept at shorter range     1.000
 Left  domain     3.000  ->      3.500
 Right domain    14.000  ->     15.000
 
 Initialization done.
 
 NLAM         120
   4.971
 120     11  3  2 13    -1.087E+10       4.773
 
     Dist      Isotropic   Sigma(Aniso)    Ratio
     2.000     2.270E+06     3.564E+07     15.70
     2.100     1.923E+06     2.485E+07     12.92
     2.200     1.630E+06     1.745E+07     10.71
     2.300     1.381E+06     1.235E+07      8.94
     2.400     1.170E+06     8.803E+06      7.52
     2.500     9.912E+05     6.325E+06      6.38
     2.600     8.398E+05     4.579E+06      5.45
     2.700     7.115E+05     3.341E+06      4.70
     2.800     6.029E+05     2.456E+06      4.07
     2.900     5.108E+05     1.819E+06      3.56
     3.000     4.328E+05     1.356E+06      3.13
     3.100     3.667E+05     1.019E+06      2.78
     3.200     3.107E+05     7.700E+05      2.48
     3.300     2.632E+05     5.856E+05      2.22
     3.400     2.230E+05     4.480E+05      2.01
     3.500     1.890E+05     3.446E+05      1.82
 ==> Anisotropic terms may be large at shortest range;
 ==> Blind extrapolation of anisotropic terms is DANGEROUS;
 ==> Set up a more secure proportional extrapolation scheme.
 
 Set up smooth transition domains...
 Anisotropy fraction kept at shorter range     1.000
 Left  domain     3.000  ->      3.500
 Right domain    14.000  ->     15.000
 
 Initialization done.
 
 NLAM         120
   4.971
 120     11  3  2 13    -1.087E+10       4.773
 
     Dist      Isotropic   Sigma(Aniso)    Ratio
     2.000     2.270E+06     3.564E+07     15.70
     2.100     1.923E+06     2.485E+07     12.92
     2.200     1.630E+06     1.745E+07     10.71
     2.300     1.381E+06     1.235E+07      8.94
     2.400     1.170E+06     8.803E+06      7.52
     2.500     9.912E+05     6.325E+06      6.38
     2.600     8.398E+05     4.579E+06      5.45
     2.700     7.115E+05     3.341E+06      4.70
     2.800     6.029E+05     2.456E+06      4.07
     2.900     5.108E+05     1.819E+06      3.56
     3.000     4.328E+05     1.356E+06      3.13
     3.100     3.667E+05     1.019E+06      2.78
     3.200     3.107E+05     7.700E+05      2.48
     3.300     2.632E+05     5.856E+05      2.22
     3.400     2.230E+05     4.480E+05      2.01
     3.500     1.890E+05     3.446E+05      1.82
 ==> Anisotropic terms may be large at shortest range;
 ==> Blind extrapolation of anisotropic terms is DANGEROUS;
 ==> Set up a more secure proportional extrapolation scheme.
 
 Set up smooth transition domains...
 Anisotropy fraction kept at shorter range     1.000
 Left  domain     3.000  ->      3.500
 Right domain    14.000  ->     15.000
 
 Initialization done.
 
 NLAM         120
   4.971
 120     11  3  2 13    -1.087E+10       4.773
 
     Dist      Isotropic   Sigma(Aniso)    Ratio
     2.000     2.270E+06     3.564E+07     15.70
     2.100     1.923E+06     2.485E+07     12.92
     2.200     1.630E+06     1.745E+07     10.71
     2.300     1.381E+06     1.235E+07      8.94
     2.400     1.170E+06     8.803E+06      7.52
     2.500     9.912E+05     6.325E+06      6.38
     2.600     8.398E+05     4.579E+06      5.45
     2.700     7.115E+05     3.341E+06      4.70
     2.800     6.029E+05     2.456E+06      4.07
     2.900     5.108E+05     1.819E+06      3.56
     3.000     4.328E+05     1.356E+06      3.13
     3.100     3.667E+05     1.019E+06      2.78
     3.200     3.107E+05     7.700E+05      2.48
     3.300     2.632E+05     5.856E+05      2.22
     3.400     2.230E+05     4.480E+05      2.01
     3.500     1.890E+05     3.446E+05      1.82
 ==> Anisotropic terms may be large at shortest range;
 ==> Blind extrapolation of anisotropic terms is DANGEROUS;
 ==> Set up a more secure proportional extrapolation scheme.
 
 Set up smooth transition domains...
 Anisotropy fraction kept at shorter range     1.000
 Left  domain     3.000  ->      3.500
 Right domain    14.000  ->     15.000
 
 Initialization done.
 
 NLAM         120
   4.971
 120     11  3  2 13    -1.087E+10       4.773
 
     Dist      Isotropic   Sigma(Aniso)    Ratio
     2.000     2.270E+06     3.564E+07     15.70
     2.100     1.923E+06     2.485E+07     12.92
     2.200     1.630E+06     1.745E+07     10.71
     2.300     1.381E+06     1.235E+07      8.94
     2.400     1.170E+06     8.803E+06      7.52
     2.500     9.912E+05     6.325E+06      6.38
     2.600     8.398E+05     4.579E+06      5.45
     2.700     7.115E+05     3.341E+06      4.70
     2.800     6.029E+05     2.456E+06      4.07
     2.900     5.108E+05     1.819E+06      3.56
     3.000     4.328E+05     1.356E+06      3.13
     3.100     3.667E+05     1.019E+06      2.78
     3.200     3.107E+05     7.700E+05      2.48
     3.300     2.632E+05     5.856E+05      2.22
     3.400     2.230E+05     4.480E+05      2.01
     3.500     1.890E+05     3.446E+05      1.82
 ==> Anisotropic terms may be large at shortest range;
 ==> Blind extrapolation of anisotropic terms is DANGEROUS;
 ==> Set up a more secure proportional extrapolation scheme.
 
 Set up smooth transition domains...
 Anisotropy fraction kept at shorter range     1.000
 Left  domain     3.000  ->      3.500
 Right domain    14.000  ->     15.000
 
 Initialization done.
 
 NLAM         120
   4.971
 120     11  3  2 13    -1.087E+10       4.773
 
     Dist      Isotropic   Sigma(Aniso)    Ratio
     2.000     2.270E+06     3.564E+07     15.70
     2.100     1.923E+06     2.485E+07     12.92
     2.200     1.630E+06     1.745E+07     10.71
     2.300     1.381E+06     1.235E+07      8.94
     2.400     1.170E+06     8.803E+06      7.52
     2.500     9.912E+05     6.325E+06      6.38
     2.600     8.398E+05     4.579E+06      5.45
     2.700     7.115E+05     3.341E+06      4.70
     2.800     6.029E+05     2.456E+06      4.07
     2.900     5.108E+05     1.819E+06      3.56
     3.000     4.328E+05     1.356E+06      3.13
     3.100     3.667E+05     1.019E+06      2.78
     3.200     3.107E+05     7.700E+05      2.48
     3.300     2.632E+05     5.856E+05      2.22
     3.400     2.230E+05     4.480E+05      2.01
     3.500     1.890E+05     3.446E+05      1.82
 ==> Anisotropic terms may be large at shortest range;
 ==> Blind extrapolation of anisotropic terms is DANGEROUS;
 ==> Set up a more secure proportional extrapolation scheme.
 
 Set up smooth transition domains...
 Anisotropy fraction kept at shorter range     1.000
 Left  domain     3.000  ->      3.500
 Right domain    14.000  ->     15.000
 
 Initialization done.
 
 NLAM         120
   6      1  0  2  3     1.163E+07       2.006
   9      2  0  0  2    -5.198E+07       2.173
  12      2  0  2  4    -2.834E+07       2.139
  15      2  0  4  6    -1.287E+07       2.542
  16      3  0  0  3    -3.171E+07       2.025
  18      3  0  2  3     1.369E+07       2.622
  19      3  0  2  5    -1.258E+08       2.701
  23      3  0  4  7    -3.103E+07       2.784
  24      3  3  0  3     5.468E+07       2.018
  27      3  3  2  3    -2.414E+07       2.630
  29      3  3  2  5     2.051E+08       2.673
  34      3  3  4  7     1.104E+08       2.982
  35      4  0  0  4     1.335E+07       2.526
  38      4  0  2  6     2.805E+07       2.762
  42      4  3  0  4     1.032E+08       2.472
  45      4  3  2  4    -1.659E+07       2.658
  47      4  3  2  6     3.984E+08       2.964
  49      4  3  4  8     2.393E+08       3.240
  50      5  0  0  5     1.402E+08       2.866
  53      5  0  2  7     4.136E+08       3.165
  56      5  0  4  9     3.037E+08       3.468
  57      5  3  0  5    -1.729E+07       2.783
  62      5  3  2  7    -2.297E+07       2.769
  64      6  0  0  6     8.431E+07       3.110
  66      6  0  2  8     3.812E+08       3.497
  67      6  0  4 10     1.869E+08       3.628
  68      6  3  0  6    -2.702E+08       3.110
  71      6  3  2  8    -1.022E+09       3.424
  72      6  3  4 10    -1.272E+09       3.817
  73      6  6  0  6     3.180E+08       3.154
  77      6  6  2  8     1.099E+09       3.433
  78      6  6  4 10     1.563E+09       3.858
  79      7  0  0  7    -1.814E+08       3.357
  82      7  0  2  9    -8.081E+08       3.684
  83      7  0  4 11    -1.388E+09       4.121
  84      7  3  0  7    -2.386E+08       3.409
  85      7  3  2  9    -1.352E+09       3.799
  86      7  3  4 11    -1.401E+09       4.091
  87      7  6  0  7     5.136E+08       3.398
  90      7  6  2  9     2.166E+09       3.692
  91      7  6  4 11     3.586E+09       4.118
  92      8  0  0  8    -3.361E+08       3.633
  93      8  0  2 10    -1.879E+09       3.992
  94      8  0  4 12    -3.070E+09       4.369
  95      8  3  0  8     2.280E+08       3.527
  97      8  3  2 10     1.459E+09       3.917
  98      8  3  4 12     3.818E+09       4.429
  99      8  6  0  8     1.095E+08       3.485
 100      8  6  2 10     1.701E+09       4.126
 101      8  6  4 12     3.271E+09       4.519
 103      9  3  0  9     4.059E+08       3.724
 104      9  3  2 11     4.234E+09       4.224
 105      9  3  4 13     1.235E+10       4.734
 106      9  6  0  9    -5.357E+08       3.851
 107      9  6  2 11    -2.882E+09       4.145
 108      9  6  4 13    -7.636E+09       4.645
 109      9  9  0  9     7.826E+08       3.911
 111      9  9  2 11     4.486E+09       4.214
 112      9  9  4 13     1.015E+10       4.666
 114     10  0  2 12     4.838E+09       4.494
 115     10  6  0 10    -6.708E+08       4.037
 116     10  6  2 12    -7.851E+09       4.529
 117     10  9  0 10     8.766E+08       4.015
 118     10  9  2 12     8.863E+09       4.464
 119     10  9  4 14     2.913E+10       4.971
 120     11  3  2 13    -1.087E+10       4.773
 
     Dist      Isotropic   Sigma(Aniso)    Ratio
     2.000     2.270E+06     3.564E+07     15.70
     2.100     1.923E+06     2.485E+07     12.92
     2.200     1.630E+06     1.745E+07     10.71
     2.300     1.381E+06     1.235E+07      8.94
     2.400     1.170E+06     8.803E+06      7.52
     2.500     9.912E+05     6.325E+06      6.38
     2.600     8.398E+05     4.579E+06      5.45
     2.700     7.115E+05     3.341E+06      4.70
     2.800     6.029E+05     2.456E+06      4.07
     2.900     5.108E+05     1.819E+06      3.56
     3.000     4.328E+05     1.356E+06      3.13
     3.100     3.667E+05     1.019E+06      2.78
     3.200     3.107E+05     7.700E+05      2.48
     3.300     2.632E+05     5.856E+05      2.22
     3.400     2.230E+05     4.480E+05      2.01
     3.500     1.890E+05     3.446E+05      1.82
 ==> Anisotropic terms may be large at shortest range;
 ==> Blind extrapolation of anisotropic terms is DANGEROUS;
 ==> Set up a more secure proportional extr   4.971
 120     11  3  2 13    -1.087E+10       4.773
 
     Dist      Isotropic   Sigma(Aniso)    Ratio
     2.000     2.270E+06     3.564E+07     15.70
     2.100     1.923E+06     2.485E+07     12.92
     2.200     1.630E+06     1.745E+07     10.71
     2.300     1.381E+06     1.235E+07      8.94
     2.400     1.170E+06     8.803E+06      7.52
     2.500     9.912E+05     6.325E+06      6.38
     2.600     8.398E+05     4.579E+06      5.45
     2.700     7.115E+05     3.341E+06      4.70
     2.800     6.029E+05     2.456E+06      4.07
     2.900     5.108E+05     1.819E+06      3.56
     3.000     4.328E+05     1.356E+06      3.13
     3.100     3.667E+05     1.019E+06      2.78
     3.200     3.107E+05     7.700E+05      2.48
     3.300     2.632E+05     5.856E+05      2.22
     3.400     2.230E+05     4.480E+05      2.01
     3.500     1.890E+05     3.446E+05      1.82
 ==> Anisotropic terms may be large at shortest range;
 ==> Blind extrapolation of anisotropic terms is DANGEROUS;
 ==> Set up a more secure proportional extrapolation scheme.
 
 Set up smooth transition domains...
 Anisotropy fraction kept at shorter range     1.000
 Left  domain     3.000  ->      3.500
 Right domain    14.000  ->     15.000
 
 Initialization done.
 
 NLAM         120
   4.971
 120     11  3  2 13    -1.087E+10       4.773
 
     Dist      Isotropic   Sigma(Aniso)    Ratio
     2.000     2.270E+06     3.564E+07     15.70
     2.100     1.923E+06     2.485E+07     12.92
     2.200     1.630E+06     1.745E+07     10.71
     2.300     1.381E+06     1.235E+07      8.94
     2.400     1.170E+06     8.803E+06      7.52
     2.500     9.912E+05     6.325E+06      6.38
     2.600     8.398E+05     4.579E+06      5.45
     2.700     7.115E+05     3.341E+06      4.70
     2.800     6.029E+05     2.456E+06      4.07
     2.900     5.108E+05     1.819E+06      3.56
     3.000     4.328E+05     1.356E+06      3.13
     3.100     3.667E+05     1.019E+06      2.78
     3.200     3.107E+05     7.700E+05      2.48
     3.300     2.632E+05     5.856E+05      2.22
     3.400     2.230E+05     4.480E+05      2.01
     3.500     1.890E+05     3.446E+05      1.82
 ==> Anisotropic terms may be large at shortest range;
 ==> Blind extrapolation of anisotropic terms is DANGEROUS;
 ==> Set up a more secure proportional extrapolation scheme.
 
 Set up smooth transition domains...
 Anisotropy fraction kept at shorter range     1.000
 Left  domain     3.000  ->      3.500
 Right domain    14.000  ->     15.000
 
 Initialization done.
 
 NLAM         120
   4.971
 120     11  3  2 13    -1.087E+10       4.773
 
     Dist      Isotropic   Sigma(Aniso)    Ratio
     2.000     2.270E+06     3.564E+07     15.70
     2.100     1.923E+06     2.485E+07     12.92
     2.200     1.630E+06     1.745E+07     10.71
     2.300     1.381E+06     1.235E+07      8.94
     2.400     1.170E+06     8.803E+06      7.52
     2.500     9.912E+05     6.325E+06      6.38
     2.600     8.398E+05     4.579E+06      5.45
     2.700     7.115E+05     3.341E+06      4.70
     2.800     6.029E+05     2.456E+06      4.07
     2.900     5.108E+05     1.819E+06      3.56
     3.000     4.328E+05     1.356E+06      3.13
     3.100     3.667E+05     1.019E+06      2.78
     3.200     3.107E+05     7.700E+05      2.48
     3.300     2.632E+05     5.856E+05      2.22
     3.400     2.230E+05     4.480E+05      2.01
     3.500     1.890E+05     3.446E+05      1.82
 ==> Anisotropic terms may be large at shortest range;
 ==> Blind extrapolation of anisotropic terms is DANGEROUS;
 ==> Set up a more secure proportional extrapolation scheme.
 
 Set up smooth transition domains...
 Anisotropy fraction kept at shorter range     1.000
 Left  domain     3.000  ->      3.500
 Right domain    14.000  ->     15.000
 
 Initialization done.
 
 NLAM         120
   4.971
 120     11  3  2 13    -1.087E+10       4.773
 
     Dist      Isotropic   Sigma(Aniso)    Ratio
     2.000     2.270E+06     3.564E+07     15.70
     2.100     1.923E+06     2.485E+07     12.92
     2.200     1.630E+06     1.745E+07     10.71
     2.300     1.381E+06     1.235E+07      8.94
     2.400     1.170E+06     8.803E+06      7.52
     2.500     9.912E+05     6.325E+06      6.38
     2.600     8.398E+05     4.579E+06      5.45
     2.700     7.115E+05     3.341E+06      4.70
     2.800     6.029E+05     2.456E+06      4.07
     2.900     5.108E+05     1.819E+06      3.56
     3.000     4.328E+05     1.356E+06      3.13
     3.100     3.667E+05     1.019E+06      2.78
     3.200     3.107E+05     7.700E+05      2.48
     3.300     2.632E+05     5.856E+05      2.22
     3.400     2.230E+05     4.480E+05      2.01
     3.500     1.890E+05     3.446E+05      1.82
 ==> Anisotropic terms may be large at shortest range;
 ==> Blind extrapolation of anisotropic terms is DANGEROUS;
 ==> Set up a more secure proportional extrapolation scheme.
 
 Set up smooth transition domains...
 Anisotropy fraction kept at shorter range     1.000
 Left  domain     3.000  ->      3.500
 Right domain    14.000  ->     15.000
 
 Initialization done.
 
 NLAM         120
  86      7  3  4 11    -1.401E+09       4.091
  87      7  6  0  7     5.136E+08       3.398
  90      7  6  2  9     2.166E+09       3.692
  91      7  6  4 11     3.586E+09       4.118
  92      8  0  0  8    -3.361E+08       3.633
  93      8  0  2 10    -1.879E+09       3.992
  94      8  0  4 12    -3.070E+09       4.369
  95      8  3  0  8     2.280E+08       3.527
  97      8  3  2 10     1.459E+09       3.917
  98      8  3  4 12     3.818E+09       4.429
  99      8  6  0  8     1.095E+08       3.485
 100      8  6  2 10     1.701E+09       4.126
 101      8  6  4 12     3.271E+09       4.519
 103      9  3  0  9     4.059E+08       3.724
 104      9  3  2 11     4.234E+09       4.224
 105      9  3  4 13     1.235E+10       4.734
 106      9  6  0  9    -5.357E+08       3.851
 107      9  6  2 11    -2.882E+09       4.145
 108      9  6  4 13    -7.636E+09       4.645
 109      9  9  0  9     7.826E+08       3.911
 111      9  9  2 11     4.486E+09       4.214
 112      9  9  4 13     1.015E+10       4.666
 114     10  0  2 12     4.838E+09       4.494
 115     10  6  0 10    -6.708E+08       4.037
 116     10  6  2 12    -7.851E+09       4.529
 117     10  9  0 10     8.766E+08       4.015
 118     10  9  2 12     8.863E+09       4.464
 119     10  9  4 14     2.913E+10       4.971
 120     11  3  2 13    -1.087E+10       4.773
 
     Dist      Isotropic   Sigma(Aniso)    Ratio
     2.000     2.270E+06     3.564E+07     15.70
     2.100     1.923E+06     2.485E+07     12.92
     2.200     1.630E+06     1.745E+07     10.71
     2.300     1.381E+06     1.235E+07      8.94
     2.400     1.170E+06     8.803E+06      7.52
     2.500     9.912E+05     6.325E+06      6.38
     2.600     8.398E+05     4.579E+06      5.45
     2.700     7.115E+05     3.341E+06      4.70
     2.800     6.029E+05     2.456E+06      4.07
     2.900     5.108E+05     1.819E+06      3.56
     3.000     4.328E+05     1.356E+06      3.13
     3.100     3.667E+05     1.019E+06      2.78
     3.200     3.107E+05     7.700E+05      2.48
     3.300     2.632E+05     5.856E+05      2.22
     3.400     2.230E+05     4.480E+05      2.01
     3.500     1.890E+05     3.446E+05      1.82
 ==> Anisotropic terms may be large at shortest range;
 ==> Blind extrapolation of anisotropic terms is DANGEROUS;
 ==> Set up a more secure proportional extrapolation scheme.
 
 Set up smooth transition domains...
 Anisotropy fraction kept at shorter range     1.000
 Left  domain     3.000  ->      3.500
 Right domain    14.000  ->     15.000
   4.971
 120     11  3  2 13    -1.087E+10       4.773
 
     Dist      Isotropic   Sigma(Aniso)    Ratio
     2.000     2.270E+06     3.564E+07     15.70
     2.100     1.923E+06     2.485E+07     12.92
     2.200     1.630E+06     1.745E+07     10.71
     2.300     1.381E+06     1.235E+07      8.94
     2.400     1.170E+06     8.803E+06      7.52
     2.500     9.912E+05     6.325E+06      6.38
     2.600     8.398E+05     4.579E+06      5.45
     2.700     7.115E+05     3.341E+06      4.70
     2.800     6.029E+05     2.456E+06      4.07
     2.900     5.108E+05     1.819E+06      3.56
     3.000     4.328E+05     1.356E+06      3.13
     3.100     3.667E+05     1.019E+06      2.78
     3.200     3.107E+05     7.700E+05      2.48
     3.300     2.632E+05     5.856E+05      2.22
     3.400     2.230E+05     4.480E+05      2.01
     3.500     1.890E+05     3.446E+05      1.82
 ==> Anisotropic terms may be large at shortest range;
 ==> Blind extrapolation of anisotropic terms is DANGEROUS;
 ==> Set up a more secure proportional extrapolation scheme.
 
 Set up smooth transition domains...
 Anisotropy fraction kept at shorter range     1.000
 Left  domain     3.000  ->      3.500
 Right domain    14.000  ->     15.000
 
 Initialization done.
 
 NLAM         120
   4.971
 120     11  3  2 13    -1.087E+10       4.773
 
     Dist      Isotropic   Sigma(Aniso)    Ratio
     2.000     2.270E+06     3.564E+07     15.70
     2.100     1.923E+06     2.485E+07     12.92
     2.200     1.630E+06     1.745E+07     10.71
     2.300     1.381E+06     1.235E+07      8.94
     2.400     1.170E+06     8.803E+06      7.52
     2.500     9.912E+05     6.325E+06      6.38
     2.600     8.398E+05     4.579E+06      5.45
     2.700     7.115E+05     3.341E+06      4.70
     2.800     6.029E+05     2.456E+06      4.07
     2.900     5.108E+05     1.819E+06      3.56
     3.000     4.328E+05     1.356E+06      3.13
     3.100     3.667E+05     1.019E+06      2.78
     3.200     3.107E+05     7.700E+05      2.48
     3.300     2.632E+05     5.856E+05      2.22
     3.400     2.230E+05     4.480E+05      2.01
     3.500     1.890E+05     3.446E+05      1.82
 ==> Anisotropic terms may be large at shortest range;
 ==> Blind extrapolation of anisotropic terms is DANGEROUS;
 ==> Set up a more secure proportional extrapolation scheme.
 
 Set up smooth transition domains...
 Anisotropy fraction kept at shorter range     1.000
 Left  domain     3.000  ->      3.500
 Right domain    14.000  ->     15.000
 
 Initialization done.
 
 NLAM         120
   4.971
 120     11  3  2 13    -1.087E+10       4.773
 
     Dist      Isotropic   Sigma(Aniso)    Ratio
     2.000     2.270E+06     3.564E+07     15.70
     2.100     1.923E+06     2.485E+07     12.92
     2.200     1.630E+06     1.745E+07     10.71
     2.300     1.381E+06     1.235E+07      8.94
     2.400     1.170E+06     8.803E+06      7.52
     2.500     9.912E+05     6.325E+06      6.38
     2.600     8.398E+05     4.579E+06      5.45
     2.700     7.115E+05     3.341E+06      4.70
     2.800     6.029E+05     2.456E+06      4.07
     2.900     5.108E+05     1.819E+06      3.56
     3.000     4.328E+05     1.356E+06      3.13
     3.100     3.667E+05     1.019E+06      2.78
     3.200     3.107E+05     7.700E+05      2.48
     3.300     2.632E+05     5.856E+05      2.22
     3.400     2.230E+05     4.480E+05      2.01
     3.500     1.890E+05     3.446E+05      1.82
 ==> Anisotropic terms may be large at shortest range;
 ==> Blind extrapolation of anisotropic terms is DANGEROUS;
 ==> Set up a more secure proportional extrapolation scheme.
 
 Set up smooth transition domains...
 Anisotropy fraction kept at shorter range     1.000
 Left  domain     3.000  ->      3.500
 Right domain    14.000  ->     15.000
 
 Initialization done.
 
 NLAM         120
   4.971
 120     11  3  2 13    -1.087E+10       4.773
 
     Dist      Isotropic   Sigma(Aniso)    Ratio
     2.000     2.270E+06     3.564E+07     15.70
     2.100     1.923E+06     2.485E+07     12.92
     2.200     1.630E+06     1.745E+07     10.71
     2.300     1.381E+06     1.235E+07      8.94
     2.400     1.170E+06     8.803E+06      7.52
     2.500     9.912E+05     6.325E+06      6.38
     2.600     8.398E+05     4.579E+06      5.45
     2.700     7.115E+05     3.341E+06      4.70
     2.800     6.029E+05     2.456E+06      4.07
     2.900     5.108E+05     1.819E+06      3.56
     3.000     4.328E+05     1.356E+06      3.13
     3.100     3.667E+05     1.019E+06      2.78
     3.200     3.107E+05     7.700E+05      2.48
     3.300     2.632E+05     5.856E+05      2.22
     3.400     2.230E+05     4.480E+05      2.01
     3.500     1.890E+05     3.446E+05      1.82
 ==> Anisotropic terms may be large at shortest range;
 ==> Blind extrapolation of anisotropic terms is DANGEROUS;
 ==> Set up a more secure proportional extrapolation scheme.
 
 Set up smooth transition domains...
 Anisotropy fraction kept at shorter range     1.000
 Left  domain     3.000  ->      3.500
 Right domain    14.000  ->     15.000
 
 Initialization done.
 
 NLAM         120
   4.971
 120     11  3  2 13    -1.087E+10       4.773
 
     Dist      Isotropic   Sigma(Aniso)    Ratio
     2.000     2.270E+06     3.564E+07     15.70
     2.100     1.923E+06     2.485E+07     12.92
     2.200     1.630E+06     1.745E+07     10.71
     2.300     1.381E+06     1.235E+07      8.94
     2.400     1.170E+06     8.803E+06      7.52
     2.500     9.912E+05     6.325E+06      6.38
     2.600     8.398E+05     4.579E+06      5.45
     2.700     7.115E+05     3.341E+06      4.70
     2.800     6.029E+05     2.456E+06      4.07
     2.900     5.108E+05     1.819E+06      3.56
     3.000     4.328E+05     1.356E+06      3.13
     3.100     3.667E+05     1.019E+06      2.78
     3.200     3.107E+05     7.700E+05      2.48
     3.300     2.632E+05     5.856E+05      2.22
     3.400     2.230E+05     4.480E+05      2.01
     3.500     1.890E+05     3.446E+05      1.82
 ==> Anisotropic terms may be large at shortest range;
 ==> Blind extrapolation of anisotropic terms is DANGEROUS;
 ==> Set up a more secure proportional extrapolation scheme.
 
 Set up smooth transition domains...
 Anisotropy fraction kept at shorter range     1.000
 Left  domain     3.000  ->      3.500
 Right domain    14.000  ->     15.000
 
 Initialization done.
 
 NLAM         120
   4.971
 120     11  3  2 13    -1.087E+10       4.773
 
     Dist      Isotropic   Sigma(Aniso)    Ratio
     2.000     2.270E+06     3.564E+07     15.70
     2.100     1.923E+06     2.485E+07     12.92
     2.200     1.630E+06     1.745E+07     10.71
     2.300     1.381E+06     1.235E+07      8.94
     2.400     1.170E+06     8.803E+06      7.52
     2.500     9.912E+05     6.325E+06      6.38
     2.600     8.398E+05     4.579E+06      5.45
     2.700     7.115E+05     3.341E+06      4.70
     2.800     6.029E+05     2.456E+06      4.07
     2.900     5.108E+05     1.819E+06      3.56
     3.000     4.328E+05     1.356E+06      3.13
     3.100     3.667E+05     1.019E+06      2.78
     3.200     3.107E+05     7.700E+05      2.48
     3.300     2.632E+05     5.856E+05      2.22
     3.400     2.230E+05     4.480E+05      2.01
     3.500     1.890E+05     3.446E+05      1.82
 ==> Anisotropic terms may be large at shortest range;
 ==> Blind extrapolation of anisotropic terms is DANGEROUS;
 ==> Set up a more secure proportional extrapolation scheme.
 
 Set up smooth transition domains...
 Anisotropy fraction kept at shorter range     1.000
 Left  domain     3.000  ->      3.500
 Right domain    14.000  ->     15.000
 
 Initialization done.
 
 NLAM         120
   4.971
 120     11  3  2 13    -1.087E+10       4.773
 
     Dist      Isotropic   Sigma(Aniso)    Ratio
     2.000     2.270E+06     3.564E+07     15.70
     2.100     1.923E+06     2.485E+07     12.92
     2.200     1.630E+06     1.745E+07     10.71
     2.300     1.381E+06     1.235E+07      8.94
     2.400     1.170E+06     8.803E+06      7.52
     2.500     9.912E+05     6.325E+06      6.38
     2.600     8.398E+05     4.579E+06      5.45
     2.700     7.115E+05     3.341E+06      4.70
     2.800     6.029E+05     2.456E+06      4.07
     2.900     5.108E+05     1.819E+06      3.56
     3.000     4.328E+05     1.356E+06      3.13
     3.100     3.667E+05     1.019E+06      2.78
     3.200     3.107E+05     7.700E+05      2.48
     3.300     2.632E+05     5.856E+05      2.22
     3.400     2.230E+05     4.480E+05      2.01
     3.500     1.890E+05     3.446E+05      1.82
 ==> Anisotropic terms may be large at shortest range;
 ==> Blind extrapolation of anisotropic terms is DANGEROUS;
 ==> Set up a more secure proportional extrapolation scheme.
 
 Set up smooth transition domains...
 Anisotropy fraction kept at shorter range     1.000
 Left  domain     3.000  ->      3.500
 Right domain    14.000  ->     15.000
 
 Initialization done.
 
 NLAM         120
 15.000  3000 120   1.633   0.000   0.000  1000  46   1.949   0.001   0.001
 
 Long range extrapolation:
 itt         Vxxxx           Coeff   1/R Power
   1      0  0  0  0    -2.228E+08       6.270
   2      0  0  2  2    -3.971E+07       6.755
   4.971
 120     11  3  2 13    -1.087E+10       4.773
 
     Dist      Isotropic   Sigma(Aniso)    Ratio
     2.000     2.270E+06     3.564E+07     15.70
     2.100     1.923E+06     2.485E+07     12.92
     2.200     1.630E+06     1.745E+07     10.71
     2.300     1.381E+06     1.235E+07      8.94
     2.400     1.170E+06     8.803E+06      7.52
     2.500     9.912E+05     6.325E+06      6.38
     2.600     8.398E+05     4.579E+06      5.45
     2.700     7.115E+05     3.341E+06      4.70
     2.800     6.029E+05     2.456E+06      4.07
     2.900     5.108E+05     1.819E+06      3.56
     3.000     4.328E+05     1.356E+06      3.13
     3.100     3.667E+05     1.019E+06      2.78
     3.200     3.107E+05     7.700E+05      2.48
     3.300     2.632E+05     5.856E+05      2.22
     3.400     2.230E+05     4.480E+05      2.01
     3.500     1.890E+05     3.446E+05      1.82
 ==> Anisotropic terms may be large at shortest range;
 ==> Blind extrapolation of anisotropic terms is DANGEROUS;
 ==> Set up a more secure proportional extrapolation scheme.
 
 Set up smooth transition domains...
 Anisotropy fraction kept at shorter range     1.000
 Left  domain     3.000  ->      3.500
 Right domain    14.000  ->     15.000
 
 Initialization done.
 
 NLAM         120
  97      8  3  2 10     1.459E+09       3.917
  98      8  3  4 12     3.818E+09       4.429
  99      8  6  0  8     1.095E+08       3.485
 100      8  6  2 10     1.701E+09       4.126
 101      8  6  4 12     3.271E+09       4.519
 103      9  3  0  9     4.059E+08       3.724
 104      9  3  2 11     4.234E+09       4.224
 105      9  3  4 13     1.235E+10       4.734
 106      9  6  0  9    -5.357E+08       3.851
 107      9  6  2 11    -2.882E+09       4.145
 108      9  6  4 13    -7.636E+09       4.645
 109      9  9  0  9     7.826E+08       3.911
 111      9  9  2 11     4.486E+09       4.214
 112      9  9  4 13     1.015E+10       4.666
 114     10  0  2 12     4.838E+09       4.494
 115     10  6  0 10    -6.708E+08       4.037
 116     10  6  2 12    -7.851E+09       4.529
 117     10  9  0 10     8.766E+08       4.015
 118     10  9  2 12     8.863E+09       4.464
 119     10  9  4 14     2.913E+10       4.971
 120     11  3  2 13    -1.087E+10       4.773
 
     Dist      Isotropic   Sigma(Aniso)    Ratio
     2.000     2.270E+06     3.564E+07     15.70
     2.100     1.923E+06     2.485E+07     12.92
     2.200     1.630E+06     1.745E+07     10.71
     2.300     1.381E+06     1.235E+07      8.94
     2.400     1.170E+06     8.803E+06      7.52
     2.500     9.912E+05     6.325E+06      6.38
     2.600     8.398E+05     4.579E+06      5.45
     2.700     7.115E+05     3.341E+06      4.70
     2.800     6.029E+05     2.456E+06      4.07
     2.900     5.108E+05     1.819E+06      3.56
     3.000     4.328E+05     1.356E+06      3.13
     3.100     3.667E+05     1.019E+06      2.78
     3.200     3.107E+05     7.700E+05      2.48
     3.300     2.632E+05     5.856E+05      2.22
     3.400     2.230E+05     4.480E+05      2.01
     3.500     1.890E+05     3.446E+05      1.82
 ==> Anisotropic terms may be large at shortest range;
 ==> Blind extrapolation of anisotropic terms is DANGEROUS;
 ==> Set up a more secure proportional extrapolation scheme.
 
 Set up smooth transition domains...
 Anisotropy fraction kept at shorter range     1.000
 Left  domain     3.000  ->      3.500
 Right domain    14.000  ->     15.000
 15.000  3000 120   1.633   0.000   0.000  1000  46   1.949   0.001   0.001
 
 Long range extrapolation:
 itt         Vxxxx           Coeff   1/R Power
   1      0  0  0  0    -2.228E+08       6.270
   2      0  0  2  2    -3.971E+07       6.755
   4.971
 120     11  3  2 13    -1.087E+10       4.773
 
     Dist      Isotropic   Sigma(Aniso)    Ratio
     2.000     2.270E+06     3.564E+07     15.70
     2.100     1.923E+06     2.485E+07     12.92
     2.200     1.630E+06     1.745E+07     10.71
     2.300     1.381E+06     1.235E+07      8.94
     2.400     1.170E+06     8.803E+06      7.52
     2.500     9.912E+05     6.325E+06      6.38
     2.600     8.398E+05     4.579E+06      5.45
     2.700     7.115E+05     3.341E+06      4.70
     2.800     6.029E+05     2.456E+06      4.07
     2.900     5.108E+05     1.819E+06      3.56
     3.000     4.328E+05     1.356E+06      3.13
     3.100     3.667E+05     1.019E+06      2.78
     3.200     3.107E+05     7.700E+05      2.48
     3.300     2.632E+05     5.856E+05      2.22
     3.400     2.230E+05     4.480E+05      2.01
     3.500     1.890E+05     3.446E+05      1.82
 ==> Anisotropic terms may be large at shortest range;
 ==> Blind extrapolation of anisotropic terms is DANGEROUS;
 ==> Set up a more secure proportional extrapolation scheme.
 
 Set up smooth transition domains...
 Anisotropy fraction kept at shorter range     1.000
 Left  domain     3.000  ->      3.500
 Right domain    14.000  ->     15.000
 
 Initialization done.
 
 NLAM         120
 15.000  3000 120   1.633   0.000   0.000  1000  46   1.949   0.001   0.001
 
 Long range extrapolation:
 15.000  3000 120   1.633   0.000   0.000  1000  46   1.949   0.001   0.001
 
 Long range extrapolation:
 itt         Vxxxx           Coeff   1/R Power
   1      0  0  0  0    -2.228E+08       6.270
   2      0  0  2  2    -3.971E+07       6.755
   6      1  0  2  3     7.537E+05       3.989
   9      2  0  0  2    -7.962E+07       7.241
  12      2  0  2  4    -5.154E+06       4.996
   4.971
 120     11  3  2 13    -1.087E+10       4.773
 
     Dist      Isotropic   Sigma(Aniso)    Ratio
     2.000     2.270E+06     3.564E+07     15.70
     2.100     1.923E+06     2.485E+07     12.92
     2.200     1.630E+06     1.745E+07     10.71
     2.300     1.381E+06     1.235E+07      8.94
     2.400     1.170E+06     8.803E+06      7.52
     2.500     9.912E+05     6.325E+06      6.38
     2.600     8.398E+05     4.579E+06      5.45
     2.700     7.115E+05     3.341E+06      4.70
     2.800     6.029E+05     2.456E+06      4.07
     2.900     5.108E+05     1.819E+06      3.56
     3.000     4.328E+05     1.356E+06      3.13
     3.100     3.667E+05     1.019E+06      2.78
     3.200     3.107E+05     7.700E+05      2.48
     3.300     2.632E+05     5.856E+05      2.22
     3.400     2.230E+05     4.480E+05      2.01
     3.500     1.890E+05     3.446E+05      1.82
 ==> Anisotropic terms may be large at shortest range;
 ==> Blind extrapolation of anisotropic terms is DANGEROUS;
 ==> Set up a more secure proportional extrapolation scheme.
 
 Set up smooth transition domains...
 Anisotropy fraction kept at shorter range     1.000
 Left  domain     3.000  ->      3.500
 Right domain    14.000  ->     15.000
 15.000  3000 120   1.633   0.000   0.000  1000  46   1.949   0.001   0.001
 15.000  3000 120   1.633   0.000   0.000  1000  46   1.949   0.001   0.001
 
 Long range extrapolation:
 itt         Vxxxx           Coeff   1/R Power
   1      0  0  0  0    -2.228E+08       6.270
   2      0  0  2  2    -3.971E+07       6.755
   6      1  0  2  3     7.537E+05       3.989
   9      2  0  0  2    -7.962E+07       7.241
  12      2  0  2  4    -5.154E+06       4.996
  16      3  0  0  3     1.208E+08       7.478
  19      3  0  2  5    -5.769E+06       5.877
  24      3  3  0  3    -2.566E+08       7.789
  29      3  3  2  5     1.243E+07       5.933
  47      4  3  2  6     3.156E+07       6.924
      10 terms extrapolated at long range
 
 Monitor exponential short range extrapolation
 15.000  3000 120   1.633   0.000   0.000  1000  46   1.949   0.001   0.001
   4.971
 120     11  3  2 13    -1.087E+10       4.773
 
     Dist      Isotropic   Sigma(Aniso)    Ratio
     2.000     2.270E+06     3.564E+07     15.70
     2.100     1.923E+06     2.485E+07     12.92
     2.200     1.630E+06     1.745E+07     10.71
     2.300     1.381E+06     1.235E+07      8.94
     2.400     1.170E+06     8.803E+06      7.52
     2.500     9.912E+05     6.325E+06      6.38
     2.600     8.398E+05     4.579E+06      5.45
     2.700     7.115E+05     3.341E+06      4.70
     2.800     6.029E+05     2.456E+06      4.07
     2.900     5.108E+05     1.819E+06      3.56
     3.000     4.328E+05     1.356E+06      3.13
     3.100     3.667E+05     1.019E+06      2.78
     3.200     3.107E+05     7.700E+05      2.48
     3.300     2.632E+05     5.856E+05      2.22
     3.400     2.230E+05     4.480E+05      2.01
     3.500     1.890E+05     3.446E+05      1.82
 ==> Anisotropic terms may be large at shortest range;
 ==> Blind extrapolation of anisotropic terms is DANGEROUS;
 ==> Set up a more secure proportional extrapolation scheme.
 
 Set up smooth transition domains...
 Anisotropy fraction kept at shorter range     1.000
 Left  domain     3.000  ->      3.500
 Right domain    14.000  ->     15.000
 
 Initialization done.
 
 NLAM         120
 15.000  3000 120   1.633   0.000   0.000  1000  46   1.949   0.001   0.001
 
 Long range extrapolation:
 itt         Vxxxx           Coeff   1/R Power
   1      0  0  0  0    -2.228E+08       6.270
   2      0  0  2  2    -3.971E+07       6.755
   4.971
 120     11  3  2 13    -1.087E+10       4.773
 
     Dist      Isotropic   Sigma(Aniso)    Ratio
     2.000     2.270E+06     3.564E+07     15.70
     2.100     1.923E+06     2.485E+07     12.92
     2.200     1.630E+06     1.745E+07     10.71
     2.300     1.381E+06     1.235E+07      8.94
     2.400     1.170E+06     8.803E+06      7.52
     2.500     9.912E+05     6.325E+06      6.38
     2.600     8.398E+05     4.579E+06      5.45
     2.700     7.115E+05     3.341E+06      4.70
     2.800     6.029E+05     2.456E+06      4.07
     2.900     5.108E+05     1.819E+06      3.56
     3.000     4.328E+05     1.356E+06      3.13
     3.100     3.667E+05     1.019E+06      2.78
     3.200     3.107E+05     7.700E+05      2.48
     3.300     2.632E+05     5.856E+05      2.22
     3.400     2.230E+05     4.480E+05      2.01
     3.500     1.890E+05     3.446E+05      1.82
 ==> Anisotropic terms may be large at shortest range;
 ==> Blind extrapolation of anisotropic terms is DANGEROUS;
 ==> Set up a more secure proportional extrapolation scheme.
 
 Set up smooth transition domains...
 Anisotropy fraction kept at shorter range     1.000
 Left  domain     3.000  ->      3.500
 Right domain    14.000  ->     15.000
 15.000  3000 120   1.633   0.000   0.000  1000  46   1.949   0.001   0.001
 
 Long range extrapolation:
 itt         Vxxxx           Coeff   1/R Power
   1      0  0  0  0    -2.228E+08       6.270
   2      0  0  2  2    -3.971E+07       6.755
   6      1  0  2  3     7.537E+05       3.989
 15.000  3000 120   1.633   0.000   0.000  1000  46   1.949   0.001   0.001
 
 Long range extrapolation:
 itt         Vxxxx           Coeff   1/R Power
   1      0  0  0  0    -2.228E+08       6.270
   2      0  0  2  2    -3.971E+07       6.755
   6      1  0  2  3     7.537E+05       3.989
   9      2  0  0  2    -7.962E+07       7.241
  12      2  0  2  4    -5.154E+06       4.996
  16      3  0  0  3     1.208E+08       7.478
  19      3  0  2  5    -5.769E+06       5.877
  24      3  3  0  3    -2.566E+08       7.789
  29      3  3  2  5     1.243E+07       5.933
  47      4  3  2  6     3.156E+07       6.924
      10 terms extrapolated at long range
 
 Monitor exponential short range extrapolation
   4.971
 120     11  3  2 13    -1.087E+10       4.773
 
     Dist      Isotropic   Sigma(Aniso)    Ratio
     2.000     2.270E+06     3.564E+07     15.70
     2.100     1.923E+06     2.485E+07     12.92
     2.200     1.630E+06     1.745E+07     10.71
     2.300     1.381E+06     1.235E+07      8.94
     2.400     1.170E+06     8.803E+06      7.52
     2.500     9.912E+05     6.325E+06      6.38
     2.600     8.398E+05     4.579E+06      5.45
     2.700     7.115E+05     3.341E+06      4.70
     2.800     6.029E+05     2.456E+06      4.07
     2.900     5.108E+05     1.819E+06      3.56
     3.000     4.328E+05     1.356E+06      3.13
     3.100     3.667E+05     1.019E+06      2.78
     3.200     3.107E+05     7.700E+05      2.48
     3.300     2.632E+05     5.856E+05      2.22
     3.400     2.230E+05     4.480E+05      2.01
     3.500     1.890E+05     3.446E+05      1.82
 ==> Anisotropic terms may be large at shortest range;
 ==> Blind extrapolation of anisotropic terms is DANGEROUS;
 ==> Set up a more secure proportional extrapolation scheme.
 
 Set up smooth transition domains...
 Anisotropy fraction kept at shorter range     1.000
 Left  domain     3.000  ->      3.500
 Right domain    14.000  ->     15.000
 
 Initialization done.
 
 NLAM         120
   4.971
 120     11  3  2 13    -1.087E+10       4.773
 
     Dist      Isotropic   Sigma(Aniso)    Ratio
     2.000     2.270E+06     3.564E+07     15.70
     2.100     1.923E+06     2.485E+07     12.92
     2.200     1.630E+06     1.745E+07     10.71
     2.300     1.381E+06     1.235E+07      8.94
     2.400     1.170E+06     8.803E+06      7.52
     2.500     9.912E+05     6.325E+06      6.38
     2.600     8.398E+05     4.579E+06      5.45
     2.700     7.115E+05     3.341E+06      4.70
     2.800     6.029E+05     2.456E+06      4.07
     2.900     5.108E+05     1.819E+06      3.56
     3.000     4.328E+05     1.356E+06      3.13
     3.100     3.667E+05     1.019E+06      2.78
     3.200     3.107E+05     7.700E+05      2.48
     3.300     2.632E+05     5.856E+05      2.22
     3.400     2.230E+05     4.480E+05      2.01
     3.500     1.890E+05     3.446E+05      1.82
 ==> Anisotropic terms may be large at shortest range;
 ==> Blind extrapolation of anisotropic terms is DANGEROUS;
 ==> Set up a more secure proportional extrapolation scheme.
 
 Set up smooth transition domains...
 Anisotropy fraction kept at shorter range     1.000
 Left  domain     3.000  ->      3.500
 Right domain    14.000  ->     15.000
 
 Initialization done.
 
 NLAM         120
 15.000  3000 120   1.633   0.000   0.000  1000  46   1.949   0.001   0.001
 
 Long range extrapolation:
 itt         Vxxxx           Coeff   1/R Power
   1      0  0  0  0    -2.228E+08       6.270
   2      0  0  2  2    -3.971E+07       6.755
   6      1  0  2  3     7.537E+05       3.989
   9      2  0  0  2    -7.962E+07       7.241
  12      2  0  2  4    -5.154E+06       4.996
  16      3  0  0  3     1.208E+08       7.478
  19      3  0  2  5    -5.769E+06       5.877
  24      3  3  0  3    -2.566E+08       7.789
  29      3  3  2  5     1.243E+07       5.933
  47      4  3  2  6     3.156E+07       6.924
      10 terms extrapolated at long range
 
 Monitor exponential short range extrapolation
 Select terms above TRES =    3.00E+03  at R=   3.000
 itt         Vxxxx           Coeff   Exp fact.
   1      0  0  0  0     6.245E+07       1.657
   2      0  0  2  2     2.925E+07       2.106
   3      0  0  4  4     5.588E+06       2.292
   4      1  0  0  1     1.752E+07       1.830
   5      1  0  2  1    -3.154E+06       2.198
   6      1  0  2  3     1.163E+07       2.006
   9      2  0  0  2    -5.198E+07       2.173
   4.971
 120     11  3  2 13    -1.087E+10       4.773
 
     Dist      Isotropic   Sigma(Aniso)    Ratio
     2.000     2.270E+06     3.564E+07     15.70
     2.100     1.923E+06     2.485E+07     12.92
     2.200     1.630E+06     1.745E+07     10.71
     2.300     1.381E+06     1.235E+07      8.94
     2.400     1.170E+06     8.803E+06      7.52
     2.500     9.912E+05     6.325E+06      6.38
     2.600     8.398E+05     4.579E+06      5.45
     2.700     7.115E+05     3.341E+06      4.70
     2.800     6.029E+05     2.456E+06      4.07
     2.900     5.108E+05     1.819E+06      3.56
     3.000     4.328E+05     1.356E+06      3.13
     3.100     3.667E+05     1.019E+06      2.78
     3.200     3.107E+05     7.700E+05      2.48
     3.300     2.632E+05     5.856E+05      2.22
     3.400     2.230E+05     4.480E+05      2.01
     3.500     1.890E+05     3.446E+05      1.82
 ==> Anisotropic terms may be large at shortest range;
 ==> Blind extrapolation of anisotropic terms is DANGEROUS;
 ==> Set up a more secure proportional extrapolation scheme.
 
 Set up smooth transition domains...
 Anisotropy fraction kept at shorter range     1.000
 Left  domain     3.000  ->      3.500
 Right domain    14.000  ->     15.000
 
 Initialization done.
 
 NLAM         120
 15.000  3000 120   1.633   0.000   0.000  1000  46   1.949   0.001   0.001
 
 Long range extrapolation:
 itt         Vxxxx           Coeff   1/R Power
   1      0  0  0  0    -2.228E+08       6.270
   2      0  0  2  2    -3.971E+07       6.755
   6      1  0  2  3     7.537E+05       3.989
   9      2  0  0  2    -7.962E+07       7.241
  12      2  0  2  4    -5.154E+06       4.996
  16      3  0  0  3     1.208E+08       7.478
  19      3  0  2  5    -5.769E+06       5.877
  24      3  3  0  3    -2.566E+08       7.789
  29      3  3  2  5     1.243E+07       5.933
  47      4  3  2  6     3.156E+07       6.924
      10 terms extrapolated at long range
 
 Monitor exponential short range extrapolation
 Select terms above TRES =    3.00E+03  at R=   3.000
 itt         Vxxxx           Coeff   Exp fact.
   1      0  0  0  0     6.245E+07       1.657
   2      0  0  2  2     2.925E+07       2.106
   3      0  0  4  4     5.588E+06       2.292
   4      1  0  0  1     1.752E+07       1.830
   5      1  0  2  1    -3.154E+06       2.198
   6      1  0  2  3     1.163E+07       2.006
   9      2  0  0  2    -5.198E+07       2.173
  12      2  0  2  4    -2.834E+07       2.139
  15      2  0  4  6    -1.287E+07       2.542
  16      3  0  0  3    -3.171E+07       2.025
  18      3  0  2  3     1.369E+07       2.622
  19      3  0  2  5    -1.258E+08       2.701
  23      3  0  4  7    -3.103E+07       2.784
  24      3  3  0  3     5.468E+07       2.018
   4.971
 120     11  3  2 13    -1.087E+10       4.773
 
     Dist      Isotropic   Sigma(Aniso)    Ratio
     2.000     2.270E+06     3.564E+07     15.70
     2.100     1.923E+06     2.485E+07     12.92
     2.200     1.630E+06     1.745E+07     10.71
     2.300     1.381E+06     1.235E+07      8.94
     2.400     1.170E+06     8.803E+06      7.52
     2.500     9.912E+05     6.325E+06      6.38
     2.600     8.398E+05     4.579E+06      5.45
     2.700     7.115E+05     3.341E+06      4.70
     2.800     6.029E+05     2.456E+06      4.07
     2.900     5.108E+05     1.819E+06      3.56
     3.000     4.328E+05     1.356E+06      3.13
     3.100     3.667E+05     1.019E+06      2.78
     3.200     3.107E+05     7.700E+05      2.48
     3.300     2.632E+05     5.856E+05      2.22
     3.400     2.230E+05     4.480E+05      2.01
     3.500     1.890E+05     3.446E+05      1.82
 ==> Anisotropic terms may be large at shortest range;
 ==> Blind extrapolation of anisotropic terms is DANGEROUS;
 ==> Set up a more secure proportional extrapolation scheme.
 
 Set up smooth transition domains...
 Anisotropy fraction kept at shorter range     1.000
 Left  domain     3.000  ->      3.500
 Right domain    14.000  ->     15.000
 
 Initialization done.
 
 NLAM         120
 15.000  3000 120   1.633   0.000   0.000  1000  46   1.949   0.001   0.001
 
 Long range extrapolation:
 itt         Vxxxx           Coeff   1/R Power
   1      0  0  0  0    -2.228E+08       6.270
   2      0  0  2  2    -3.971E+07       6.755
   6      1  0  2  3     7.537E+05       3.989
   9      2  0  0  2    -7.962E+07       7.241
  12      2  0  2  4    -5.154E+06       4.996
  16      3  0  0  3     1.208E+08       7.478
  19      3  0  2  5    -5.769E+06       5.877
  24      3  3  0  3    -2.566E+08       7.789
  29      3  3  2  5     1.243E+07       5.933
  47      4  3  2  6     3.156E+07       6.924
      10 terms extrapolated at long range
 
 Monitor exponential short range extrapolation
 Select terms above TRES =    3.00E+03  at R=   3.000
 itt         Vxxxx           Coeff   Exp fact.
   1      0  0  0  0     6.245E+07       1.657
   2      0  0  2  2     2.925E+07       2.106
   3      0  0  4  4     5.588E+06       2.292
   4      1  0  0  1     1.752E+07       1.830
   5      1  0  2  1    -3.154E+06       2.198
   6      1  0  2  3     1.163E+07       2.006
   9      2  0  0  2    -5.198E+07       2.173
  12      2  0  2  4    -2.834E+07       2.139
  15      2  0  4  6    -1.287E+07       2.542
  16      3  0  0  3    -3.171E+07       2.025
  18      3  0  2  3     1.369E+07       2.622
  19      3  0  2  5    -1.258E+08       2.701
  23      3  0  4  7    -3.103E+07       2.784
  24      3  3  0  3     5.468E+07       2.018
  27      3  3  2  3    -2.414E+07       2.630
  29      3  3  2  5     2.051E+08       2.673
  34      3  3  4  7     1.104E+08       2.982
  35      4  0  0  4     1.335E+07       2.526
  38      4  0  2  6     2.805E+07       2.762
  42      4  3  0  4     1.032E+08       2.472
  45      4  3  2  4    -1.659E+07       2.658
  47      4  3  2  6     3.984E+08       2.964
  49      4  3  4  8     2.393E+08       3.240
  50      5  0  0  5     1.402E+08       2.866
  53      5  0  2  7     4.136E+08       3.165
  56      5  0  4  9     3.037E+08       3.468
  57      5  3  0  5    -1.729E+07       2.783
  62      5  3  2  7    -2.297E+07       2.769
  64      6  0  0  6     8.431E+07       3.110
  66      6  0  2  8     3.812E+08       3.497
  67      6  0  4 10     1.869E+08       3.628
  68      6  3  0  6    -2.702E+08       3.110
  71      6  3  2  8    -1.022E+09       3.424
  72      6  3  4 10    -1.272E+09       3.817
 15.000  3000 120   1.633   0.000   0.000  1000  46   1.949   0.001   0.001
 
 Long range extrapolation:
 itt         Vxxxx           Coeff   1/R Power
   1      0  0  0  0    -2.228E+08       6.270
   2      0  0  2  2    -3.971E+07       6.755
   6      1  0  2  3     7.537E+05       3.989
   9      2  0  0  2    -7.962E+07       7.241
  12      2  0  2  4    -5.154E+06       4.996
  16      3  0  0  3     1.208E+08       7.478
  19      3  0  2  5    -5.769E+06       5.877
  24      3  3  0  3    -2.566E+08       7.789
  29      3  3  2  5     1.243E+07       5.933
  47      4  3  2  6     3.156E+07       6.924
      10 terms extrapolated at long range
 
 Monitor exponential short range extrapolation
 Select terms above TRES =    3.00E+03  at R=   3.000
 itt         Vxxxx           Coeff   Exp fact.
   1      0  0  0  0     6.245E+07       1.657
   2      0  0  2  2     2.925E+07       2.106
   3      0  0  4  4     5.588E+06       2.292
   4      1  0  0  1     1.752E+07       1.830
   5      1  0  2  1    -3.154E+06       2.198
   6      1  0  2  3     1.163E+07       2.006
   9      2  0  0  2    -5.198E+07       2.173
  12      2  0  2  4    -2.834E+07       2.139
  15      2  0  4  6    -1.287E+07       2.542
  16      3  0  0  3    -3.171E+07       2.025
  18      3  0  2  3     1.369E+07       2.622
  19      3  0  2  5    -1.258E+08       2.701
  23      3  0  4  7    -3.103E+07       2.784
  24      3  3  0  3     5.468E+07       2.018
  27      3  3  2  3    -2.414E+07       2.630
  29      3  3  2  5     2.051E+08       2.673
  34      3  3  4  7     1.104E+08       2.982
  35      4  0  0  4     1.335E+07       2.526
  38      4  0  2  6     2.805E+07       2.762
  42      4  3  0  4     1.032E+08       2.472
  45      4  3  2  4    -1.659E+07       2.658
  47      4  3  2  6     3.984E+08       2.964
  49      4  3  4  8     2.393E+08       3.240
  50      5  0  0  5     1.402E+08       2.866
  53      5  0  2  7     4.136E+08       3.165
  56      5  0  4  9     3.037E+08       3.468
  57      5  3  0  5    -1.729E+07       2.783
  62      5  3  2  7    -2.297E+07       2.769
  64      6  0  0  6     8.431E+07       3.110
  66      6  0  2  8     3.812E+08       3.497
  67      6  0  4 10     1.869E+08       3.628
  68      6  3  0  6    -2.702E+08       3.110
  71      6  3  2  8    -1.022E+09       3.424
  72      6  3  4 10    -1.272E+09       3.817
  73      6  6  0  6     3.180E+08       3.154
  77      6  6  2  8     1.099E+09       3.433
  78      6  6  4 10     1.563E+09       3.858
  79      7  0  0  7    -1.814E+08       3.357
  82      7  0  2  9    -8.081E+08       3.684
   4.971
 120     11  3  2 13    -1.087E+10       4.773
 
     Dist      Isotropic   Sigma(Aniso)    Ratio
     2.000     2.270E+06     3.564E+07     15.70
     2.100     1.923E+06     2.485E+07     12.92
     2.200     1.630E+06     1.745E+07     10.71
     2.300     1.381E+06     1.235E+07      8.94
     2.400     1.170E+06     8.803E+06      7.52
     2.500     9.912E+05     6.325E+06      6.38
     2.600     8.398E+05     4.579E+06      5.45
     2.700     7.115E+05     3.341E+06      4.70
     2.800     6.029E+05     2.456E+06      4.07
     2.900     5.108E+05     1.819E+06      3.56
     3.000     4.328E+05     1.356E+06      3.13
     3.100     3.667E+05     1.019E+06      2.78
     3.200     3.107E+05     7.700E+05      2.48
     3.300     2.632E+05     5.856E+05      2.22
     3.400     2.230E+05     4.480E+05      2.01
     3.500     1.890E+05     3.446E+05      1.82
 ==> Anisotropic terms may be large at shortest range;
 ==> Blind extrapolation of anisotropic terms is DANGEROUS;
 ==> Set up a more secure proportional extrapolation scheme.
 
 Set up smooth transition domains...
 Anisotropy fraction kept at shorter range     1.000
 Left  domain     3.000  ->      3.500
 Right domain    14.000  ->     15.000
 
 Initialization done.
 
 NLAM         120
 15.000  3000 120   1.633   0.000   0.000  1000  46   1.949   0.001   0.001
 
 Long range extrapolation:
 itt         Vxxxx           Coeff   1/R Power
   1      0  0  0  0    -2.228E+08       6.270
   2      0  0  2  2    -3.971E+07       6.755
   6      1  0  2  3     7.537E+05       3.989
   9      2  0  0  2    -7.962E+07       7.241
  12      2  0  2  4    -5.154E+06       4.996
  16      3  0  0  3     1.208E+08       7.478
  19      3  0  2  5    -5.769E+06       5.877
  24      3  3  0  3    -2.566E+08       7.789
  29      3  3  2  5     1.243E+07       5.933
  47      4  3  2  6     3.156E+07       6.924
      10 terms extrapolated at long range
 
 Monitor exponential short range extrapolation
 Select terms above TRES =    3.00E+03  at R=   3.000
 itt         Vxxxx           Coeff   Exp fact.
   1      0  0  0  0     6.245E+07       1.657
   2      0  0  2  2     2.925E+07       2.106
   3      0  0  4  4     5.588E+06       2.292
   4      1  0  0  1     1.752E+07       1.830
   5      1  0  2  1    -3.154E+06       2.198
   6      1  0  2  3     1.163E+07       2.006
   9      2  0  0  2    -5.198E+07       2.173
  12      2  0  2  4    -2.834E+07       2.139
  15      2  0  4  6    -1.287E+07       2.542
  16      3  0  0  3    -3.171E+07       2.025
  18      3  0  2  3     1.369E+07       2.622
  19      3  0  2  5    -1.258E+08       2.701
  23      3  0  4  7    -3.103E+07       2.784
  24      3  3  0  3     5.468E+07       2.018
  27      3  3  2  3    -2.414E+07       2.630
  29      3  3  2  5     2.051E+08       2.673
  34      3  3  4  7     1.104E+08       2.982
  35      4  0  0  4     1.335E+07       2.526
  38      4  0  2  6     2.805E+07       2.762
  42      4  3  0  4     1.032E+08       2.472
  45      4  3  2  4    -1.659E+07       2.658
  47      4  3  2  6     3.984E+08       2.964
  49      4  3  4  8     2.393E+08       3.240
  50      5  0  0  5     1.402E+08       2.866
  53      5  0  2  7     4.136E+08       3.165
  56      5  0  4  9     3.037E+08       3.468
  57      5  3  0  5    -1.729E+07       2.783
  62      5  3  2  7    -2.297E+07       2.769
  64      6  0  0  6     8.431E+07       3.110
  66      6  0  2  8     3.812E+08       3.497
  67      6  0  4 10     1.869E+08       3.628
  68      6  3  0  6    -2.702E+08       3.110
  71      6  3  2  8    -1.022E+09       3.424
  72      6  3  4 10    -1.272E+09       3.817
  73      6  6  0  6     3.180E+08       3.154
  77      6  6  2  8     1.099E+09       3.433
  78      6  6  4 10     1.563E+09       3.858
  79      7  0  0  7    -1.814E+08       3.357
  82      7  0  2  9    -8.081E+08       3.684
  83      7  0  4 11    -1.388E+09       4.121
  84      7  3  0  7    -2.386E+08       3.409
  85      7  3  2  9    -1.352E+09       3.799
  86      7  3  4 11    -1.401E+09       4.091
  87      7  6  0  7     5.136E+08       3.398
  90      7  6  2  9     2.166E+09       3.692
  91      7  6  4 11     3.586E+09       4.118
  92      8  0  0  8    -3.361E+08       3.633
 15.000  3000 120   1.633   0.000   0.000  1000  46   1.949   0.001   0.001
 
 Long range extrapolation:
 itt         Vxxxx           Coeff   1/R Power
   1      0  0  0  0    -2.228E+08       6.270
   2      0  0  2  2    -3.971E+07       6.755
   6      1  0  2  3     7.537E+05       3.989
   9      2  0  0  2    -7.962E+07       7.241
  12      2  0  2  4    -5.154E+06       4.996
  16      3  0  0  3     1.208E+08       7.478
  19      3  0  2  5    -5.769E+06       5.877
  24      3  3  0  3    -2.566E+08       7.789
  29      3  3  2  5     1.243E+07       5.933
  47      4  3  2  6     3.156E+07       6.924
      10 terms extrapolated at long range
 
 Monitor exponential short range extrapolation
 Select terms above TRES =    3.00E+03  at R=   3.000
 itt         Vxxxx           Coeff   Exp fact.
   1      0  0  0  0     6.245E+07       1.657
   2      0  0  2  2     2.925E+07       2.106
   3      0  0  4  4     5.588E+06       2.292
   4      1  0  0  1     1.752E+07       1.830
   5      1  0  2  1    -3.154E+06       2.198
   6      1  0  2  3     1.163E+07       2.006
   9      2  0  0  2    -5.198E+07       2.173
  12      2  0  2  4    -2.834E+07       2.139
  15      2  0  4  6    -1.287E+07       2.542
  16      3  0  0  3    -3.171E+07       2.025
  18      3  0  2  3     1.369E+07       2.622
  19      3  0  2  5    -1.258E+08       2.701
  23      3  0  4  7    -3.103E+07       2.784
  24      3  3  0  3     5.468E+07       2.018
  27      3  3  2  3    -2.414E+07       2.630
  29      3  3  2  5     2.051E+08       2.673
  34      3  3  4  7     1.104E+08       2.982
  35      4  0  0  4     1.335E+07       2.526
  38      4  0  2  6     2.805E+07       2.762
  42      4  3  0  4     1.032E+08       2.472
  45      4  3  2  4    -1.659E+07       2.658
  47      4  3  2  6     3.984E+08       2.964
  49      4  3  4  8     2.393E+08       3.240
  50      5  0  0  5     1.402E+08       2.866
  53      5  0  2  7     4.136E+08       3.165
  56      5  0  4  9     3.037E+08       3.468
  57      5  3  0  5    -1.729E+07       2.783
  62      5  3  2  7    -2.297E+07       2.769
  64      6  0  0  6     8.431E+07       3.110
  66      6  0  2  8     3.812E+08       3.497
  67      6  0  4 10     1.869E+08       3.628
  68      6  3  0  6    -2.702E+08       3.110
  71      6  3  2  8    -1.022E+09       3.424
  72      6  3  4 10    -1.272E+09       3.817
  73      6  6  0  6     3.180E+08       3.154
  77      6  6  2  8     1.099E+09       3.433
  78      6  6  4 10     1.563E+09       3.858
  79      7  0  0  7    -1.814E+08       3.357
  82      7  0  2  9    -8.081E+08       3.684
  83      7  0  4 11    -1.388E+09       4.121
  84      7  3  0  7    -2.386E+08       3.409
  85      7  3  2  9    -1.352E+09       3.799
  86      7  3  4 11    -1.401E+09       4.091
  87      7  6  0  7     5.136E+08       3.398
  90      7  6  2  9     2.166E+09       3.692
  91      7  6  4 11     3.586E+09       4.118
  92      8  0  0  8    -3.361E+08       3.633
  93      8  0  2 10    -1.879E+09       3.992
  94      8  0  4 12    -3.070E+09       4.369
  95      8  3  0  8     2.280E+08       3.527
  97      8  3  2 10     1.459E+09       3.917
  98      8  3  4 12     3.818E+09       4.429
  99      8  6  0  8     1.095E+08       3.485
 100      8  6  2 10     1.701E+09       4.126
 101      8  6  4 12     3.271E+09       4.519
 103      9  3  0  9     4.059E+08       3.724
 104      9  3  2 11     4.234E+09       4.224
 105      9  3  4 13     1.235E+10       4.734
 106      9  6  0  9    -5.357E+08       3.851
 107      9  6  2 11    -2.882E+09       4.145
   4.971
 120     11  3  2 13    -1.087E+10       4.773
 
     Dist      Isotropic   Sigma(Aniso)    Ratio
     2.000     2.270E+06     3.564E+07     15.70
     2.100     1.923E+06     2.485E+07     12.92
     2.200     1.630E+06     1.745E+07     10.71
     2.300     1.381E+06     1.235E+07      8.94
     2.400     1.170E+06     8.803E+06      7.52
     2.500     9.912E+05     6.325E+06      6.38
     2.600     8.398E+05     4.579E+06      5.45
     2.700     7.115E+05     3.341E+06      4.70
     2.800     6.029E+05     2.456E+06      4.07
     2.900     5.108E+05     1.819E+06      3.56
     3.000     4.328E+05     1.356E+06      3.13
     3.100     3.667E+05     1.019E+06      2.78
     3.200     3.107E+05     7.700E+05      2.48
     3.300     2.632E+05     5.856E+05      2.22
     3.400     2.230E+05     4.480E+05      2.01
     3.500     1.890E+05     3.446E+05      1.82
 ==> Anisotropic terms may be large at shortest range;
 ==> Blind extrapolation of anisotropic terms is DANGEROUS;
 ==> Set up a more secure proportional extrapolation scheme.
 
 Set up smooth transition domains...
 Anisotropy fraction kept at shorter range     1.000
 Left  domain     3.000  ->      3.500
 Right domain    14.000  ->     15.000
 
 Initialization done.
 
 NLAM         120
tropic   Sigma(Aniso)    Ratio
     2.000     2.270E+06     3.564E+07     15.70
     2.100     1.923E+06     2.485E+07     12.92
     2.200     1.630E+06     1.745E+07     10.71
     2.300     1.381E+06     1.235E+07      8.94
     2.400     1.170E+06     8.803E+06      7.52
     2.500     9.912E+05     6.325E+06      6.38
     2.600     8.398E+05     4.579E+06      5.45
     2.700     7.115E+05     3.341E+06      4.70
     2.800     6.029E+05     2.456E+06      4.07
     2.900     5.108E+05     1.819E+06      3.56
     3.000     4.328E+05     1.356E+06      3.13
     3.100     3.667E+05     1.019E+06      2.78
     3.200     3.107E+05     7.700E+05      2.48
     3.300     2.632E+05     5.856E+05      2.22
     3.400     2.230E+05     4.480E+05      2.01
     3.500     1.890E+05     3.446E+05      1.82
 ==> Anisotropic terms may be large at shortest range;
 ==> Blind extrapolation of anisotropic terms is DANGEROUS;
 ==> Set up a more secure proportional extrapolation scheme.
 
 Set up smooth transition domains...
 Anisotropy fraction kept at shorter range     1.000
 Left  domain     3.000  ->      3.500
 Right domain    14.000  ->     15.000
 
 Initialization done.
 
 NLAM         120
 15.000  3000 120   1.633   0.000   0.000  1000  46   1.949   0.001   0.001
 
 Long range extrapolation:
 itt         Vxxxx           Coeff   1/R Power
   1      0  0  0  0    -2.228E+08       6.270
   2      0  0  2  2    -3.971E+07       6.755
   6      1  0  2  3     7.537E+05       3.989
   9      2  0  0  2    -7.962E+07       7.241
  12      2  0  2  4    -5.154E+06       4.996
  16      3  0  0  3     1.208E+08       7.478
  19      3  0  2  5    -5.769E+06       5.877
  24      3  3  0  3    -2.566E+08       7.789
  29      3  3  2  5     1.243E+07       5.933
  47      4  3  2  6     3.156E+07       6.924
      10 terms extrapolated at long range
 
 Monitor exponential short range extrapolation
 Select terms above TRES =    3.00E+03  at R=   3.000
 itt         Vxxxx           Coeff   Exp fact.
   1      0  0  0  0     6.245E+07       1.657
   2      0  0  2  2     2.925E+07       2.106
   3      0  0  4  4     5.588E+06       2.292
   4      1  0  0  1     1.752E+07       1.830
   5      1  0  2  1    -3.154E+06       2.198
   6      1  0  2  3     1.163E+07       2.006
   9      2  0  0  2    -5.198E+07       2.173
  12      2  0  2  4    -2.834E+07       2.139
  15      2  0  4  6    -1.287E+07       2.542
  16      3  0  0  3    -3.171E+07       2.025
  18      3  0  2  3     1.369E+07       2.622
  19      3  0  2  5    -1.258E+08       2.701
  23      3  0  4  7    -3.103E+07       2.784
  24      3  3  0  3     5.468E+07       2.018
  27      3  3  2  3    -2.414E+07       2.630
  29      3  3  2  5     2.051E+08       2.673
  34      3  3  4  7     1.104E+08       2.982
  35      4  0  0  4     1.335E+07       2.526
  38      4  0  2  6     2.805E+07       2.762
  42      4  3  0  4     1.032E+08       2.472
  45      4  3  2  4    -1.659E+07       2.658
  47      4  3  2  6     3.984E+08       2.964
  49      4  3  4  8     2.393E+08       3.240
  50      5  0  0  5     1.402E+08       2.866
  53      5  0  2  7     4.136E+08       3.165
  56      5  0  4  9     3.037E+08       3.468
  57      5  3  0  5    -1.729E+07       2.783
  62      5  3  2  7    -2.297E+07       2.769
  64      6  0  0  6     8.431E+07       3.110
  66      6  0  2  8     3.812E+08       3.497
  67      6  0  4 10     1.869E+08       3.628
  68      6  3  0  6    -2.702E+08       3.110
  71      6  3  2  8    -1.022E+09       3.424
  72      6  3  4 10    -1.272E+09       3.817
  73      6  6  0  6     3.180E+08       3.154
  77      6  6  2  8     1.099E+09       3.433
  78      6  6  4 10     1.563E+09       3.858
  79      7  0  0  7    -1.814E+08       3.357
  82      7  0  2  9    -8.081E+08       3.684
  83      7  0  4 11    -1.388E+09       4.121
  84      7  3  0  7    -2.386E+08       3.409
  85      7  3  2  9    -1.352E+09       3.799
  86      7  3  4 11    -1.401E+09       4.091
  87      7  6  0  7     5.136E+08       3.398
  90      7  6  2  9     2.166E+09       3.692
  91      7  6  4 11     3.586E+09       4.118
  92      8  0  0  8    -3.361E+08       3.633
  93      8  0  2 10    -1.879E+09       3.992
  94      8  0  4 12    -3.070E+09       4.369
  95      8  3  0  8     2.280E+08       3.527
  97      8  3  2 10     1.459E+09       3.917
  98      8  3  4 12     3.818E+09       4.429
  99      8  6  0  8     1.095E+08       3.485
 100      8  6  2 10     1.701E+09       4.126
 101      8  6  4 12     3.271E+09       4.519
 103      9  3  0  9     4.059E+08       3.724
 104      9  3  2 11     4.234E+09       4.224
 105      9  3  4 13     1.235E+10       4.734
 106      9  6  0  9    -5.357E+08       3.851
 107      9  6  2 11    -2.882E+09       4.145
 108      9  6  4 13    -7.636E+09       4.645
 109      9  9  0  9     7.826E+08       3.911
 111      9  9  2 11     4.486E+09       4.214
 112      9  9  4 13     1.015E+10       4.666
 114     10  0  2 12     4.838E+09       4.494
 115     10  6  0 10    -6.708E+08       4.037
 15.000  3000 120   1.633   0.000   0.000  1000  46   1.949   0.001   0.001
 
 Long range extrapolation:
 itt         Vxxxx           Coeff   1/R Power
   1      0  0  0  0    -2.228E+08       6.270
   2      0  0  2  2    -3.971E+07       6.755
   6      1  0  2  3     7.537E+05       3.989
   9      2  0  0  2    -7.962E+07       7.241
  12      2  0  2  4    -5.154E+06       4.996
  16      3  0  0  3     1.208E+08       7.478
  19      3  0  2  5    -5.769E+06       5.877
  24      3  3  0  3    -2.566E+08       7.789
  29      3  3  2  5     1.243E+07       5.933
  47      4  3  2  6     3.156E+07       6.924
      10 terms extrapolated at long range
 
 Monitor exponential short range extrapolation
 Select terms above TRES =    3.00E+03  at R=   3.000
 itt         Vxxxx           Coeff   Exp fact.
   1      0  0  0  0     6.245E+07       1.657
   2      0  0  2  2     2.925E+07       2.106
   3      0  0  4  4     5.588E+06       2.292
   4      1  0  0  1     1.752E+07       1.830
   5      1  0  2  1    -3.154E+06       2.198
   6      1  0  2  3     1.163E+07       2.006
   9      2  0  0  2    -5.198E+07       2.173
  12      2  0  2  4    -2.834E+07       2.139
  15      2  0  4  6    -1.287E+07       2.542
  16      3  0  0  3    -3.171E+07       2.025
  18      3  0  2  3     1.369E+07       2.622
  19      3  0  2  5    -1.258E+08       2.701
  23      3  0  4  7    -3.103E+07       2.784
  24      3  3  0  3     5.468E+07       2.018
  27      3  3  2  3    -2.414E+07       2.630
  29      3  3  2  5     2.051E+08       2.673
  34      3  3  4  7     1.104E+08       2.982
  35      4  0  0  4     1.335E+07       2.526
  38      4  0  2  6     2.805E+07       2.762
  42      4  3  0  4     1.032E+08       2.472
  45      4  3  2  4    -1.659E+07       2.658
  47      4  3  2  6     3.984E+08       2.964
  49      4  3  4  8     2.393E+08       3.240
  50      5  0  0  5     1.402E+08       2.866
  53      5  0  2  7     4.136E+08       3.165
  56      5  0  4  9     3.037E+08       3.468
  57      5  3  0  5    -1.729E+07       2.783
  62      5  3  2  7    -2.297E+07       2.769
  64      6  0  0  6     8.431E+07       3.110
  66      6  0  2  8     3.812E+08       3.497
  67      6  0  4 10     1.869E+08       3.628
  68      6  3  0  6    -2.702E+08       3.110
  71      6  3  2  8    -1.022E+09       3.424
  72      6  3  4 10    -1.272E+09       3.817
  73      6  6  0  6     3.180E+08       3.154
  77      6  6  2  8     1.099E+09       3.433
  78      6  6  4 10     1.563E+09       3.858
  79      7  0  0  7    -1.814E+08       3.357
  82      7  0  2  9    -8.081E+08       3.684
  83      7  0  4 11    -1.388E+09       4.121
  84      7  3  0  7    -2.386E+08       3.409
  85      7  3  2  9    -1.352E+09       3.799
  86      7  3  4 11    -1.401E+09       4.091
  87      7  6  0  7     5.136E+08       3.398
  90      7  6  2  9     2.166E+09       3.692
  91      7  6  4 11     3.586E+09       4.118
  92      8  0  0  8    -3.361E+08       3.633
  93      8  0  2 10    -1.879E+09       3.992
  94      8  0  4 12    -3.070E+09       4.369
  95      8  3  0  8     2.280E+08       3.527
  97      8  3  2 10     1.459E+09       3.917
  98      8  3  4 12     3.818E+09       4.429
  99      8  6  0  8     1.095E+08       3.485
 100      8  6  2 10     1.701E+09       4.126
 101      8  6  4 12     3.271E+09       4.519
 103      9  3  0  9     4.059E+08       3.724
 104      9  3  2 11     4.234E+09       4.224
 105      9  3  4 13     1.235E+10       4.734
 106      9  6  0  9    -5.357E+08       3.851
 107      9  6  2 11    -2.882E+09       4.145
apolation scheme.
 
 Set up smooth transition domains...
 Anisotropy fraction kept at shorter range     1.000
 Left  domain     3.000  ->      3.500
 Right domain    14.000  ->     15.000
 
 Initialization done.
 
 NLAM         120
 15.000  3000 120   1.633   0.000   0.000  1000  46   1.949   0.001   0.001
   6      1  0  2  3     7.537E+05       3.989
   9      2  0  0  2    -7.962E+07       7.241
  12      2  0  2  4    -5.154E+06       4.996
  16      3  0  0  3     1.208E+08       7.478
  19      3  0  2  5    -5.769E+06       5.877
  24      3  3  0  3    -2.566E+08       7.789
  29      3  3  2  5     1.243E+07       5.933
  47      4  3  2  6     3.156E+07       6.924
      10 terms extrapolated at long range
 
 Monitor exponential short range extrapolation
 Select terms above TRES =    3.00E+03  at R=   3.000
 itt         Vxxxx           Coeff   Exp fact.
   1      0  0  0  0     6.245E+07       1.657
   2      0  0  2  2     2.925E+07       2.106
   3      0  0  4  4     5.588E+06       2.292
   4      1  0  0  1     1.752E+07       1.830
   5      1  0  2  1    -3.154E+06       2.198
   6      1  0  2  3     1.163E+07       2.006
   9      2  0  0  2    -5.198E+07       2.173
  12      2  0  2  4    -2.834E+07       2.139
  15      2  0  4  6    -1.287E+07       2.542
  16      3  0  0  3    -3.171E+07       2.025
  18      3  0  2  3     1.369E+07       2.622
  19      3  0  2  5    -1.258E+08       2.701
  23      3  0  4  7    -3.103E+07       2.784
  24      3  3  0  3     5.468E+07       2.018
  27      3  3  2  3    -2.414E+07       2.630
  29      3  3  2  5     2.051E+08       2.673
  34      3  3  4  7     1.104E+08       2.982
  35      4  0  0  4     1.335E+07       2.526
  38      4  0  2  6     2.805E+07       2.762
  42      4  3  0  4     1.032E+08       2.472
  45      4  3  2  4    -1.659E+07       2.658
  47      4  3  2  6     3.984E+08       2.964
  49      4  3  4  8     2.393E+08       3.240
  50      5  0  0  5     1.402E+08       2.866
  53      5  0  2  7     4.136E+08       3.165
  56      5  0  4  9     3.037E+08       3.468
  57      5  3  0  5    -1.729E+07       2.783
  62      5  3  2  7    -2.297E+07       2.769
  64      6  0  0  6     8.431E+07       3.110
  66      6  0  2  8     3.812E+08       3.497
  67      6  0  4 10     1.869E+08       3.628
  68      6  3  0  6    -2.702E+08       3.110
  71      6  3  2  8    -1.022E+09       3.424
  72      6  3  4 10    -1.272E+09       3.817
  73      6  6  0  6     3.180E+08       3.154
  77      6  6  2  8     1.099E+09       3.433
  78      6  6  4 10     1.563E+09       3.858
  79      7  0  0  7    -1.814E+08       3.357
  82      7  0  2  9    -8.081E+08       3.684
  83      7  0  4 11    -1.388E+09       4.121
  84      7  3  0  7    -2.386E+08       3.409
  85      7  3  2  9    -1.352E+09       3.799
  86      7  3  4 11    -1.401E+09       4.091
  87      7  6  0  7     5.136E+08       3.398
  90      7  6  2  9     2.166E+09       3.692
  91      7  6  4 11     3.586E+09       4.118
  92      8  0  0  8    -3.361E+08       3.633
  93      8  0  2 10    -1.879E+09       3.992
  94      8  0  4 12    -3.070E+09       4.369
  95      8  3  0  8     2.280E+08       3.527
  97      8  3  2 10     1.459E+09       3.917
  98      8  3  4 12     3.818E+09       4.429
  99      8  6  0  8     1.095E+08       3.485
 100      8  6  2 10     1.701E+09       4.126
 101      8  6  4 12     3.271E+09       4.519
 103      9  3  0  9     4.059E+08       3.724
 104      9  3  2 11     4.234E+09       4.224
 105      9  3  4 13     1.235E+10       4.734
 106      9  6  0  9    -5.357E+08       3.851
 107      9  6  2 11    -2.882E+09       4.145
 108      9  6  4 13    -7.636E+09       4.645
 109      9  9  0  9     7.826E+08       3.911
 111      9  9  2 11     4.486E+09       4.214
 112      9  9  4 13     1.015E+10       4.666
 114     10  0  2 12     4.838E+09       4.494
 115     10  6  0 10    -6.708E+08       4.037
 116     10  6  2 12    -7.851E+09       4.529
 117     10  9  0 10     8.766E+08       4.015
 118     10  9  2 12     8.863E+09       4.464
 119     10  9  4 14     2.913E+10       4.971
 120     11  3  2 13    -1.087E+10       4.773
 
     Dist      Isotropic   Sigma(Aniso)    Ratio
     2.000     2.270E+06     3.564E+07     15.70
     2.100     1.923E+06     2.485E+07     12.92
     2.200     1.630E+06     1.745E+07      6      1  0  2  3     7.537E+05       3.989
   9      2  0  0  2    -7.962E+07       7.241
  12      2  0  2  4    -5.154E+06       4.996
  16      3  0  0  3     1.208E+08       7.478
  19      3  0  2  5    -5.769E+06       5.877
  24      3  3  0  3    -2.566E+08       7.789
  29      3  3  2  5     1.243E+07       5.933
  47      4  3  2  6     3.156E+07       6.924
      10 terms extrapolated at long range
 
 Monitor exponential short range extrapolation
 Select terms above TRES =    3.00E+03  at R=   3.000
 itt         Vxxxx           Coeff   Exp fact.
   1      0  0  0  0     6.245E+07       1.657
   2      0  0  2  2     2.925E+07       2.106
   3      0  0  4  4     5.588E+06       2.292
   4      1  0  0  1     1.752E+07       1.830
   5      1  0  2  1    -3.154E+06       2.198
   6      1  0  2  3     1.163E+07       2.006
   9      2  0  0  2    -5.198E+07       2.173
  12      2  0  2  4    -2.834E+07       2.139
  15      2  0  4  6    -1.287E+07       2.542
  16      3  0  0  3    -3.171E+07       2.025
  18      3  0  2  3     1.369E+07       2.622
  19      3  0  2  5    -1.258E+08       2.701
  23      3  0  4  7    -3.103E+07       2.784
  24      3  3  0  3     5.468E+07       2.018
  27      3  3  2  3    -2.414E+07       2.630
  29      3  3  2  5     2.051E+08       2.673
  34      3  3  4  7     1.104E+08       2.982
  35      4  0  0  4     1.335E+07       2.526
  38      4  0  2  6     2.805E+07       2.762
  42      4  3  0  4     1.032E+08       2.472
  45      4  3  2  4    -1.659E+07       2.658
  47      4  3  2  6     3.984E+08       2.964
  49      4  3  4  8     2.393E+08       3.240
  50      5  0  0  5     1.402E+08       2.866
  53      5  0  2  7     4.136E+08       3.165
  56      5  0  4  9     3.037E+08       3.468
  57      5  3  0  5    -1.729E+07       2.783
  62      5  3  2  7    -2.297E+07       2.769
  64      6  0  0  6     8.431E+07       3.110
  66      6  0  2  8     3.812E+08       3.497
  67      6  0  4 10     1.869E+08       3.628
  68      6  3  0  6    -2.702E+08       3.110
  71      6  3  2  8    -1.022E+09       3.424
  72      6  3  4 10    -1.272E+09       3.817
  73      6  6  0  6     3.180E+08       3.154
  77      6  6  2  8     1.099E+09       3.433
  78      6  6  4 10     1.563E+09       3.858
  79      7  0  0  7    -1.814E+08       3.357
  82      7  0  2  9    -8.081E+08       3.684
  83      7  0  4 11    -1.388E+09       4.121
  84      7  3  0  7    -2.386E+08       3.409
  85      7  3  2  9    -1.352E+09       3.799
  86      7  3  4 11    -1.401E+09       4.091
  87      7  6  0  7     5.136E+08       3.398
  90      7  6  2  9     2.166E+09       3.692
  91      7  6  4 11     3.586E+09       4.118
  92      8  0  0  8    -3.361E+08       3.633
  93      8  0  2 10    -1.879E+09       3.992
  94      8  0  4 12    -3.070E+09       4.369
  95      8  3  0  8     2.280E+08       3.527
  97      8  3  2 10     1.459E+09       3.917
  98      8  3  4 12     3.818E+09       4.429
  99      8  6  0  8     1.095E+08       3.485
 100      8  6  2 10     1.701E+09       4.126
 101      8  6  4 12     3.271E+09       4.519
 103      9  3  0  9     4.059E+08       3.724
 104      9  3  2 11     4.234E+09       4.224
 105      9  3  4 13     1.235E+10       4.734
 106      9  6  0  9    -5.357E+08       3.851
 107      9  6  2 11    -2.882E+09       4.145
 108      9  6  4 13    -7.636E+09       4.645
 109      9  9  0  9     7.826E+08       3.911
 111      9  9  2 11     4.486E+09       4.214
 112      9  9  4 13     1.015E+10       4.666
 114     10  0  2 12     4.838E+09       4.494
 115     10  6  0 10    -6.708E+08       4.037
 116     10  6  2 12    -7.851E+09       4.529
 117     10  9  0 10     8.766E+08       4.015
 118     10  9  2 12     8.863E+09       4.464
 119     10  9  4 14     2.913E+10       4.971
 120     11  3  2 13    -1.087E+10       4.773
 
     Dist      Isotropic   Sigma(Aniso)    Ratio
     2.000     2.270E+06     3.564E+07     15.70
     2.100     1.923E+06     2.485E+07     12.92
     2.200     1.630E+06     1.745E+07    itt         Vxxxx           Coeff   1/R Power
   1      0  0  0  0    -2.228E+08       6.270
   2      0  0  2  2    -3.971E+07       6.755
   6      1  0  2  3     7.537E+05       3.989
   9      2  0  0  2    -7.962E+07       7.241
  12      2  0  2  4    -5.154E+06       4.996
  16      3  0  0  3     1.208E+08       7.478
  19      3  0  2  5    -5.769E+06       5.877
  24      3  3  0  3    -2.566E+08       7.789
  29      3  3  2  5     1.243E+07       5.933
  47      4  3  2  6     3.156E+07       6.924
      10 terms extrapolated at long range
 
 Monitor exponential short range extrapolation
 Select terms above TRES =    3.00E+03  at R=   3.000
 itt         Vxxxx           Coeff   Exp fact.
   1      0  0  0  0     6.245E+07       1.657
   2      0  0  2  2     2.925E+07       2.106
   3      0  0  4  4     5.588E+06       2.292
   4      1  0  0  1     1.752E+07       1.830
   5      1  0  2  1    -3.154E+06       2.198
   6      1  0  2  3     1.163E+07       2.006
   9      2  0  0  2    -5.198E+07       2.173
  12      2  0  2  4    -2.834E+07       2.139
  15      2  0  4  6    -1.287E+07       2.542
  16      3  0  0  3    -3.171E+07       2.025
  18      3  0  2  3     1.369E+07       2.622
  19      3  0  2  5    -1.258E+08       2.701
  23      3  0  4  7    -3.103E+07       2.784
  24      3  3  0  3     5.468E+07       2.018
  27      3  3  2  3    -2.414E+07       2.630
  29      3  3  2  5     2.051E+08       2.673
  34      3  3  4  7     1.104E+08       2.982
  35      4  0  0  4     1.335E+07       2.526
  38      4  0  2  6     2.805E+07       2.762
  42      4  3  0  4     1.032E+08       2.472
  45      4  3  2  4    -1.659E+07       2.658
  47      4  3  2  6     3.984E+08       2.964
  49      4  3  4  8     2.393E+08       3.240
  50      5  0  0  5     1.402E+08       2.866
  53      5  0  2  7     4.136E+08       3.165
  56      5  0  4  9     3.037E+08       3.468
  57      5  3  0  5    -1.729E+07       2.783
  62      5  3  2  7    -2.297E+07       2.769
  64      6  0  0  6     8.431E+07       3.110
  66      6  0  2  8     3.812E+08       3.497
  67      6  0  4 10     1.869E+08       3.628
  68      6  3  0  6    -2.702E+08       3.110
  71      6  3  2  8    -1.022E+09       3.424
  72      6  3  4 10    -1.272E+09       3.817
  73      6  6  0  6     3.180E+08       3.154
  77      6  6  2  8     1.099E+09       3.433
  78      6  6  4 10     1.563E+09       3.858
  79      7  0  0  7    -1.814E+08       3.357
  82      7  0  2  9    -8.081E+08       3.684
  83      7  0  4 11    -1.388E+09       4.121
  84      7  3  0  7    -2.386E+08       3.409
  85      7  3  2  9    -1.352E+09       3.799
  86      7  3  4 11    -1.401E+09       4.091
  87      7  6  0  7     5.136E+08       3.398
  90      7  6  2  9     2.166E+09       3.692
  91      7  6  4 11     3.586E+09       4.118
  92      8  0  0  8    -3.361E+08       3.633
  93      8  0  2 10    -1.879E+09       3.992
  94      8  0  4 12    -3.070E+09       4.369
  95      8  3  0  8     2.280E+08       3.527
  97      8  3  2 10     1.459E+09       3.917
  98      8  3  4 12     3.818E+09       4.429
  99      8  6  0  8     1.095E+08       3.485
 100      8  6  2 10     1.701E+09       4.126
 101      8  6  4 12     3.271E+09       4.519
 103      9  3  0  9     4.059E+08       3.724
 104      9  3  2 11     4.234E+09       4.224
 105      9  3  4 13     1.235E+10       4.734
 106      9  6  0  9    -5.357E+08       3.851
 107      9  6  2 11    -2.882E+09       4.145
 108      9  6  4 13    -7.636E+09       4.645
 109      9  9  0  9     7.826E+08       3.911
 111      9  9  2 11     4.486E+09       4.214
 112      9  9  4 13     1.015E+10       4.666
 114     10  0  2 12     4.838E+09       4.494
 115     10  6  0 10    -6.708E+08       4.037
 116     10  6  2 12    -7.851E+09       4.529
 117     10  9  0 10     8.766E+08       4.015
 118     10  9  2 12     8.863E+09       4.464
 119     10  9  4 14     2.913E+10       4.971
 120     11  3  2 13    -1.087E+10       4.773
 
     Dist      Isotropic   Sigma(Aniso)    Rati  16      3  0  0  3     1.208E+08       7.478
  19      3  0  2  5    -5.769E+06       5.877
  24      3  3  0  3    -2.566E+08       7.789
  29      3  3  2  5     1.243E+07       5.933
  47      4  3  2  6     3.156E+07       6.924
      10 terms extrapolated at long range
 
 Monitor exponential short range extrapolation
 Select terms above TRES =    3.00E+03  at R=   3.000
 itt         Vxxxx           Coeff   Exp fact.
   1      0  0  0  0     6.245E+07       1.657
   2      0  0  2  2     2.925E+07       2.106
   3      0  0  4  4     5.588E+06       2.292
   4      1  0  0  1     1.752E+07       1.830
   5      1  0  2  1    -3.154E+06       2.198
   6      1  0  2  3     1.163E+07       2.006
   9      2  0  0  2    -5.198E+07       2.173
  12      2  0  2  4    -2.834E+07       2.139
  15      2  0  4  6    -1.287E+07       2.542
  16      3  0  0  3    -3.171E+07       2.025
  18      3  0  2  3     1.369E+07       2.622
  19      3  0  2  5    -1.258E+08       2.701
  23      3  0  4  7    -3.103E+07       2.784
  24      3  3  0  3     5.468E+07       2.018
  27      3  3  2  3    -2.414E+07       2.630
  29      3  3  2  5     2.051E+08       2.673
  34      3  3  4  7     1.104E+08       2.982
  35      4  0  0  4     1.335E+07       2.526
  38      4  0  2  6     2.805E+07       2.762
  42      4  3  0  4     1.032E+08       2.472
  45      4  3  2  4    -1.659E+07       2.658
  47      4  3  2  6     3.984E+08       2.964
  49      4  3  4  8     2.393E+08       3.240
  50      5  0  0  5     1.402E+08       2.866
  53      5  0  2  7     4.136E+08       3.165
  56      5  0  4  9     3.037E+08       3.468
  57      5  3  0  5    -1.729E+07       2.783
  62      5  3  2  7    -2.297E+07       2.769
  64      6  0  0  6     8.431E+07       3.110
  66      6  0  2  8     3.812E+08       3.497
  67      6  0  4 10     1.869E+08       3.628
  68      6  3  0  6    -2.702E+08       3.110
  71      6  3  2  8    -1.022E+09       3.424
  72      6  3  4 10    -1.272E+09       3.817
  73      6  6  0  6     3.180E+08       3.154
  77      6  6  2  8     1.099E+09       3.433
  78      6  6  4 10     1.563E+09       3.858
  79      7  0  0  7    -1.814E+08       3.357
  82      7  0  2  9    -8.081E+08       3.684
  83      7  0  4 11    -1.388E+09       4.121
  84      7  3  0  7    -2.386E+08       3.409
  85      7  3  2  9    -1.352E+09       3.799
  86      7  3  4 11    -1.401E+09       4.091
  87      7  6  0  7     5.136E+08       3.398
  90      7  6  2  9     2.166E+09       3.692
  91      7  6  4 11     3.586E+09       4.118
  92      8  0  0  8    -3.361E+08       3.633
  93      8  0  2 10    -1.879E+09       3.992
  94      8  0  4 12    -3.070E+09       4.369
  95      8  3  0  8     2.280E+08       3.527
  97      8  3  2 10     1.459E+09       3.917
  98      8  3  4 12     3.818E+09       4.429
  99      8  6  0  8     1.095E+08       3.485
 100      8  6  2 10     1.701E+09       4.126
 101      8  6  4 12     3.271E+09       4.519
 103      9  3  0  9     4.059E+08       3.724
 104      9  3  2 11     4.234E+09       4.224
 105      9  3  4 13     1.235E+10       4.734
 106      9  6  0  9    -5.357E+08       3.851
 107      9  6  2 11    -2.882E+09       4.145
 108      9  6  4 13    -7.636E+09       4.645
 109      9  9  0  9     7.826E+08       3.911
 111      9  9  2 11     4.486E+09       4.214
 112      9  9  4 13     1.015E+10       4.666
 114     10  0  2 12     4.838E+09       4.494
 115     10  6  0 10    -6.708E+08       4.037
 116     10  6  2 12    -7.851E+09       4.529
 117     10  9  0 10     8.766E+08       4.015
 118     10  9  2 12     8.863E+09       4.464
 119     10  9  4 14     2.913E+10       4.971
 120     11  3  2 13    -1.087E+10       4.773
 
     Dist      Isotropic   Sigma(Aniso)    Ratio
     2.000     2.270E+06     3.564E+07     15.70
     2.100     1.923E+06     2.485E+07     12.92
     2.200     1.630E+06     1.745E+07     10.71
     2.300     1.381E+06     1.235E+07      8.94
     2.400     1.170E+06     8.803E+06      7.52
     2.500     9.912E+05     6.325E 
 Long range extrapolation:
 itt         Vxxxx           Coeff   1/R Power
   1      0  0  0  0    -2.228E+08       6.270
   2      0  0  2  2    -3.971E+07       6.755
   6      1  0  2  3     7.537E+05       3.989
   9      2  0  0  2    -7.962E+07       7.241
  12      2  0  2  4    -5.154E+06       4.996
  16      3  0  0  3     1.208E+08       7.478
  19      3  0  2  5    -5.769E+06       5.877
  24      3  3  0  3    -2.566E+08       7.789
  29      3  3  2  5     1.243E+07       5.933
  47      4  3  2  6     3.156E+07       6.924
      10 terms extrapolated at long range
 
 Monitor exponential short range extrapolation
 Select terms above TRES =    3.00E+03  at R=   3.000
 itt         Vxxxx           Coeff   Exp fact.
   1      0  0  0  0     6.245E+07       1.657
   2      0  0  2  2     2.925E+07       2.106
   3      0  0  4  4     5.588E+06       2.292
   4      1  0  0  1     1.752E+07       1.830
   5      1  0  2  1    -3.154E+06       2.198
   6      1  0  2  3     1.163E+07       2.006
   9      2  0  0  2    -5.198E+07       2.173
  12      2  0  2  4    -2.834E+07       2.139
  15      2  0  4  6    -1.287E+07       2.542
  16      3  0  0  3    -3.171E+07       2.025
  18      3  0  2  3     1.369E+07       2.622
  19      3  0  2  5    -1.258E+08       2.701
  23      3  0  4  7    -3.103E+07       2.784
  24      3  3  0  3     5.468E+07       2.018
  27      3  3  2  3    -2.414E+07       2.630
  29      3  3  2  5     2.051E+08       2.673
  34      3  3  4  7     1.104E+08       2.982
  35      4  0  0  4     1.335E+07       2.526
  38      4  0  2  6     2.805E+07       2.762
  42      4  3  0  4     1.032E+08       2.472
  45      4  3  2  4    -1.659E+07       2.658
  47      4  3  2  6     3.984E+08       2.964
  49      4  3  4  8     2.393E+08       3.240
  50      5  0  0  5     1.402E+08       2.866
  53      5  0  2  7     4.136E+08       3.165
  56      5  0  4  9     3.037E+08       3.468
  57      5  3  0  5    -1.729E+07       2.783
  62      5  3  2  7    -2.297E+07       2.769
  64      6  0  0  6     8.431E+07       3.110
  66      6  0  2  8     3.812E+08       3.497
  67      6  0  4 10     1.869E+08       3.628
  68      6  3  0  6    -2.702E+08       3.110
  71      6  3  2  8    -1.022E+09       3.424
  72      6  3  4 10    -1.272E+09       3.817
  73      6  6  0  6     3.180E+08       3.154
  77      6  6  2  8     1.099E+09       3.433
  78      6  6  4 10     1.563E+09       3.858
  79      7  0  0  7    -1.814E+08       3.357
  82      7  0  2  9    -8.081E+08       3.684
  83      7  0  4 11    -1.388E+09       4.121
  84      7  3  0  7    -2.386E+08       3.409
  85      7  3  2  9    -1.352E+09       3.799
  86      7  3  4 11    -1.401E+09       4.091
  87      7  6  0  7     5.136E+08       3.398
  90      7  6  2  9     2.166E+09       3.692
  91      7  6  4 11     3.586E+09       4.118
  92      8  0  0  8    -3.361E+08       3.633
  93      8  0  2 10    -1.879E+09       3.992
  94      8  0  4 12    -3.070E+09       4.369
  95      8  3  0  8     2.280E+08       3.527
  97      8  3  2 10     1.459E+09       3.917
  98      8  3  4 12     3.818E+09       4.429
  99      8  6  0  8     1.095E+08       3.485
 100      8  6  2 10     1.701E+09       4.126
 101      8  6  4 12     3.271E+09       4.519
 103      9  3  0  9     4.059E+08       3.724
 104      9  3  2 11     4.234E+09       4.224
 105      9  3  4 13     1.235E+10       4.734
 106      9  6  0  9    -5.357E+08       3.851
 107      9  6  2 11    -2.882E+09       4.145
 108      9  6  4 13    -7.636E+09       4.645
 109      9  9  0  9     7.826E+08       3.911
 111      9  9  2 11     4.486E+09       4.214
 112      9  9  4 13     1.015E+10       4.666
 114     10  0  2 12     4.838E+09       4.494
 115     10  6  0 10    -6.708E+08       4.037
 116     10  6  2 12    -7.851E+09       4.529
 117     10  9  0 10     8.766E+08       4.015
 118     10  9  2 12     8.863E+09       4.464
 119     10  9  4 14     2.913E+10       4.971
 120     11  3  2 13    -1.087E+10       4.773
 
     Dist      Iso Select terms above TRES =    3.00E+03  at R=   3.000
 itt         Vxxxx           Coeff   Exp fact.
   1      0  0  0  0     6.245E+07       1.657
   2      0  0  2  2     2.925E+07       2.106
   3      0  0  4  4     5.588E+06       2.292
   4      1  0  0  1     1.752E+07       1.830
   5      1  0  2  1    -3.154E+06       2.198
   6      1  0  2  3     1.163E+07       2.006
   9      2  0  0  2    -5.198E+07       2.173
  12      2  0  2  4    -2.834E+07       2.139
  15      2  0  4  6    -1.287E+07       2.542
  16      3  0  0  3    -3.171E+07       2.025
  18      3  0  2  3     1.369E+07       2.622
  19      3  0  2  5    -1.258E+08       2.701
  23      3  0  4  7    -3.103E+07       2.784
  24      3  3  0  3     5.468E+07       2.018
  27      3  3  2  3    -2.414E+07       2.630
  29      3  3  2  5     2.051E+08       2.673
  34      3  3  4  7     1.104E+08       2.982
  35      4  0  0  4     1.335E+07       2.526
  38      4  0  2  6     2.805E+07       2.762
  42      4  3  0  4     1.032E+08       2.472
  45      4  3  2  4    -1.659E+07       2.658
  47      4  3  2  6     3.984E+08       2.964
  49      4  3  4  8     2.393E+08       3.240
  50      5  0  0  5     1.402E+08       2.866
  53      5  0  2  7     4.136E+08       3.165
  56      5  0  4  9     3.037E+08       3.468
  57      5  3  0  5    -1.729E+07       2.783
  62      5  3  2  7    -2.297E+07       2.769
  64      6  0  0  6     8.431E+07       3.110
  66      6  0  2  8     3.812E+08       3.497
  67      6  0  4 10     1.869E+08       3.628
  68      6  3  0  6    -2.702E+08       3.110
  71      6  3  2  8    -1.022E+09       3.424
  72      6  3  4 10    -1.272E+09       3.817
  73      6  6  0  6     3.180E+08       3.154
  77      6  6  2  8     1.099E+09       3.433
  78      6  6  4 10     1.563E+09       3.858
  79      7  0  0  7    -1.814E+08       3.357
  82      7  0  2  9    -8.081E+08       3.684
  83      7  0  4 11    -1.388E+09       4.121
  84      7  3  0  7    -2.386E+08       3.409
  85      7  3  2  9    -1.352E+09       3.799
  86      7  3  4 11    -1.401E+09       4.091
  87      7  6  0  7     5.136E+08       3.398
  90      7  6  2  9     2.166E+09       3.692
  91      7  6  4 11     3.586E+09       4.118
  92      8  0  0  8    -3.361E+08       3.633
  93      8  0  2 10    -1.879E+09       3.992
  94      8  0  4 12    -3.070E+09       4.369
  95      8  3  0  8     2.280E+08       3.527
  97      8  3  2 10     1.459E+09       3.917
  98      8  3  4 12     3.818E+09       4.429
  99      8  6  0  8     1.095E+08       3.485
 100      8  6  2 10     1.701E+09       4.126
 101      8  6  4 12     3.271E+09       4.519
 103      9  3  0  9     4.059E+08       3.724
 104      9  3  2 11     4.234E+09       4.224
 105      9  3  4 13     1.235E+10       4.734
 106      9  6  0  9    -5.357E+08       3.851
 107      9  6  2 11    -2.882E+09       4.145
 108      9  6  4 13    -7.636E+09       4.645
 109      9  9  0  9     7.826E+08       3.911
 111      9  9  2 11     4.486E+09       4.214
 112      9  9  4 13     1.015E+10       4.666
 114     10  0  2 12     4.838E+09       4.494
 115     10  6  0 10    -6.708E+08       4.037
 116     10  6  2 12    -7.851E+09       4.529
 117     10  9  0 10     8.766E+08       4.015
 118     10  9  2 12     8.863E+09       4.464
 119     10  9  4 14     2.913E+10       4.971
 120     11  3  2 13    -1.087E+10       4.773
 
     Dist      Isotropic   Sigma(Aniso)    Ratio
     2.000     2.270E+06     3.564E+07     15.70
     2.100     1.923E+06     2.485E+07     12.92
     2.200     1.630E+06     1.745E+07     10.71
     2.300     1.381E+06     1.235E+07      8.94
     2.400     1.170E+06     8.803E+06      7.52
     2.500     9.912E+05     6.325E+06      6.38
     2.600     8.398E+05     4.579E+06      5.45
     2.700     7.115E+05     3.341E+06      4.70
     2.800     6.029E+05     2.456E+06      4.07
     2.900     5.108E+05     1.819E+06      3.56
     3.000     4.328E+05     1.356E+06      3.13
     3.100     3.667E+05     1.019E+06      2.78
     3.200     3.1 
 Long range extrapolation:
 itt         Vxxxx           Coeff   1/R Power
   1      0  0  0  0    -2.228E+08       6.270
   2      0  0  2  2    -3.971E+07       6.755
   6      1  0  2  3     7.537E+05       3.989
   9      2  0  0  2    -7.962E+07       7.241
  12      2  0  2  4    -5.154E+06       4.996
  16      3  0  0  3     1.208E+08       7.478
  19      3  0  2  5    -5.769E+06       5.877
  24      3  3  0  3    -2.566E+08       7.789
  29      3  3  2  5     1.243E+07       5.933
  47      4  3  2  6     3.156E+07       6.924
      10 terms extrapolated at long range
 
 Monitor exponential short range extrapolation
 Select terms above TRES =    3.00E+03  at R=   3.000
 itt         Vxxxx           Coeff   Exp fact.
   1      0  0  0  0     6.245E+07       1.657
   2      0  0  2  2     2.925E+07       2.106
   3      0  0  4  4     5.588E+06       2.292
   4      1  0  0  1     1.752E+07       1.830
   5      1  0  2  1    -3.154E+06       2.198
   6      1  0  2  3     1.163E+07       2.006
   9      2  0  0  2    -5.198E+07       2.173
  12      2  0  2  4    -2.834E+07       2.139
  15      2  0  4  6    -1.287E+07       2.542
  16      3  0  0  3    -3.171E+07       2.025
  18      3  0  2  3     1.369E+07       2.622
  19      3  0  2  5    -1.258E+08       2.701
  23      3  0  4  7    -3.103E+07       2.784
  24      3  3  0  3     5.468E+07       2.018
  27      3  3  2  3    -2.414E+07       2.630
  29      3  3  2  5     2.051E+08       2.673
  34      3  3  4  7     1.104E+08       2.982
  35      4  0  0  4     1.335E+07       2.526
  38      4  0  2  6     2.805E+07       2.762
  42      4  3  0  4     1.032E+08       2.472
  45      4  3  2  4    -1.659E+07       2.658
  47      4  3  2  6     3.984E+08       2.964
  49      4  3  4  8     2.393E+08       3.240
  50      5  0  0  5     1.402E+08       2.866
  53      5  0  2  7     4.136E+08       3.165
  56      5  0  4  9     3.037E+08       3.468
  57      5  3  0  5    -1.729E+07       2.783
  62      5  3  2  7    -2.297E+07       2.769
  64      6  0  0  6     8.431E+07       3.110
  66      6  0  2  8     3.812E+08       3.497
  67      6  0  4 10     1.869E+08       3.628
  68      6  3  0  6    -2.702E+08       3.110
  71      6  3  2  8    -1.022E+09       3.424
  72      6  3  4 10    -1.272E+09       3.817
  73      6  6  0  6     3.180E+08       3.154
  77      6  6  2  8     1.099E+09       3.433
  78      6  6  4 10     1.563E+09       3.858
  79      7  0  0  7    -1.814E+08       3.357
  82      7  0  2  9    -8.081E+08       3.684
  83      7  0  4 11    -1.388E+09       4.121
  84      7  3  0  7    -2.386E+08       3.409
  85      7  3  2  9    -1.352E+09       3.799
  86      7  3  4 11    -1.401E+09       4.091
  87      7  6  0  7     5.136E+08       3.398
  90      7  6  2  9     2.166E+09       3.692
  91      7  6  4 11     3.586E+09       4.118
  92      8  0  0  8    -3.361E+08       3.633
  93      8  0  2 10    -1.879E+09       3.992
  94      8  0  4 12    -3.070E+09       4.369
  95      8  3  0  8     2.280E+08       3.527
  97      8  3  2 10     1.459E+09       3.917
  98      8  3  4 12     3.818E+09       4.429
  99      8  6  0  8     1.095E+08       3.485
 100      8  6  2 10     1.701E+09       4.126
 101      8  6  4 12     3.271E+09       4.519
 103      9  3  0  9     4.059E+08       3.724
 104      9  3  2 11     4.234E+09       4.224
 105      9  3  4 13     1.235E+10       4.734
 106      9  6  0  9    -5.357E+08       3.851
 107      9  6  2 11    -2.882E+09       4.145
 108      9  6  4 13    -7.636E+09       4.645
 109      9  9  0  9     7.826E+08       3.911
 111      9  9  2 11     4.486E+09       4.214
 112      9  9  4 13     1.015E+10       4.666
 114     10  0  2 12     4.838E+09       4.494
 115     10  6  0 10    -6.708E+08       4.037
 116     10  6  2 12    -7.851E+09       4.529
 117     10  9  0 10     8.766E+08       4.015
 118     10  9  2 12     8.863E+09       4.464
 119     10  9  4 14     2.913E+10       4.971
 120     11  3  2 13    -1.087E+10       4.773
 
     Dist      Iso   6      1  0  2  3     7.537E+05       3.989
   9      2  0  0  2    -7.962E+07       7.241
  12      2  0  2  4    -5.154E+06       4.996
  16      3  0  0  3     1.208E+08       7.478
  19      3  0  2  5    -5.769E+06       5.877
  24      3  3  0  3    -2.566E+08       7.789
  29      3  3  2  5     1.243E+07       5.933
  47      4  3  2  6     3.156E+07       6.924
      10 terms extrapolated at long range
 
 Monitor exponential short range extrapolation
 Select terms above TRES =    3.00E+03  at R=   3.000
 itt         Vxxxx           Coeff   Exp fact.
   1      0  0  0  0     6.245E+07       1.657
   2      0  0  2  2     2.925E+07       2.106
   3      0  0  4  4     5.588E+06       2.292
   4      1  0  0  1     1.752E+07       1.830
   5      1  0  2  1    -3.154E+06       2.198
   6      1  0  2  3     1.163E+07       2.006
   9      2  0  0  2    -5.198E+07       2.173
  12      2  0  2  4    -2.834E+07       2.139
  15      2  0  4  6    -1.287E+07       2.542
  16      3  0  0  3    -3.171E+07       2.025
  18      3  0  2  3     1.369E+07       2.622
  19      3  0  2  5    -1.258E+08       2.701
  23      3  0  4  7    -3.103E+07       2.784
  24      3  3  0  3     5.468E+07       2.018
  27      3  3  2  3    -2.414E+07       2.630
  29      3  3  2  5     2.051E+08       2.673
  34      3  3  4  7     1.104E+08       2.982
  35      4  0  0  4     1.335E+07       2.526
  38      4  0  2  6     2.805E+07       2.762
  42      4  3  0  4     1.032E+08       2.472
  45      4  3  2  4    -1.659E+07       2.658
  47      4  3  2  6     3.984E+08       2.964
  49      4  3  4  8     2.393E+08       3.240
  50      5  0  0  5     1.402E+08       2.866
  53      5  0  2  7     4.136E+08       3.165
  56      5  0  4  9     3.037E+08       3.468
  57      5  3  0  5    -1.729E+07       2.783
  62      5  3  2  7    -2.297E+07       2.769
  64      6  0  0  6     8.431E+07       3.110
  66      6  0  2  8     3.812E+08       3.497
  67      6  0  4 10     1.869E+08       3.628
  68      6  3  0  6    -2.702E+08       3.110
  71      6  3  2  8    -1.022E+09       3.424
  72      6  3  4 10    -1.272E+09       3.817
  73      6  6  0  6     3.180E+08       3.154
  77      6  6  2  8     1.099E+09       3.433
  78      6  6  4 10     1.563E+09       3.858
  79      7  0  0  7    -1.814E+08       3.357
  82      7  0  2  9    -8.081E+08       3.684
  83      7  0  4 11    -1.388E+09       4.121
  84      7  3  0  7    -2.386E+08       3.409
  85      7  3  2  9    -1.352E+09       3.799
  86      7  3  4 11    -1.401E+09       4.091
  87      7  6  0  7     5.136E+08       3.398
  90      7  6  2  9     2.166E+09       3.692
  91      7  6  4 11     3.586E+09       4.118
  92      8  0  0  8    -3.361E+08       3.633
  93      8  0  2 10    -1.879E+09       3.992
  94      8  0  4 12    -3.070E+09       4.369
  95      8  3  0  8     2.280E+08       3.527
  97      8  3  2 10     1.459E+09       3.917
  98      8  3  4 12     3.818E+09       4.429
  99      8  6  0  8     1.095E+08       3.485
 100      8  6  2 10     1.701E+09       4.126
 101      8  6  4 12     3.271E+09       4.519
 103      9  3  0  9     4.059E+08       3.724
 104      9  3  2 11     4.234E+09       4.224
 105      9  3  4 13     1.235E+10       4.734
 106      9  6  0  9    -5.357E+08       3.851
 107      9  6  2 11    -2.882E+09       4.145
 108      9  6  4 13    -7.636E+09       4.645
 109      9  9  0  9     7.826E+08       3.911
 111      9  9  2 11     4.486E+09       4.214
 112      9  9  4 13     1.015E+10       4.666
 114     10  0  2 12     4.838E+09       4.494
 115     10  6  0 10    -6.708E+08       4.037
 116     10  6  2 12    -7.851E+09       4.529
 117     10  9  0 10     8.766E+08       4.015
 118     10  9  2 12     8.863E+09       4.464
 119     10  9  4 14     2.913E+10       4.971
 120     11  3  2 13    -1.087E+10       4.773
 
     Dist      Isotropic   Sigma(Aniso)    Ratio
     2.000     2.270E+06     3.564E+07     15.70
     2.100     1.923E+06     2.485E+07     12.92
     2.200     1.630E+06     1.745E+07      9      2  0  0  2    -7.962E+07       7.241
  12      2  0  2  4    -5.154E+06       4.996
  16      3  0  0  3     1.208E+08       7.478
  19      3  0  2  5    -5.769E+06       5.877
  24      3  3  0  3    -2.566E+08       7.789
  29      3  3  2  5     1.243E+07       5.933
  47      4  3  2  6     3.156E+07       6.924
      10 terms extrapolated at long range
 
 Monitor exponential short range extrapolation
 Select terms above TRES =    3.00E+03  at R=   3.000
 itt         Vxxxx           Coeff   Exp fact.
   1      0  0  0  0     6.245E+07       1.657
   2      0  0  2  2     2.925E+07       2.106
   3      0  0  4  4     5.588E+06       2.292
   4      1  0  0  1     1.752E+07       1.830
   5      1  0  2  1    -3.154E+06       2.198
   6      1  0  2  3     1.163E+07       2.006
   9      2  0  0  2    -5.198E+07       2.173
  12      2  0  2  4    -2.834E+07       2.139
  15      2  0  4  6    -1.287E+07       2.542
  16      3  0  0  3    -3.171E+07       2.025
  18      3  0  2  3     1.369E+07       2.622
  19      3  0  2  5    -1.258E+08       2.701
  23      3  0  4  7    -3.103E+07       2.784
  24      3  3  0  3     5.468E+07       2.018
  27      3  3  2  3    -2.414E+07       2.630
  29      3  3  2  5     2.051E+08       2.673
  34      3  3  4  7     1.104E+08       2.982
  35      4  0  0  4     1.335E+07       2.526
  38      4  0  2  6     2.805E+07       2.762
  42      4  3  0  4     1.032E+08       2.472
  45      4  3  2  4    -1.659E+07       2.658
  47      4  3  2  6     3.984E+08       2.964
  49      4  3  4  8     2.393E+08       3.240
  50      5  0  0  5     1.402E+08       2.866
  53      5  0  2  7     4.136E+08       3.165
  56      5  0  4  9     3.037E+08       3.468
  57      5  3  0  5    -1.729E+07       2.783
  62      5  3  2  7    -2.297E+07       2.769
  64      6  0  0  6     8.431E+07       3.110
  66      6  0  2  8     3.812E+08       3.497
  67      6  0  4 10     1.869E+08       3.628
  68      6  3  0  6    -2.702E+08       3.110
  71      6  3  2  8    -1.022E+09       3.424
  72      6  3  4 10    -1.272E+09       3.817
  73      6  6  0  6     3.180E+08       3.154
  77      6  6  2  8     1.099E+09       3.433
  78      6  6  4 10     1.563E+09       3.858
  79      7  0  0  7    -1.814E+08       3.357
  82      7  0  2  9    -8.081E+08       3.684
  83      7  0  4 11    -1.388E+09       4.121
  84      7  3  0  7    -2.386E+08       3.409
  85      7  3  2  9    -1.352E+09       3.799
  86      7  3  4 11    -1.401E+09       4.091
  87      7  6  0  7     5.136E+08       3.398
  90      7  6  2  9     2.166E+09       3.692
  91      7  6  4 11     3.586E+09       4.118
  92      8  0  0  8    -3.361E+08       3.633
  93      8  0  2 10    -1.879E+09       3.992
  94      8  0  4 12    -3.070E+09       4.369
  95      8  3  0  8     2.280E+08       3.527
  97      8  3  2 10     1.459E+09       3.917
  98      8  3  4 12     3.818E+09       4.429
  99      8  6  0  8     1.095E+08       3.485
 100      8  6  2 10     1.701E+09       4.126
 101      8  6  4 12     3.271E+09       4.519
 103      9  3  0  9     4.059E+08       3.724
 104      9  3  2 11     4.234E+09       4.224
 105      9  3  4 13     1.235E+10       4.734
 106      9  6  0  9    -5.357E+08       3.851
 107      9  6  2 11    -2.882E+09       4.145
 108      9  6  4 13    -7.636E+09       4.645
 109      9  9  0  9     7.826E+08       3.911
 111      9  9  2 11     4.486E+09       4.214
 112      9  9  4 13     1.015E+10       4.666
 114     10  0  2 12     4.838E+09       4.494
 115     10  6  0 10    -6.708E+08       4.037
 116     10  6  2 12    -7.851E+09       4.529
 117     10  9  0 10     8.766E+08       4.015
 118     10  9  2 12     8.863E+09       4.464
 119     10  9  4 14     2.913E+10       4.971
 120     11  3  2 13    -1.087E+10       4.773
 
     Dist      Isotropic   Sigma(Aniso)    Ratio
     2.000     2.270E+06     3.564E+07     15.70
     2.100     1.923E+06     2.485E+07     12.92
     2.200     1.630E+06     1.745E+07     10.71
     2.300     1.381E+06     1.235E+07  Select terms above TRES =    3.00E+03  at R=   3.000
 itt         Vxxxx           Coeff   Exp fact.
   1      0  0  0  0     6.245E+07       1.657
   2      0  0  2  2     2.925E+07       2.106
   3      0  0  4  4     5.588E+06       2.292
   4      1  0  0  1     1.752E+07       1.830
   5      1  0  2  1    -3.154E+06       2.198
   6      1  0  2  3     1.163E+07       2.006
   9      2  0  0  2    -5.198E+07       2.173
  12      2  0  2  4    -2.834E+07       2.139
  15      2  0  4  6    -1.287E+07       2.542
  16      3  0  0  3    -3.171E+07       2.025
  18      3  0  2  3     1.369E+07       2.622
  19      3  0  2  5    -1.258E+08       2.701
  23      3  0  4  7    -3.103E+07       2.784
  24      3  3  0  3     5.468E+07       2.018
  27      3  3  2  3    -2.414E+07       2.630
  29      3  3  2  5     2.051E+08       2.673
  34      3  3  4  7     1.104E+08       2.982
  35      4  0  0  4     1.335E+07       2.526
  38      4  0  2  6     2.805E+07       2.762
  42      4  3  0  4     1.032E+08       2.472
  45      4  3  2  4    -1.659E+07       2.658
  47      4  3  2  6     3.984E+08       2.964
  49      4  3  4  8     2.393E+08       3.240
  50      5  0  0  5     1.402E+08       2.866
  53      5  0  2  7     4.136E+08       3.165
  56      5  0  4  9     3.037E+08       3.468
  57      5  3  0  5    -1.729E+07       2.783
  62      5  3  2  7    -2.297E+07       2.769
  64      6  0  0  6     8.431E+07       3.110
  66      6  0  2  8     3.812E+08       3.497
  67      6  0  4 10     1.869E+08       3.628
  68      6  3  0  6    -2.702E+08       3.110
  71      6  3  2  8    -1.022E+09       3.424
  72      6  3  4 10    -1.272E+09       3.817
  73      6  6  0  6     3.180E+08       3.154
  77      6  6  2  8     1.099E+09       3.433
  78      6  6  4 10     1.563E+09       3.858
  79      7  0  0  7    -1.814E+08       3.357
  82      7  0  2  9    -8.081E+08       3.684
  83      7  0  4 11    -1.388E+09       4.121
  84      7  3  0  7    -2.386E+08       3.409
  85      7  3  2  9    -1.352E+09       3.799
  86      7  3  4 11    -1.401E+09       4.091
  87      7  6  0  7     5.136E+08       3.398
  90      7  6  2  9     2.166E+09       3.692
  91      7  6  4 11     3.586E+09       4.118
  92      8  0  0  8    -3.361E+08       3.633
  93      8  0  2 10    -1.879E+09       3.992
  94      8  0  4 12    -3.070E+09       4.369
  95      8  3  0  8     2.280E+08       3.527
  97      8  3  2 10     1.459E+09       3.917
  98      8  3  4 12     3.818E+09       4.429
  99      8  6  0  8     1.095E+08       3.485
 100      8  6  2 10     1.701E+09       4.126
 101      8  6  4 12     3.271E+09       4.519
 103      9  3  0  9     4.059E+08       3.724
 104      9  3  2 11     4.234E+09       4.224
 105      9  3  4 13     1.235E+10       4.734
 106      9  6  0  9    -5.357E+08       3.851
 107      9  6  2 11    -2.882E+09       4.145
 108      9  6  4 13    -7.636E+09       4.645
 109      9  9  0  9     7.826E+08       3.911
 111      9  9  2 11     4.486E+09       4.214
 112      9  9  4 13     1.015E+10       4.666
 114     10  0  2 12     4.838E+09       4.494
 115     10  6  0 10    -6.708E+08       4.037
 116     10  6  2 12    -7.851E+09       4.529
 117     10  9  0 10     8.766E+08       4.015
 118     10  9  2 12     8.863E+09       4.464
 119     10  9  4 14     2.913E+10       4.971
 120     11  3  2 13    -1.087E+10       4.773
 
     Dist      Isotropic   Sigma(Aniso)    Ratio
     2.000     2.270E+06     3.564E+07     15.70
     2.100     1.923E+06     2.485E+07     12.92
     2.200     1.630E+06     1.745E+07     10.71
     2.300     1.381E+06     1.235E+07      8.94
     2.400     1.170E+06     8.803E+06      7.52
     2.500     9.912E+05     6.325E+06      6.38
     2.600     8.398E+05     4.579E+06      5.45
     2.700     7.115E+05     3.341E+06      4.70
     2.800     6.029E+05     2.456E+06      4.07
     2.900     5.108E+05     1.819E+06      3.56
     3.000     4.328E+05     1.356E+06      3.13
     3.100     3.667E+05     1.019E+06      2.78
     3.200     3.1  12      2  0  2  4    -2.834E+07       2.139
  15      2  0  4  6    -1.287E+07       2.542
  16      3  0  0  3    -3.171E+07       2.025
  18      3  0  2  3     1.369E+07       2.622
  19      3  0  2  5    -1.258E+08       2.701
  23      3  0  4  7    -3.103E+07       2.784
  24      3  3  0  3     5.468E+07       2.018
  27      3  3  2  3    -2.414E+07       2.630
  29      3  3  2  5     2.051E+08       2.673
  34      3  3  4  7     1.104E+08       2.982
  35      4  0  0  4     1.335E+07       2.526
  38      4  0  2  6     2.805E+07       2.762
  42      4  3  0  4     1.032E+08       2.472
  45      4  3  2  4    -1.659E+07       2.658
  47      4  3  2  6     3.984E+08       2.964
  49      4  3  4  8     2.393E+08       3.240
  50      5  0  0  5     1.402E+08       2.866
  53      5  0  2  7     4.136E+08       3.165
  56      5  0  4  9     3.037E+08       3.468
  57      5  3  0  5    -1.729E+07       2.783
  62      5  3  2  7    -2.297E+07       2.769
  64      6  0  0  6     8.431E+07       3.110
  66      6  0  2  8     3.812E+08       3.497
  67      6  0  4 10     1.869E+08       3.628
  68      6  3  0  6    -2.702E+08       3.110
  71      6  3  2  8    -1.022E+09       3.424
  72      6  3  4 10    -1.272E+09       3.817
  73      6  6  0  6     3.180E+08       3.154
  77      6  6  2  8     1.099E+09       3.433
  78      6  6  4 10     1.563E+09       3.858
  79      7  0  0  7    -1.814E+08       3.357
  82      7  0  2  9    -8.081E+08       3.684
  83      7  0  4 11    -1.388E+09       4.121
  84      7  3  0  7    -2.386E+08       3.409
  85      7  3  2  9    -1.352E+09       3.799
  86      7  3  4 11    -1.401E+09       4.091
  87      7  6  0  7     5.136E+08       3.398
  90      7  6  2  9     2.166E+09       3.692
  91      7  6  4 11     3.586E+09       4.118
  92      8  0  0  8    -3.361E+08       3.633
  93      8  0  2 10    -1.879E+09       3.992
  94      8  0  4 12    -3.070E+09       4.369
  95      8  3  0  8     2.280E+08       3.527
  97      8  3  2 10     1.459E+09       3.917
  98      8  3  4 12     3.818E+09       4.429
  99      8  6  0  8     1.095E+08       3.485
 100      8  6  2 10     1.701E+09       4.126
 101      8  6  4 12     3.271E+09       4.519
 103      9  3  0  9     4.059E+08       3.724
 104      9  3  2 11     4.234E+09       4.224
 105      9  3  4 13     1.235E+10       4.734
 106      9  6  0  9    -5.357E+08       3.851
 107      9  6  2 11    -2.882E+09       4.145
 108      9  6  4 13    -7.636E+09       4.645
 109      9  9  0  9     7.826E+08       3.911
 111      9  9  2 11     4.486E+09       4.214
 112      9  9  4 13     1.015E+10       4.666
 114     10  0  2 12     4.838E+09       4.494
 115     10  6  0 10    -6.708E+08       4.037
 116     10  6  2 12    -7.851E+09       4.529
 117     10  9  0 10     8.766E+08       4.015
 118     10  9  2 12     8.863E+09       4.464
 119     10  9  4 14     2.913E+10       4.971
 120     11  3  2 13    -1.087E+10       4.773
 
     Dist      Isotropic   Sigma(Aniso)    Ratio
     2.000     2.270E+06     3.564E+07     15.70
     2.100     1.923E+06     2.485E+07     12.92
     2.200     1.630E+06     1.745E+07     10.71
     2.300     1.381E+06     1.235E+07      8.94
     2.400     1.170E+06     8.803E+06      7.52
     2.500     9.912E+05     6.325E+06      6.38
     2.600     8.398E+05     4.579E+06      5.45
     2.700     7.115E+05     3.341E+06      4.70
     2.800     6.029E+05     2.456E+06      4.07
     2.900     5.108E+05     1.819E+06      3.56
     3.000     4.328E+05     1.356E+06      3.13
     3.100     3.667E+05     1.019E+06      2.78
     3.200     3.107E+05     7.700E+05      2.48
     3.300     2.632E+05     5.856E+05      2.22
     3.400     2.230E+05     4.480E+05      2.01
     3.500     1.890E+05     3.446E+05      1.82
 ==> Anisotropic terms may be large at shortest range;
 ==> Blind extrapolation of anisotropic terms is DANGEROUS;
 ==> Set up a more secure proportional extrapolation scheme.
 
 Set up smooth transition domains...
 Anisotropy fraction kept at shorter  
 Initialization done.
 
 NLAM         120
  27      3  3  2  3    -2.414E+07       2.630
  29      3  3  2  5     2.051E+08       2.673
  34      3  3  4  7     1.104E+08       2.982
  35      4  0  0  4     1.335E+07       2.526
  38      4  0  2  6     2.805E+07       2.762
  42      4  3  0  4     1.032E+08       2.472
  45      4  3  2  4    -1.659E+07       2.658
  47      4  3  2  6     3.984E+08       2.964
  49      4  3  4  8     2.393E+08       3.240
  50      5  0  0  5     1.402E+08       2.866
  53      5  0  2  7     4.136E+08       3.165
  56      5  0  4  9     3.037E+08       3.468
  57      5  3  0  5    -1.729E+07       2.783
  62      5  3  2  7    -2.297E+07       2.769
  64      6  0  0  6     8.431E+07       3.110
  66      6  0  2  8     3.812E+08       3.497
  67      6  0  4 10     1.869E+08       3.628
  68      6  3  0  6    -2.702E+08       3.110
  71      6  3  2  8    -1.022E+09       3.424
  72      6  3  4 10    -1.272E+09       3.817
  73      6  6  0  6     3.180E+08       3.154
  77      6  6  2  8     1.099E+09       3.433
  78      6  6  4 10     1.563E+09       3.858
  79      7  0  0  7    -1.814E+08       3.357
  82      7  0  2  9    -8.081E+08       3.684
  83      7  0  4 11    -1.388E+09       4.121
  84      7  3  0  7    -2.386E+08       3.409
  85      7  3  2  9    -1.352E+09       3.799
  86      7  3  4 11    -1.401E+09       4.091
  87      7  6  0  7     5.136E+08       3.398
  90      7  6  2  9     2.166E+09       3.692
  91      7  6  4 11     3.586E+09       4.118
  92      8  0  0  8    -3.361E+08       3.633
  93      8  0  2 10    -1.879E+09       3.992
  94      8  0  4 12    -3.070E+09       4.369
  95      8  3  0  8     2.280E+08       3.527
  97      8  3  2 10     1.459E+09       3.917
  98      8  3  4 12     3.818E+09       4.429
  99      8  6  0  8     1.095E+08       3.485
 100      8  6  2 10     1.701E+09       4.126
 101      8  6  4 12     3.271E+09       4.519
 103      9  3  0  9     4.059E+08       3.724
 104      9  3  2 11     4.234E+09       4.224
 105      9  3  4 13     1.235E+10       4.734
 106      9  6  0  9    -5.357E+08       3.851
 107      9  6  2 11    -2.882E+09       4.145
 108      9  6  4 13    -7.636E+09       4.645
 109      9  9  0  9     7.826E+08       3.911
 111      9  9  2 11     4.486E+09       4.214
 112      9  9  4 13     1.015E+10       4.666
 114     10  0  2 12     4.838E+09       4.494
 115     10  6  0 10    -6.708E+08       4.037
 116     10  6  2 12    -7.851E+09       4.529
 117     10  9  0 10     8.766E+08       4.015
 118     10  9  2 12     8.863E+09       4.464
 119     10  9  4 14     2.913E+10       4.971
 120     11  3  2 13    -1.087E+10       4.773
 
     Dist      Isotropic   Sigma(Aniso)    Ratio
     2.000     2.270E+06     3.564E+07     15.70
     2.100     1.923E+06     2.485E+07     12.92
     2.200     1.630E+06     1.745E+07     10.71
     2.300     1.381E+06     1.235E+07      8.94
     2.400     1.170E+06     8.803E+06      7.52
     2.500     9.912E+05     6.325E+06      6.38
     2.600     8.398E+05     4.579E+06      5.45
     2.700     7.115E+05     3.341E+06      4.70
     2.800     6.029E+05     2.456E+06      4.07
     2.900     5.108E+05     1.819E+06      3.56
     3.000     4.328E+05     1.356E+06      3.13
     3.100     3.667E+05     1.019E+06      2.78
     3.200     3.107E+05     7.700E+05      2.48
     3.300     2.632E+05     5.856E+05      2.22
     3.400     2.230E+05     4.480E+05      2.01
     3.500     1.890E+05     3.446E+05      1.82
 ==> Anisotropic terms may be large at shortest range;
 ==> Blind extrapolation of anisotropic terms is DANGEROUS;
 ==> Set up a more secure proportional extrapolation scheme.
 
 Set up smooth transition domains...
 Anisotropy fraction kept at shorter range     1.000
 Left  domain     3.000  ->      3.500
 Right domain    14.000  ->     15.000
 
 Initialization done.
 
 NLAM         120
  73      6  6  0  6     3.180E+08       3.154
  77      6  6  2  8     1.099E+09       3.433
  78      6  6  4 10     1.563E+09       3.858
  79      7  0  0  7    -1.814E+08       3.357
  82      7  0  2  9    -8.081E+08       3.684
  83      7  0  4 11    -1.388E+09       4.121
  84      7  3  0  7    -2.386E+08       3.409
  85      7  3  2  9    -1.352E+09       3.799
  86      7  3  4 11    -1.401E+09       4.091
  87      7  6  0  7     5.136E+08       3.398
  90      7  6  2  9     2.166E+09       3.692
  91      7  6  4 11     3.586E+09       4.118
  92      8  0  0  8    -3.361E+08       3.633
  93      8  0  2 10    -1.879E+09       3.992
  94      8  0  4 12    -3.070E+09       4.369
  95      8  3  0  8     2.280E+08       3.527
  97      8  3  2 10     1.459E+09       3.917
  98      8  3  4 12     3.818E+09       4.429
  99      8  6  0  8     1.095E+08       3.485
 100      8  6  2 10     1.701E+09       4.126
 101      8  6  4 12     3.271E+09       4.519
 103      9  3  0  9     4.059E+08       3.724
 104      9  3  2 11     4.234E+09       4.224
 105      9  3  4 13     1.235E+10       4.734
 106      9  6  0  9    -5.357E+08       3.851
 107      9  6  2 11    -2.882E+09       4.145
 108      9  6  4 13    -7.636E+09       4.645
 109      9  9  0  9     7.826E+08       3.911
 111      9  9  2 11     4.486E+09       4.214
 112      9  9  4 13     1.015E+10       4.666
 114     10  0  2 12     4.838E+09       4.494
 115     10  6  0 10    -6.708E+08       4.037
 116     10  6  2 12    -7.851E+09       4.529
 117     10  9  0 10     8.766E+08       4.015
 118     10  9  2 12     8.863E+09       4.464
 119     10  9  4 14     2.913E+10       4.971
 120     11  3  2 13    -1.087E+10       4.773
 
     Dist      Isotropic   Sigma(Aniso)    Ratio
     2.000     2.270E+06     3.564E+07     15.70
     2.100     1.923E+06     2.485E+07     12.92
     2.200     1.630E+06     1.745E+07     10.71
     2.300     1.381E+06     1.235E+07      8.94
     2.400     1.170E+06     8.803E+06      7.52
     2.500     9.912E+05     6.325E+06      6.38
     2.600     8.398E+05     4.579E+06      5.45
     2.700     7.115E+05     3.341E+06      4.70
     2.800     6.029E+05     2.456E+06      4.07
     2.900     5.108E+05     1.819E+06      3.56
     3.000     4.328E+05     1.356E+06      3.13
     3.100     3.667E+05     1.019E+06      2.78
     3.200     3.107E+05     7.700E+05      2.48
     3.300     2.632E+05     5.856E+05      2.22
     3.400     2.230E+05     4.480E+05      2.01
     3.500     1.890E+05     3.446E+05      1.82
 ==> Anisotropic terms may be large at shortest range;
 ==> Blind extrapolation of anisotropic terms is DANGEROUS;
 ==> Set up a more secure proportional extrapolation scheme.
 
 Set up smooth transition domains...
 Anisotropy fraction kept at shorter range     1.000
 Left  domain     3.000  ->      3.500
 Right domain    14.000  ->     15.000
 
 Initialization done.
 
 NLAM         120
  83      7  0  4 11    -1.388E+09       4.121
  84      7  3  0  7    -2.386E+08       3.409
  85      7  3  2  9    -1.352E+09       3.799
  86      7  3  4 11    -1.401E+09       4.091
  87      7  6  0  7     5.136E+08       3.398
  90      7  6  2  9     2.166E+09       3.692
  91      7  6  4 11     3.586E+09       4.118
  92      8  0  0  8    -3.361E+08       3.633
  93      8  0  2 10    -1.879E+09       3.992
  94      8  0  4 12    -3.070E+09       4.369
  95      8  3  0  8     2.280E+08       3.527
  97      8  3  2 10     1.459E+09       3.917
  98      8  3  4 12     3.818E+09       4.429
  99      8  6  0  8     1.095E+08       3.485
 100      8  6  2 10     1.701E+09       4.126
 101      8  6  4 12     3.271E+09       4.519
 103      9  3  0  9     4.059E+08       3.724
 104      9  3  2 11     4.234E+09       4.224
 105      9  3  4 13     1.235E+10       4.734
 106      9  6  0  9    -5.357E+08       3.851
 107      9  6  2 11    -2.882E+09       4.145
 108      9  6  4 13    -7.636E+09       4.645
 109      9  9  0  9     7.826E+08       3.911
 111      9  9  2 11     4.486E+09       4.214
 112      9  9  4 13     1.015E+10       4.666
 114     10  0  2 12     4.838E+09       4.494
 115     10  6  0 10    -6.708E+08       4.037
 116     10  6  2 12    -7.851E+09       4.529
 117     10  9  0 10     8.766E+08       4.015
 118     10  9  2 12     8.863E+09       4.464
 119     10  9  4 14     2.913E+10       4.971
 120     11  3  2 13    -1.087E+10       4.773
 
     Dist      Isotropic   Sigma(Aniso)    Ratio
     2.000     2.270E+06     3.564E+07     15.70
     2.100     1.923E+06     2.485E+07     12.92
     2.200     1.630E+06     1.745E+07     10.71
     2.300     1.381E+06     1.235E+07      8.94
     2.400     1.170E+06     8.803E+06      7.52
     2.500     9.912E+05     6.325E+06      6.38
     2.600     8.398E+05     4.579E+06      5.45
     2.700     7.115E+05     3.341E+06      4.70
     2.800     6.029E+05     2.456E+06      4.07
     2.900     5.108E+05     1.819E+06      3.56
     3.000     4.328E+05     1.356E+06      3.13
     3.100     3.667E+05     1.019E+06      2.78
     3.200     3.107E+05     7.700E+05      2.48
     3.300     2.632E+05     5.856E+05      2.22
     3.400     2.230E+05     4.480E+05      2.01
     3.500     1.890E+05     3.446E+05      1.82
 ==> Anisotropic terms may be large at shortest range;
 ==> Blind extrapolation of anisotropic terms is DANGEROUS;
 ==> Set up a more secure proportional extrapolation scheme.
 
 Set up smooth transition domains...
 Anisotropy fraction kept at shorter range     1.000
 Left  domain     3.000  ->      3.500
 Right domain    14.000  ->     15.000
 
 Initialization done.
 
 NLAM         120
  93      8  0  2 10    -1.879E+09       3.992
  94      8  0  4 12    -3.070E+09       4.369
  95      8  3  0  8     2.280E+08       3.527
  97      8  3  2 10     1.459E+09       3.917
  98      8  3  4 12     3.818E+09       4.429
  99      8  6  0  8     1.095E+08       3.485
 100      8  6  2 10     1.701E+09       4.126
 101      8  6  4 12     3.271E+09       4.519
 103      9  3  0  9     4.059E+08       3.724
 104      9  3  2 11     4.234E+09       4.224
 105      9  3  4 13     1.235E+10       4.734
 106      9  6  0  9    -5.357E+08       3.851
 107      9  6  2 11    -2.882E+09       4.145
 108      9  6  4 13    -7.636E+09       4.645
 109      9  9  0  9     7.826E+08       3.911
 111      9  9  2 11     4.486E+09       4.214
 112      9  9  4 13     1.015E+10       4.666
 114     10  0  2 12     4.838E+09       4.494
 115     10  6  0 10    -6.708E+08       4.037
 116     10  6  2 12    -7.851E+09       4.529
 117     10  9  0 10     8.766E+08       4.015
 118     10  9  2 12     8.863E+09       4.464
 119     10  9  4 14     2.913E+10       4.971
 120     11  3  2 13    -1.087E+10       4.773
 
     Dist      Isotropic   Sigma(Aniso)    Ratio
     2.000     2.270E+06     3.564E+07     15.70
     2.100     1.923E+06     2.485E+07     12.92
     2.200     1.630E+06     1.745E+07     10.71
     2.300     1.381E+06     1.235E+07      8.94
     2.400     1.170E+06     8.803E+06      7.52
     2.500     9.912E+05     6.325E+06      6.38
     2.600     8.398E+05     4.579E+06      5.45
     2.700     7.115E+05     3.341E+06      4.70
     2.800     6.029E+05     2.456E+06      4.07
     2.900     5.108E+05     1.819E+06      3.56
     3.000     4.328E+05     1.356E+06      3.13
     3.100     3.667E+05     1.019E+06      2.78
     3.200     3.107E+05     7.700E+05      2.48
     3.300     2.632E+05     5.856E+05      2.22
     3.400     2.230E+05     4.480E+05      2.01
     3.500     1.890E+05     3.446E+05      1.82
 ==> Anisotropic terms may be large at shortest range;
 ==> Blind extrapolation of anisotropic terms is DANGEROUS;
 ==> Set up a more secure proportional extrapolation scheme.
 
 Set up smooth transition domains...
 Anisotropy fraction kept at shorter range     1.000
 Left  domain     3.000  ->      3.500
 Right domain    14.000  ->     15.000
 108      9  6  4 13    -7.636E+09       4.645
 109      9  9  0  9     7.826E+08       3.911
 111      9  9  2 11     4.486E+09       4.214
 112      9  9  4 13     1.015E+10       4.666
 114     10  0  2 12     4.838E+09       4.494
 115     10  6  0 10    -6.708E+08       4.037
 116     10  6  2 12    -7.851E+09       4.529
 117     10  9  0 10     8.766E+08       4.015
 118     10  9  2 12     8.863E+09       4.464
 119     10  9  4 14     2.913E+10       4.971
 120     11  3  2 13    -1.087E+10       4.773
 
     Dist      Isotropic   Sigma(Aniso)    Ratio
     2.000     2.270E+06     3.564E+07     15.70
     2.100     1.923E+06     2.485E+07     12.92
     2.200     1.630E+06     1.745E+07     10.71
     2.300     1.381E+06     1.235E+07      8.94
     2.400     1.170E+06     8.803E+06      7.52
     2.500     9.912E+05     6.325E+06      6.38
     2.600     8.398E+05     4.579E+06      5.45
     2.700     7.115E+05     3.341E+06      4.70
     2.800     6.029E+05     2.456E+06      4.07
     2.900     5.108E+05     1.819E+06      3.56
     3.000     4.328E+05     1.356E+06      3.13
     3.100     3.667E+05     1.019E+06      2.78
     3.200     3.107E+05     7.700E+05      2.48
     3.300     2.632E+05     5.856E+05      2.22
     3.400     2.230E+05     4.480E+05      2.01
     3.500     1.890E+05     3.446E+05      1.82
 ==> Anisotropic terms may be large at shortest range;
 ==> Blind extrapolation of anisotropic terms is DANGEROUS;
 ==> Set up a more secure proportional extrapolation scheme.
 
 Set up smooth transition domains...
 Anisotropy fraction kept at shorter range     1.000
 Left  domain     3.000  ->      3.500
 Right domain    14.000  ->     15.000
 116     10  6  2 12    -7.851E+09       4.529
 117     10  9  0 10     8.766E+08       4.015
 118     10  9  2 12     8.863E+09       4.464
 119     10  9  4 14     2.913E+10       4.971
 120     11  3  2 13    -1.087E+10       4.773
 
     Dist      Isotropic   Sigma(Aniso)    Ratio
     2.000     2.270E+06     3.564E+07     15.70
     2.100     1.923E+06     2.485E+07     12.92
     2.200     1.630E+06     1.745E+07     10.71
     2.300     1.381E+06     1.235E+07      8.94
     2.400     1.170E+06     8.803E+06      7.52
     2.500     9.912E+05     6.325E+06      6.38
     2.600     8.398E+05     4.579E+06      5.45
     2.700     7.115E+05     3.341E+06      4.70
     2.800     6.029E+05     2.456E+06      4.07
     2.900     5.108E+05     1.819E+06      3.56
     3.000     4.328E+05     1.356E+06      3.13
     3.100     3.667E+05     1.019E+06      2.78
     3.200     3.107E+05     7.700E+05      2.48
     3.300     2.632E+05     5.856E+05      2.22
     3.400     2.230E+05     4.480E+05      2.01
     3.500     1.890E+05     3.446E+05      1.82
 ==> Anisotropic terms may be large at shortest range;
 ==> Blind extrapolation of anisotropic terms is DANGEROUS;
 ==> Set up a more secure proportional extrapolation scheme.
 
 Set up smooth transition domains...
 Anisotropy fraction kept at shorter range     1.000
 Left  domain     3.000  ->      3.500
 Right domain    14.000  ->     15.000
 108      9  6  4 13    -7.636E+09       4.645
 109      9  9  0  9     7.826E+08       3.911
 111      9  9  2 11     4.486E+09       4.214
 112      9  9  4 13     1.015E+10       4.666
 114     10  0  2 12     4.838E+09       4.494
 115     10  6  0 10    -6.708E+08       4.037
 116     10  6  2 12    -7.851E+09       4.529
 117     10  9  0 10     8.766E+08       4.015
 118     10  9  2 12     8.863E+09       4.464
 119     10  9  4 14     2.913E+10       4.971
 120     11  3  2 13    -1.087E+10       4.773
 
     Dist      Isotropic   Sigma(Aniso)    Ratio
     2.000     2.270E+06     3.564E+07     15.70
     2.100     1.923E+06     2.485E+07     12.92
     2.200     1.630E+06     1.745E+07     10.71
     2.300     1.381E+06     1.235E+07      8.94
     2.400     1.170E+06     8.803E+06      7.52
     2.500     9.912E+05     6.325E+06      6.38
     2.600     8.398E+05     4.579E+06      5.45
     2.700     7.115E+05     3.341E+06      4.70
     2.800     6.029E+05     2.456E+06      4.07
     2.900     5.108E+05     1.819E+06      3.56
     3.000     4.328E+05     1.356E+06      3.13
     3.100     3.667E+05     1.019E+06      2.78
     3.200     3.107E+05     7.700E+05      2.48
     3.300     2.632E+05     5.856E+05      2.22
     3.400     2.230E+05     4.480E+05      2.01
     3.500     1.890E+05     3.446E+05      1.82
 ==> Anisotropic terms may be large at shortest range;
 ==> Blind extrapolation of anisotropic terms is DANGEROUS;
 ==> Set up a more secure proportional extrapolation scheme.
 
 Set up smooth transition domains...
 Anisotropy fraction kept at shorter range     1.000
 Left  domain     3.000  ->      3.500
 Right domain    14.000  ->     15.000
  10.71
     2.300     1.381E+06     1.235E+07      8.94
     2.400     1.170E+06     8.803E+06      7.52
     2.500     9.912E+05     6.325E+06      6.38
     2.600     8.398E+05     4.579E+06      5.45
     2.700     7.115E+05     3.341E+06      4.70
     2.800     6.029E+05     2.456E+06      4.07
     2.900     5.108E+05     1.819E+06      3.56
     3.000     4.328E+05     1.356E+06      3.13
     3.100     3.667E+05     1.019E+06      2.78
     3.200     3.107E+05     7.700E+05      2.48
     3.300     2.632E+05     5.856E+05      2.22
     3.400     2.230E+05     4.480E+05      2.01
     3.500     1.890E+05     3.446E+05      1.82
 ==> Anisotropic terms may be large at shortest range;
 ==> Blind extrapolation of anisotropic terms is DANGEROUS;
 ==> Set up a more secure proportional extrapolation scheme.
 
 Set up smooth transition domains...
 Anisotropy fraction kept at shorter range     1.000
 Left  domain     3.000  ->      3.500
 Right domain    14.000  ->     15.000
  10.71
     2.300     1.381E+06     1.235E+07      8.94
     2.400     1.170E+06     8.803E+06      7.52
     2.500     9.912E+05     6.325E+06      6.38
     2.600     8.398E+05     4.579E+06      5.45
     2.700     7.115E+05     3.341E+06      4.70
     2.800     6.029E+05     2.456E+06      4.07
     2.900     5.108E+05     1.819E+06      3.56
     3.000     4.328E+05     1.356E+06      3.13
     3.100     3.667E+05     1.019E+06      2.78
     3.200     3.107E+05     7.700E+05      2.48
     3.300     2.632E+05     5.856E+05      2.22
     3.400     2.230E+05     4.480E+05      2.01
     3.500     1.890E+05     3.446E+05      1.82
 ==> Anisotropic terms may be large at shortest range;
 ==> Blind extrapolation of anisotropic terms is DANGEROUS;
 ==> Set up a more secure proportional extrapolation scheme.
 
 Set up smooth transition domains...
 Anisotropy fraction kept at shorter range     1.000
 Left  domain     3.000  ->      3.500
 Right domain    14.000  ->     15.000
o
     2.000     2.270E+06     3.564E+07     15.70
     2.100     1.923E+06     2.485E+07     12.92
     2.200     1.630E+06     1.745E+07     10.71
     2.300     1.381E+06     1.235E+07      8.94
     2.400     1.170E+06     8.803E+06      7.52
     2.500     9.912E+05     6.325E+06      6.38
     2.600     8.398E+05     4.579E+06      5.45
     2.700     7.115E+05     3.341E+06      4.70
     2.800     6.029E+05     2.456E+06      4.07
     2.900     5.108E+05     1.819E+06      3.56
     3.000     4.328E+05     1.356E+06      3.13
     3.100     3.667E+05     1.019E+06      2.78
     3.200     3.107E+05     7.700E+05      2.48
     3.300     2.632E+05     5.856E+05      2.22
     3.400     2.230E+05     4.480E+05      2.01
     3.500     1.890E+05     3.446E+05      1.82
 ==> Anisotropic terms may be large at shortest range;
 ==> Blind extrapolation of anisotropic terms is DANGEROUS;
 ==> Set up a more secure proportional extrapolation scheme.
 
 Set up smooth transition domains...
 Anisotropy fraction kept at shorter range     1.000
 Left  domain     3.000  ->      3.500
 Right domain    14.000  ->     15.000
+06      6.38
     2.600     8.398E+05     4.579E+06      5.45
     2.700     7.115E+05     3.341E+06      4.70
     2.800     6.029E+05     2.456E+06      4.07
     2.900     5.108E+05     1.819E+06      3.56
     3.000     4.328E+05     1.356E+06      3.13
     3.100     3.667E+05     1.019E+06      2.78
     3.200     3.107E+05     7.700E+05      2.48
     3.300     2.632E+05     5.856E+05      2.22
     3.400     2.230E+05     4.480E+05      2.01
     3.500     1.890E+05     3.446E+05      1.82
 ==> Anisotropic terms may be large at shortest range;
 ==> Blind extrapolation of anisotropic terms is DANGEROUS;
 ==> Set up a more secure proportional extrapolation scheme.
 
 Set up smooth transition domains...
 Anisotropy fraction kept at shorter range     1.000
 Left  domain     3.000  ->      3.500
 Right domain    14.000  ->     15.000
tropic   Sigma(Aniso)    Ratio
     2.000     2.270E+06     3.564E+07     15.70
     2.100     1.923E+06     2.485E+07     12.92
     2.200     1.630E+06     1.745E+07     10.71
     2.300     1.381E+06     1.235E+07      8.94
     2.400     1.170E+06     8.803E+06      7.52
     2.500     9.912E+05     6.325E+06      6.38
     2.600     8.398E+05     4.579E+06      5.45
     2.700     7.115E+05     3.341E+06      4.70
     2.800     6.029E+05     2.456E+06      4.07
     2.900     5.108E+05     1.819E+06      3.56
     3.000     4.328E+05     1.356E+06      3.13
     3.100     3.667E+05     1.019E+06      2.78
     3.200     3.107E+05     7.700E+05      2.48
     3.300     2.632E+05     5.856E+05      2.22
     3.400     2.230E+05     4.480E+05      2.01
     3.500     1.890E+05     3.446E+05      1.82
 ==> Anisotropic terms may be large at shortest range;
 ==> Blind extrapolation of anisotropic terms is DANGEROUS;
 ==> Set up a more secure proportional extrapolation scheme.
 
 Set up smooth transition domains...
 Anisotropy fraction kept at shorter range     1.000
 Left  domain     3.000  ->      3.500
 Right domain    14.000  ->     15.000
07E+05     7.700E+05      2.48
     3.300     2.632E+05     5.856E+05      2.22
     3.400     2.230E+05     4.480E+05      2.01
     3.500     1.890E+05     3.446E+05      1.82
 ==> Anisotropic terms may be large at shortest range;
 ==> Blind extrapolation of anisotropic terms is DANGEROUS;
 ==> Set up a more secure proportional extrapolation scheme.
 
 Set up smooth transition domains...
 Anisotropy fraction kept at shorter range     1.000
 Left  domain     3.000  ->      3.500
 Right domain    14.000  ->     15.000
tropic   Sigma(Aniso)    Ratio
     2.000     2.270E+06     3.564E+07     15.70
     2.100     1.923E+06     2.485E+07     12.92
     2.200     1.630E+06     1.745E+07     10.71
     2.300     1.381E+06     1.235E+07      8.94
     2.400     1.170E+06     8.803E+06      7.52
     2.500     9.912E+05     6.325E+06      6.38
     2.600     8.398E+05     4.579E+06      5.45
     2.700     7.115E+05     3.341E+06      4.70
     2.800     6.029E+05     2.456E+06      4.07
     2.900     5.108E+05     1.819E+06      3.56
     3.000     4.328E+05     1.356E+06      3.13
     3.100     3.667E+05     1.019E+06      2.78
     3.200     3.107E+05     7.700E+05      2.48
     3.300     2.632E+05     5.856E+05      2.22
     3.400     2.230E+05     4.480E+05      2.01
     3.500     1.890E+05     3.446E+05      1.82
 ==> Anisotropic terms may be large at shortest range;
 ==> Blind extrapolation of anisotropic terms is DANGEROUS;
 ==> Set up a more secure proportional extrapolation scheme.
 
 Set up smooth transition domains...
 Anisotropy fraction kept at shorter range     1.000
 Left  domain     3.000  ->      3.500
 Right domain    14.000  ->     15.000
  10.71
     2.300     1.381E+06     1.235E+07      8.94
     2.400     1.170E+06     8.803E+06      7.52
     2.500     9.912E+05     6.325E+06      6.38
     2.600     8.398E+05     4.579E+06      5.45
     2.700     7.115E+05     3.341E+06      4.70
     2.800     6.029E+05     2.456E+06      4.07
     2.900     5.108E+05     1.819E+06      3.56
     3.000     4.328E+05     1.356E+06      3.13
     3.100     3.667E+05     1.019E+06      2.78
     3.200     3.107E+05     7.700E+05      2.48
     3.300     2.632E+05     5.856E+05      2.22
     3.400     2.230E+05     4.480E+05      2.01
     3.500     1.890E+05     3.446E+05      1.82
 ==> Anisotropic terms may be large at shortest range;
 ==> Blind extrapolation of anisotropic terms is DANGEROUS;
 ==> Set up a more secure proportional extrapolation scheme.
 
 Set up smooth transition domains...
 Anisotropy fraction kept at shorter range     1.000
 Left  domain     3.000  ->      3.500
 Right domain    14.000  ->     15.000
     8.94
     2.400     1.170E+06     8.803E+06      7.52
     2.500     9.912E+05     6.325E+06      6.38
     2.600     8.398E+05     4.579E+06      5.45
     2.700     7.115E+05     3.341E+06      4.70
     2.800     6.029E+05     2.456E+06      4.07
     2.900     5.108E+05     1.819E+06      3.56
     3.000     4.328E+05     1.356E+06      3.13
     3.100     3.667E+05     1.019E+06      2.78
     3.200     3.107E+05     7.700E+05      2.48
     3.300     2.632E+05     5.856E+05      2.22
     3.400     2.230E+05     4.480E+05      2.01
     3.500     1.890E+05     3.446E+05      1.82
 ==> Anisotropic terms may be large at shortest range;
 ==> Blind extrapolation of anisotropic terms is DANGEROUS;
 ==> Set up a more secure proportional extrapolation scheme.
 
 Set up smooth transition domains...
 Anisotropy fraction kept at shorter range     1.000
 Left  domain     3.000  ->      3.500
 Right domain    14.000  ->     15.000
07E+05     7.700E+05      2.48
     3.300     2.632E+05     5.856E+05      2.22
     3.400     2.230E+05     4.480E+05      2.01
     3.500     1.890E+05     3.446E+05      1.82
 ==> Anisotropic terms may be large at shortest range;
 ==> Blind extrapolation of anisotropic terms is DANGEROUS;
 ==> Set up a more secure proportional extrapolation scheme.
 
 Set up smooth transition domains...
 Anisotropy fraction kept at shorter range     1.000
 Left  domain     3.000  ->      3.500
 Right domain    14.000  ->     15.000
range     1.000
 Left  domain     3.000  ->      3.500
 Right domain    14.000  ->     15.000
 
 Long range extrapolation:
 itt         Vxxxx           Coeff   1/R Power
   1      0  0  0  0    -2.228E+08       6.270
 
 Initialization done.
 
 NLAM         120
 
 Initialization done.
 
 NLAM         120
   2      0  0  2  2    -3.971E+07       6.755
   6      1  0  2  3     7.537E+05       3.989
   9      2  0  0  2    -7.962E+07       7.241
  12      2  0  2  4    -5.154E+06       4.996
  16      3  0  0  3     1.208E+08       7.478
 
 Initialization done.
 
 NLAM         120
 
 Initialization done.
 
 NLAM         120
  19      3  0  2  5    -5.769E+06       5.877
  24      3  3  0  3    -2.566E+08       7.789
  29      3  3  2  5     1.243E+07       5.933
 
 Initialization done.
 
 NLAM         120
 
 Initialization done.
 
 NLAM         120
 
 Initialization done.
 
 NLAM         120
 
 Initialization done.
 
 NLAM         120
  47      4  3  2  6     3.156E+07       6.924
      10 terms extrapolated at long range
 
 Monitor exponential short range extrapolation
 Select terms above TRES =    3.00E+03  at R=   3.000
 itt         Vxxxx           Coeff   Exp fact.
 
 Initialization done.
 
 NLAM         120
 
 Initialization done.
 
 NLAM         120
 
 Initialization done.
 
 NLAM         120
   1      0  0  0  0     6.245E+07       1.657
   2      0  0  2  2     2.925E+07       2.106
   3      0  0  4  4     5.588E+06       2.292
 
 Initialization done.
 
 NLAM         120
 
 Initialization done.
 
 NLAM         120
 
 Initialization done.
 
 NLAM         120
   4      1  0  0  1     1.752E+07       1.830
   5      1  0  2  1    -3.154E+06       2.198
   6      1  0  2  3     1.163E+07       2.006
   9      2  0  0  2    -5.198E+07       2.173
  12      2  0  2  4    -2.834E+07       2.139
 
 Initialization done.
 
 NLAM         120
  15      2  0  4  6    -1.287E+07       2.542
  16      3  0  0  3    -3.171E+07       2.025
 
 Initialization done.
 
 NLAM         120
  18      3  0  2  3     1.369E+07       2.622
  19      3  0  2  5    -1.258E+08       2.701
  23      3  0  4  7    -3.103E+07       2.784
 
 Initialization done.
 
 NLAM         120
 
 Initialization done.
 
 NLAM         120
  24      3  3  0  3     5.468E+07       2.018
  27      3  3  2  3    -2.414E+07       2.630
  29      3  3  2  5     2.051E+08       2.673
  34      3  3  4  7     1.104E+08       2.982
  35      4  0  0  4     1.335E+07       2.526
  38      4  0  2  6     2.805E+07       2.762
  42      4  3  0  4     1.032E+08       2.472
  45      4  3  2  4    -1.659E+07       2.658
  47      4  3  2  6     3.984E+08       2.964
  49      4  3  4  8     2.393E+08       3.240
  50      5  0  0  5     1.402E+08       2.866
  53      5  0  2  7     4.136E+08       3.165
  56      5  0  4  9     3.037E+08       3.468
  57      5  3  0  5    -1.729E+07       2.783
  62      5  3  2  7    -2.297E+07       2.769
  64      6  0  0  6     8.431E+07       3.110
  66      6  0  2  8     3.812E+08       3.497
  67      6  0  4 10     1.869E+08       3.628
  68      6  3  0  6    -2.702E+08       3.110
  71      6  3  2  8    -1.022E+09       3.424
  72      6  3  4 10    -1.272E+09       3.817
  73      6  6  0  6     3.180E+08       3.154
  77      6  6  2  8     1.099E+09       3.433
  78      6  6  4 10     1.563E+09       3.858
  79      7  0  0  7    -1.814E+08       3.357
  82      7  0  2  9    -8.081E+08       3.684
  83      7  0  4 11    -1.388E+09       4.121
  84      7  3  0  7    -2.386E+08       3.409
  85      7  3  2  9    -1.352E+09       3.799
  86      7  3  4 11    -1.401E+09       4.091
  87      7  6  0  7     5.136E+08       3.398
  90      7  6  2  9     2.166E+09       3.692
  91      7  6  4 11     3.586E+09       4.118
  92      8  0  0  8    -3.361E+08       3.633
  93      8  0  2 10    -1.879E+09       3.992
  94      8  0  4 12    -3.070E+09       4.369
  95      8  3  0  8     2.280E+08       3.527
  97      8  3  2 10     1.459E+09       3.917
  98      8  3  4 12     3.818E+09       4.429
  99      8  6  0  8     1.095E+08       3.485
 100      8  6  2 10     1.701E+09       4.126
 101      8  6  4 12     3.271E+09       4.519
 103      9  3  0  9     4.059E+08       3.724
 104      9  3  2 11     4.234E+09       4.224
 105      9  3  4 13     1.235E+10       4.734
 106      9  6  0  9    -5.357E+08       3.851
 107      9  6  2 11    -2.882E+09       4.145
 108      9  6  4 13    -7.636E+09       4.645
 109      9  9  0  9     7.826E+08       3.911
 111      9  9  2 11     4.486E+09       4.214
 112      9  9  4 13     1.015E+10       4.666
 114     10  0  2 12     4.838E+09       4.494
 115     10  6  0 10    -6.708E+08       4.037
 116     10  6  2 12    -7.851E+09       4.529
 117     10  9  0 10     8.766E+08       4.015
 118     10  9  2 12     8.863E+09       4.464
 119     10  9  4 14     2.913E+10       4.971
 120     11  3  2 13    -1.087E+10       4.773
 
     Dist      Isotropic   Sigma(Aniso)    Ratio
     2.000     2.270E+06     3.564E+07     15.70
     2.100     1.923E+06     2.485E+07     12.92
     2.200     1.630E+06     1.745E+07     10.71
     2.300     1.381E+06     1.235E+07      8.94
     2.400     1.170E+06     8.803E+06      7.52
     2.500     9.912E+05     6.325E+06      6.38
     2.600     8.398E+05     4.579E+06      5.45
     2.700     7.115E+05     3.341E+06      4.70
     2.800     6.029E+05     2.456E+06      4.07
     2.900     5.108E+05     1.819E+06      3.56
     3.000     4.328E+05     1.356E+06      3.13
     3.100     3.667E+05     1.019E+06      2.78
     3.200     3.107E+05     7.700E+05      2.48
     3.300     2.632E+05     5.856E+05      2.22
     3.400     2.230E+05     4.480E+05      2.01
     3.500     1.890E+05     3.446E+05      1.82
 ==> Anisotropic terms may be large at shortest range;
 ==> Blind extrapolation of anisotropic terms is DANGEROUS;
 ==> Set up a more secure proportional extrapolation scheme.
 
 Set up smooth transition domains...
 Anisotropy fraction kept at shorter range     1.000
 Left  domain     3.000  ->      3.500
 Right domain    14.000  ->     15.000
 
 Initialization done.
 
 NLAM         120
 rcvd           1
 sent           1
 rcvd           2
 sent           2
 rcvd           3
 sent           3
 rcvd           4
 sent           4
 rcvd           5
 sent           5
 rcvd           6
 sent           6
 rcvd           7
 sent           7
 rcvd           8
 sent           8
 rcvd           9
 sent           9
 rcvd          10
 sent          10
 rcvd          11
 sent          11
 rcvd          12
 sent          12
 rcvd          13
 sent          13
 rcvd          14
 sent          14
 rcvd          15
 sent          15
 rcvd          16
 sent          16
 rcvd          17
 sent          17
 rcvd          18
 sent          18
 rcvd          19
 sent          19
 rcvd          20
 sent          20
 rcvd          21
 sent          21
 rcvd          22
 sent          22
 rcvd          23
 sent          23
 rcvd          24
 sent          24
 rcvd          25
 sent          25
 rcvd          26
 sent          26
 rcvd          27
 sent          27
 rcvd          28
 sent          28
 rcvd          29
 sent          29
 rcvd          30
 sent          30
 rcvd          31
 sent          31
 rcvd          32
 sent          32
 rcvd          33
 sent          33
 rcvd          34
 sent          34
 rcvd          35
 sent          35
 rcvd          36
 sent          36
 rcvd          37
 sent          37
 rcvd          38
 sent          38
 rcvd          39
 sent          39
 rcvd          40
 sent          40
 rcvd          41
 sent          41
 rcvd          42
 sent          42
 rcvd          43
 sent          43
 rcvd          44
 sent          44
 rcvd          45
 sent          45
 rcvd          46
 sent          46
 rcvd          47
 sent          47
 rcvd          48
 sent          48
 rcvd          49
 sent          49
 rcvd          50
 sent          50
 rcvd          51
 sent          51
 rcvd          52
 sent          52
 rcvd          53
 sent          53
 rcvd          54
 sent          54
 rcvd          55
 sent          55
 rcvd          56
 sent          56
 rcvd          57
 sent          57
 rcvd          58
 sent          58
 rcvd          59
 sent          59
 rcvd          60
 sent          60
 rcvd          61
 sent          61
 rcvd          62
 sent          62
 rcvd          63
 sent          63
 rcvd          64
 sent          64
 rcvd          65
 rcvd          66
 sent          65
 sent          66
 rcvd          67
 sent          67
 rcvd          68
 sent          68
 rcvd          69
 sent          69
 rcvd          70
 sent          70
 rcvd          71
 sent          71
 rcvd          72
 sent          72
 rcvd          73
 sent          73
 rcvd          74
 sent          74
 rcvd          75
 sent          75
 rcvd          76
 sent          76
 rcvd          77
 sent          77
 rcvd          78
 sent          78
 rcvd          79
 sent          79
 rcvd          80
 sent          80
 rcvd          81
 sent          81
 rcvd          82
 sent          82
 rcvd          83
 sent          83
 rcvd          84
 sent          84
 rcvd          85
 sent          85
 GAUSS-LEGENDRE GRID DONE
 GRID HAD BEEN STORED IN FILE
 NUMBER OF CPUS > SIZE OF Mij
 MATRIX_INI_STARTED
 MATRIX WILL BE COMPUTED USING V-GRID FILE
 VIJ_BUFFER_ALLOCATED
 BUFFER HAS BEEN READ FOR Ri =            1
 BUFFER OF VIJ SIZE=        40000
 BROADCASTING OF VIJ_BUFFER STARTED
 THE BUFFER HAS BEEN BROADCASTED
 BUFFER HAS BEEN READ FOR Ri =            2
 BUFFER OF VIJ SIZE=        40000
 BROADCASTING OF VIJ_BUFFER STARTED
 THE BUFFER HAS BEEN BROADCASTED
 BUFFER HAS BEEN READ FOR Ri =            3
 BUFFER OF VIJ SIZE=        40000
 BROADCASTING OF VIJ_BUFFER STARTED
 THE BUFFER HAS BEEN BROADCASTED
 BUFFER HAS BEEN READ FOR Ri =            4
 BUFFER OF VIJ SIZE=        40000
 BROADCASTING OF VIJ_BUFFER STARTED
 THE BUFFER HAS BEEN BROADCASTED
 BUFFER HAS BEEN READ FOR Ri =            5
 BUFFER OF VIJ SIZE=        40000
 BROADCASTING OF VIJ_BUFFER STARTED
 THE BUFFER HAS BEEN BROADCASTED
 BUFFER HAS BEEN READ FOR Ri =            6
 BUFFER OF VIJ SIZE=        40000
 BROADCASTING OF VIJ_BUFFER STARTED
 THE BUFFER HAS BEEN BROADCASTED
 BUFFER HAS BEEN READ FOR Ri =            7
 BUFFER OF VIJ SIZE=        40000
 BROADCASTING OF VIJ_BUFFER STARTED
 THE BUFFER HAS BEEN BROADCASTED
 BUFFER HAS BEEN READ FOR Ri =            8
 BUFFER OF VIJ SIZE=        40000
 BROADCASTING OF VIJ_BUFFER STARTED
 THE BUFFER HAS BEEN BROADCASTED
 BUFFER HAS BEEN READ FOR Ri =            9
 BUFFER OF VIJ SIZE=        40000
 BROADCASTING OF VIJ_BUFFER STARTED
 THE BUFFER HAS BEEN BROADCASTED
 BUFFER HAS BEEN READ FOR Ri =           10
 BUFFER OF VIJ SIZE=        40000
 BROADCASTING OF VIJ_BUFFER STARTED
 THE BUFFER HAS BEEN BROADCASTED
 BUFFER HAS BEEN READ FOR Ri =           11
 BUFFER OF VIJ SIZE=        40000
 BROADCASTING OF VIJ_BUFFER STARTED
 THE BUFFER HAS BEEN BROADCASTED
 BUFFER HAS BEEN READ FOR Ri =           12
 BUFFER OF VIJ SIZE=        40000
 BROADCASTING OF VIJ_BUFFER STARTED
 THE BUFFER HAS BEEN BROADCASTED
 BUFFER HAS BEEN READ FOR Ri =           13
 BUFFER OF VIJ SIZE=        40000
 BROADCASTING OF VIJ_BUFFER STARTED
 THE BUFFER HAS BEEN BROADCASTED
 BUFFER HAS BEEN READ FOR Ri =           14
 BUFFER OF VIJ SIZE=        40000
 BROADCASTING OF VIJ_BUFFER STARTED
 THE BUFFER HAS BEEN BROADCASTED
 BUFFER HAS BEEN READ FOR Ri =           15
 BUFFER OF VIJ SIZE=        40000
 BROADCASTING OF VIJ_BUFFER STARTED
 THE BUFFER HAS BEEN BROADCASTED
 BUFFER HAS BEEN READ FOR Ri =           16
 BUFFER OF VIJ SIZE=        40000
 BROADCASTING OF VIJ_BUFFER STARTED
 THE BUFFER HAS BEEN BROADCASTED
 BUFFER HAS BEEN READ FOR Ri =           17
 BUFFER OF VIJ SIZE=        40000
 BROADCASTING OF VIJ_BUFFER STARTED
 THE BUFFER HAS BEEN BROADCASTED
 BUFFER HAS BEEN READ FOR Ri =           18
 BUFFER OF VIJ SIZE=        40000
 BROADCASTING OF VIJ_BUFFER STARTED
 THE BUFFER HAS BEEN BROADCASTED
 BUFFER HAS BEEN READ FOR Ri =           19
 BUFFER OF VIJ SIZE=        40000
 BROADCASTING OF VIJ_BUFFER STARTED
 THE BUFFER HAS BEEN BROADCASTED
 BUFFER HAS BEEN READ FOR Ri =           20
 BUFFER OF VIJ SIZE=        40000
 BROADCASTING OF VIJ_BUFFER STARTED
 THE BUFFER HAS BEEN BROADCASTED
 BUFFER HAS BEEN READ FOR Ri =           21
 BUFFER OF VIJ SIZE=        40000
 BROADCASTING OF VIJ_BUFFER STARTED
 THE BUFFER HAS BEEN BROADCASTED
 BUFFER HAS BEEN READ FOR Ri =           22
 BUFFER OF VIJ SIZE=        40000
 BROADCASTING OF VIJ_BUFFER STARTED
 THE BUFFER HAS BEEN BROADCASTED
 BUFFER HAS BEEN READ FOR Ri =           23
 BUFFER OF VIJ SIZE=        40000
 BROADCASTING OF VIJ_BUFFER STARTED
 THE BUFFER HAS BEEN BROADCASTED
 BUFFER HAS BEEN READ FOR Ri =           24
 BUFFER OF VIJ SIZE=        40000
 BROADCASTING OF VIJ_BUFFER STARTED
 THE BUFFER HAS BEEN BROADCASTED
 BUFFER HAS BEEN READ FOR Ri =           25
 BUFFER OF VIJ SIZE=        40000
 BROADCASTING OF VIJ_BUFFER STARTED
 THE BUFFER HAS BEEN BROADCASTED
 BUFFER HAS BEEN READ FOR Ri =           26
 BUFFER OF VIJ SIZE=        40000
 BROADCASTING OF VIJ_BUFFER STARTED
 THE BUFFER HAS BEEN BROADCASTED
 BUFFER HAS BEEN READ FOR Ri =           27
 BUFFER OF VIJ SIZE=        40000
 BROADCASTING OF VIJ_BUFFER STARTED
 THE BUFFER HAS BEEN BROADCASTED
 BUFFER HAS BEEN READ FOR Ri =           28
 BUFFER OF VIJ SIZE=        40000
 BROADCASTING OF VIJ_BUFFER STARTED
 THE BUFFER HAS BEEN BROADCASTED
 BUFFER HAS BEEN READ FOR Ri =           29
 BUFFER OF VIJ SIZE=        40000
 BROADCASTING OF VIJ_BUFFER STARTED
 THE BUFFER HAS BEEN BROADCASTED
 BUFFER HAS BEEN READ FOR Ri =           30
 BUFFER OF VIJ SIZE=        40000
 BROADCASTING OF VIJ_BUFFER STARTED
 THE BUFFER HAS BEEN BROADCASTED
 BUFFER HAS BEEN READ FOR Ri =           31
 BUFFER OF VIJ SIZE=        40000
 BROADCASTING OF VIJ_BUFFER STARTED
 THE BUFFER HAS BEEN BROADCASTED
 BUFFER HAS BEEN READ FOR Ri =           32
 BUFFER OF VIJ SIZE=        40000
 BROADCASTING OF VIJ_BUFFER STARTED
 THE BUFFER HAS BEEN BROADCASTED
 BUFFER HAS BEEN READ FOR Ri =           33
 BUFFER OF VIJ SIZE=        40000
 BROADCASTING OF VIJ_BUFFER STARTED
 THE BUFFER HAS BEEN BROADCASTED
 BUFFER HAS BEEN READ FOR Ri =           34
 BUFFER OF VIJ SIZE=        40000
 BROADCASTING OF VIJ_BUFFER STARTED
 THE BUFFER HAS BEEN BROADCASTED
 BUFFER HAS BEEN READ FOR Ri =           35
 BUFFER OF VIJ SIZE=        40000
 BROADCASTING OF VIJ_BUFFER STARTED
 THE BUFFER HAS BEEN BROADCASTED
 BUFFER HAS BEEN READ FOR Ri =           36
 BUFFER OF VIJ SIZE=        40000
 BROADCASTING OF VIJ_BUFFER STARTED
 THE BUFFER HAS BEEN BROADCASTED
 BUFFER HAS BEEN READ FOR Ri =           37
 BUFFER OF VIJ SIZE=        40000
 BROADCASTING OF VIJ_BUFFER STARTED
 THE BUFFER HAS BEEN BROADCASTED
 BUFFER HAS BEEN READ FOR Ri =           38
 BUFFER OF VIJ SIZE=        40000
 BROADCASTING OF VIJ_BUFFER STARTED
 THE BUFFER HAS BEEN BROADCASTED
 BUFFER HAS BEEN READ FOR Ri =           39
 BUFFER OF VIJ SIZE=        40000
 BROADCASTING OF VIJ_BUFFER STARTED
 THE BUFFER HAS BEEN BROADCASTED
 BUFFER HAS BEEN READ FOR Ri =           40
 BUFFER OF VIJ SIZE=        40000
 BROADCASTING OF VIJ_BUFFER STARTED
 THE BUFFER HAS BEEN BROADCASTED
 BUFFER HAS BEEN READ FOR Ri =           41
 BUFFER OF VIJ SIZE=        40000
 BROADCASTING OF VIJ_BUFFER STARTED
 THE BUFFER HAS BEEN BROADCASTED
 BUFFER HAS BEEN READ FOR Ri =           42
 BUFFER OF VIJ SIZE=        40000
 BROADCASTING OF VIJ_BUFFER STARTED
 THE BUFFER HAS BEEN BROADCASTED
 BUFFER HAS BEEN READ FOR Ri =           43
 BUFFER OF VIJ SIZE=        40000
 BROADCASTING OF VIJ_BUFFER STARTED
 THE BUFFER HAS BEEN BROADCASTED
 BUFFER HAS BEEN READ FOR Ri =           44
 BUFFER OF VIJ SIZE=        40000
 BROADCASTING OF VIJ_BUFFER STARTED
 THE BUFFER HAS BEEN BROADCASTED
 BUFFER HAS BEEN READ FOR Ri =           45
 BUFFER OF VIJ SIZE=        40000
 BROADCASTING OF VIJ_BUFFER STARTED
 THE BUFFER HAS BEEN BROADCASTED
 BUFFER HAS BEEN READ FOR Ri =           46
 BUFFER OF VIJ SIZE=        40000
 BROADCASTING OF VIJ_BUFFER STARTED
 THE BUFFER HAS BEEN BROADCASTED
 BUFFER HAS BEEN READ FOR Ri =           47
 BUFFER OF VIJ SIZE=        40000
 BROADCASTING OF VIJ_BUFFER STARTED
 THE BUFFER HAS BEEN BROADCASTED
 BUFFER HAS BEEN READ FOR Ri =           48
 BUFFER OF VIJ SIZE=        40000
 BROADCASTING OF VIJ_BUFFER STARTED
 THE BUFFER HAS BEEN BROADCASTED
 BUFFER HAS BEEN READ FOR Ri =           49
 BUFFER OF VIJ SIZE=        40000
 BROADCASTING OF VIJ_BUFFER STARTED
 THE BUFFER HAS BEEN BROADCASTED
 BUFFER HAS BEEN READ FOR Ri =           50
 BUFFER OF VIJ SIZE=        40000
 BROADCASTING OF VIJ_BUFFER STARTED
 THE BUFFER HAS BEEN BROADCASTED
 BUFFER HAS BEEN READ FOR Ri =           51
 BUFFER OF VIJ SIZE=        40000
 BROADCASTING OF VIJ_BUFFER STARTED
 THE BUFFER HAS BEEN BROADCASTED
 BUFFER HAS BEEN READ FOR Ri =           52
 BUFFER OF VIJ SIZE=        40000
 BROADCASTING OF VIJ_BUFFER STARTED
 THE BUFFER HAS BEEN BROADCASTED
 BUFFER HAS BEEN READ FOR Ri =           53
 BUFFER OF VIJ SIZE=        40000
 BROADCASTING OF VIJ_BUFFER STARTED
 THE BUFFER HAS BEEN BROADCASTED
 BUFFER HAS BEEN READ FOR Ri =           54
 BUFFER OF VIJ SIZE=        40000
 BROADCASTING OF VIJ_BUFFER STARTED
 THE BUFFER HAS BEEN BROADCASTED
 BUFFER HAS BEEN READ FOR Ri =           55
 BUFFER OF VIJ SIZE=        40000
 BROADCASTING OF VIJ_BUFFER STARTED
 THE BUFFER HAS BEEN BROADCASTED
 BUFFER HAS BEEN READ FOR Ri =           56
 BUFFER OF VIJ SIZE=        40000
 BROADCASTING OF VIJ_BUFFER STARTED
 THE BUFFER HAS BEEN BROADCASTED
 BUFFER HAS BEEN READ FOR Ri =           57
 BUFFER OF VIJ SIZE=        40000
 BROADCASTING OF VIJ_BUFFER STARTED
 THE BUFFER HAS BEEN BROADCASTED
 BUFFER HAS BEEN READ FOR Ri =           58
 BUFFER OF VIJ SIZE=        40000
 BROADCASTING OF VIJ_BUFFER STARTED
 THE BUFFER HAS BEEN BROADCASTED
 BUFFER HAS BEEN READ FOR Ri =           59
 BUFFER OF VIJ SIZE=        40000
 BROADCASTING OF VIJ_BUFFER STARTED
 THE BUFFER HAS BEEN BROADCASTED
 BUFFER HAS BEEN READ FOR Ri =           60
 BUFFER OF VIJ SIZE=        40000
 BROADCASTING OF VIJ_BUFFER STARTED
 THE BUFFER HAS BEEN BROADCASTED
 BUFFER HAS BEEN READ FOR Ri =           61
 BUFFER OF VIJ SIZE=        40000
 BROADCASTING OF VIJ_BUFFER STARTED
 THE BUFFER HAS BEEN BROADCASTED
 BUFFER HAS BEEN READ FOR Ri =           62
 BUFFER OF VIJ SIZE=        40000
 BROADCASTING OF VIJ_BUFFER STARTED
 THE BUFFER HAS BEEN BROADCASTED
 BUFFER HAS BEEN READ FOR Ri =           63
 BUFFER OF VIJ SIZE=        40000
 BROADCASTING OF VIJ_BUFFER STARTED
 THE BUFFER HAS BEEN BROADCASTED
 BUFFER HAS BEEN READ FOR Ri =           64
 BUFFER OF VIJ SIZE=        40000
 BROADCASTING OF VIJ_BUFFER STARTED
 THE BUFFER HAS BEEN BROADCASTED
 BUFFER HAS BEEN READ FOR Ri =           65
 BUFFER OF VIJ SIZE=        40000
 BROADCASTING OF VIJ_BUFFER STARTED
 THE BUFFER HAS BEEN BROADCASTED
 BUFFER HAS BEEN READ FOR Ri =           66
 BUFFER OF VIJ SIZE=        40000
 BROADCASTING OF VIJ_BUFFER STARTED
 THE BUFFER HAS BEEN BROADCASTED
 BUFFER HAS BEEN READ FOR Ri =           67
 BUFFER OF VIJ SIZE=        40000
 BROADCASTING OF VIJ_BUFFER STARTED
 THE BUFFER HAS BEEN BROADCASTED
 BUFFER HAS BEEN READ FOR Ri =           68
 BUFFER OF VIJ SIZE=        40000
 BROADCASTING OF VIJ_BUFFER STARTED
 THE BUFFER HAS BEEN BROADCASTED
 BUFFER HAS BEEN READ FOR Ri =           69
 BUFFER OF VIJ SIZE=        40000
 BROADCASTING OF VIJ_BUFFER STARTED
 THE BUFFER HAS BEEN BROADCASTED
 BUFFER HAS BEEN READ FOR Ri =           70
 BUFFER OF VIJ SIZE=        40000
 BROADCASTING OF VIJ_BUFFER STARTED
 THE BUFFER HAS BEEN BROADCASTED
 BUFFER HAS BEEN READ FOR Ri =           71
 BUFFER OF VIJ SIZE=        40000
 BROADCASTING OF VIJ_BUFFER STARTED
 THE BUFFER HAS BEEN BROADCASTED
 BUFFER HAS BEEN READ FOR Ri =           72
 BUFFER OF VIJ SIZE=        40000
 BROADCASTING OF VIJ_BUFFER STARTED
 THE BUFFER HAS BEEN BROADCASTED
 BUFFER HAS BEEN READ FOR Ri =           73
 BUFFER OF VIJ SIZE=        40000
 BROADCASTING OF VIJ_BUFFER STARTED
 THE BUFFER HAS BEEN BROADCASTED
 BUFFER HAS BEEN READ FOR Ri =           74
 BUFFER OF VIJ SIZE=        40000
 BROADCASTING OF VIJ_BUFFER STARTED
 THE BUFFER HAS BEEN BROADCASTED
 BUFFER HAS BEEN READ FOR Ri =           75
 BUFFER OF VIJ SIZE=        40000
 BROADCASTING OF VIJ_BUFFER STARTED
 THE BUFFER HAS BEEN BROADCASTED
 BUFFER HAS BEEN READ FOR Ri =           76
 BUFFER OF VIJ SIZE=        40000
 BROADCASTING OF VIJ_BUFFER STARTED
 THE BUFFER HAS BEEN BROADCASTED
 BUFFER HAS BEEN READ FOR Ri =           77
 BUFFER OF VIJ SIZE=        40000
 BROADCASTING OF VIJ_BUFFER STARTED
 THE BUFFER HAS BEEN BROADCASTED
 BUFFER HAS BEEN READ FOR Ri =           78
 BUFFER OF VIJ SIZE=        40000
 BROADCASTING OF VIJ_BUFFER STARTED
 THE BUFFER HAS BEEN BROADCASTED
 BUFFER HAS BEEN READ FOR Ri =           79
 BUFFER OF VIJ SIZE=        40000
 BROADCASTING OF VIJ_BUFFER STARTED
 THE BUFFER HAS BEEN BROADCASTED
 BUFFER HAS BEEN READ FOR Ri =           80
 BUFFER OF VIJ SIZE=        40000
 BROADCASTING OF VIJ_BUFFER STARTED
 THE BUFFER HAS BEEN BROADCASTED
 BUFFER HAS BEEN READ FOR Ri =           81
 BUFFER OF VIJ SIZE=        40000
 BROADCASTING OF VIJ_BUFFER STARTED
 THE BUFFER HAS BEEN BROADCASTED
 BUFFER HAS BEEN READ FOR Ri =           82
 BUFFER OF VIJ SIZE=        40000
 BROADCASTING OF VIJ_BUFFER STARTED
 THE BUFFER HAS BEEN BROADCASTED
 BUFFER HAS BEEN READ FOR Ri =           83
 BUFFER OF VIJ SIZE=        40000
 BROADCASTING OF VIJ_BUFFER STARTED
 THE BUFFER HAS BEEN BROADCASTED
 BUFFER HAS BEEN READ FOR Ri =           84
 BUFFER OF VIJ SIZE=        40000
 BROADCASTING OF VIJ_BUFFER STARTED
 THE BUFFER HAS BEEN BROADCASTED
 BUFFER HAS BEEN READ FOR Ri =           85
 BUFFER OF VIJ SIZE=        40000
 BROADCASTING OF VIJ_BUFFER STARTED
 THE BUFFER HAS BEEN BROADCASTED
 BUFFER HAS BEEN READ FOR Ri =           86
 BUFFER OF VIJ SIZE=        40000
 BROADCASTING OF VIJ_BUFFER STARTED
 THE BUFFER HAS BEEN BROADCASTED
Truncation #1 at #R = 11, R = 6.029, and #2 at #R = 19, R = 8.053
 COMPUTING THE RESIDUE OF Mij
 SPLINING RESIDUE OF Mij
 SYSTEM_SETUP_DONE
MATRIX HAS BEEN SAVED INTO THE FILE  "   MTRX.DAT "
TIME SPENT ON MATRIX Mij READING/COMPUTING/SAVING ON DISK ,s       0.1
        TIME SPENT ON MATRIX Mij SAVING ON DISK ,s       0.0
 ALL WORK ON MATRIX IS DONE
--------------------------------------------------------------------------
mpirun has exited due to process rank 87 with PID 1631627 on
node raj-cn20 exiting improperly. There are three reasons this could occur:

1. this process did not call "init" before exiting, but others in
the job did. This can cause a job to hang indefinitely while it waits
for all processes to call "init". By rule, if one process calls "init",
then ALL processes must call "init" prior to termination.

2. this process called "init", but exited without calling "finalize".
By rule, all processes that call "init" MUST call "finalize" prior to
exiting or it will be considered an "abnormal termination"

3. this process called "MPI_Abort" or "orte_abort" and the mca parameter
orte_create_session_dirs is set to false. In this case, the run-time cannot
detect that the abort call was an abnormal termination. Hence, the only
error message you will receive is this one.

This may have caused other processes in the application to be
terminated by signals sent by mpirun (as reported here).

You can avoid this message by specifying -quiet on the mpirun command line.
--------------------------------------------------------------------------

real	3m35.161s
user	3m31.982s
sys	0m1.114s
